Origin,5025,5026,5027,5028,5029,5030,5031,5032,5033,5034,5035,5036,5037,5038,5039,5040,5041,5042,5043,5044,5045,5046,5047,5048,5049,5050,5051,5052,5053,5054,5055,5056,5057,5058,5059,5060,5061,5062,5063,5064,5065,5066,5067,5068,5069,5070,5071,5072,5073,5074,5075,5076,5077,5078,5079,5080,5081,5082,5083,5084,5085,5086,5087,5088,5089,5090,5091,5092,5093,5094,5095,5096,5097,5098,5099,5100,5101,5102,5103,5104,5105,5106,5107,5108,5109,5110,5111,5112,5113,5114,5115,5116,5117,5118,5119,5120,5121,5122,5123,5124,5125,5126,5127,5128,5129,5130,5131,5132,5133,5134,5135,5137,5138,5139,5140,5141,5142,5143,5144,5145,5146,5147,5148,5149,5150,5151,5152,5153,5154,5155,5156,5157,5158,5159,5160,5161,5162,5163,5164,5165,5166,5167,5168,5169,5170,5171,5172,5173,5174,5175,5176,5177,5178,5179,5180,5181,5182,5183,5184,5185,5186,5187,5188,5189,5190,5191,5192,5193,5194,5195,5196,5197,5198,5199,5200,5201,5202,5203,5204,5205,5206,5207,5208,5209,5210,5211,5212,5213,5214,5215,5216,5217,5218,5219,5220,5221,5222,5223,5224,5225,5226,5227,5228,5229,5230,5231,5232,5233,5234,5235,5236,5237,5238,5239,5240,5241,5242,5243,5244,5245,5246,5247,5248,5249,5250,5251,5252,5253,5254,5255,5256,5257,5258,5259,5260,5261,5262,5263,5264,5265,5266,5267,5268,5269,5270,5271,5272,5273,5274,5275,5276,5277,5278,5279,5280,5281,5282,5283,5284,5285,5286,5287,5288,5334,5335,5336,5337,5338,5339,5340,5341,5342,5343,5344,5345,5346,5347,5348,5349,5350,5351,5352,5353,5354,5355,5356,5357,5358,5359,5360,5361,5362,5363,5364,5365,5366,5367,5368,5369,5370,5371,5372,5373,5374,5375,5376,5377,5378,5379,5380,5381,5382,5383,5384,5385,5386,5387,5388,5389,5390,5391,5392,5393,5394,5395,5396,5397,5398,5399,5400,5401,5402,5403,5404,5405,5406,5407,5408,5409,5410,5411,5412,5413,5414,5415,5416,5417,6001,6002,6003,6004,6005,6006,6007,6008,6009,6010,6011,6012,6013,6014,6015,6016,6017,6018,6019,6020,6021,6022,6023,6024,6025,6026,6027,6028,6029
5025,195.45492553710938,104.48258972167969,1.3372952938079834,2.0426218509674072,4.5851359367370605,2.066728115081787,5.672745227813721,0.0,5.39874267578125,6.144683361053467,1.5716443061828613,2.2613534927368164,8.114848136901855,0.0,0.0,0.6056395173072815,0.0,0.0,0.0,0.0,0.0,0.0,0.0,1.337996244430542,0.4800916612148285,2.1604976654052734,0.3565105199813843,1.337996244430542,0.0,0.0,0.0,0.0,0.0,0.0,0.0,8.250072479248047,0.0,0.0,0.0,22.4985408782959,1.5466049909591675,3.0839390754699707,0.0,21.704538345336914,0.6150670051574707,6.005603313446045,25.271419525146484,2.1393823623657227,3.3059422969818115,34.789459228515625,12.696420669555664,84.55425262451172,25.061845779418945,0.44606536626815796,2.0478129386901855,2.9419493675231934,0.0,22.671977996826172,17.943758010864258,2.742962121963501,6.076427936553955,4.615569114685059,0.0,10.427217483520508,1.8861252069473267,1.7813987731933594,6.630971431732178,17.50290870666504,0.0,4.136983394622803,0.9069077968597412,0.39361315965652466,8.893960952758789,0.0,0.0,1.510339617729187,0.0,0.0,1.426729440689087,0.0,0.0,0.0,0.0,0.3618655502796173,0.0,0.0,0.0,0.0,2.1013245582580566,0.0,0.0,0.539866030216217,0.0,0.0,0.0,0.0,0.0,0.10218991339206696,0.0,0.0,0.0,0.0,0.0,0.0,1.1100021600723267,1.2514556646347046,0.6050981879234314,0.7648358345031738,10.715173721313477,0.0,0.0,0.6462343335151672,0.0,0.0,0.0,0.0,0.0,0.0,0.0,0.0,0.2643333673477173,0.0,0.0,0.0,0.0,0.0,0.0,0.0,0.0,0.0,0.0,0.0,0.0,0.0,0.0,0.0,0.0,0.0,0.1373375952243805,0.0,0.0,0.0,0.0,0.0,0.0,0.0,0.0,0.0,0.5440739989280701,0.0,0.0,0.0,0.0,0.0,0.0,0.0,0.0,0.0,0.0,0.0,0.0,0.0,0.0,0.0,0.0,0.0,0.0,0.0,0.0,0.0,0.0,0.0,0.0,0.0,0.0,0.0,0.0,0.0,0.0,0.0,0.0,0.0,0.0,0.0,0.0,0.0,0.0,0.0,1.8734562397003174,0.0,0.0,0.0,0.0,0.2919543981552124,0.0,1.2567254304885864,0.0,0.28536176681518555,0.0,0.0,0.0,0.0,0.0,0.0,0.0,0.0,0.0,0.0,1.5032216310501099,0.0,0.0,0.0,0.0,0.0,0.0,0.0,2.993082046508789,0.0,0.0,0.0,0.0,0.0,0.0,0.0,0.0,0.0,0.0,0.0,0.0,0.0,0.0,0.0,0.0,0.0,0.0,0.05142078921198845,0.0,0.0,0.0,0.0,0.0,0.0,0.0,0.0,0.0,0.0,0.0,0.0,0.0,1.0510170459747314,0.0,0.0,0.0,0.0,66.88711547851562,0.0,0.0,0.0,0.8541211485862732,0.0,0.0,0.0,0.0,0.0,0.0,0.0,0.0,0.0,0.0,0.0,0.0,0.0,0.0,0.0,0.0,0.0,0.0,0.0,0.0,0.0,0.0,0.0,0.0,0.0,0.0,0.0,0.0,0.0,0.0,0.0,0.0,0.0,0.0,0.0,0.0,0.0,0.0,0.0,0.0,0.0,0.0,0.0,0.0,0.0,0.0,0.0,0.0,0.0,0.0,0.0,0.0,0.0,0.0,0.0,0.0,0.0,0.0,0.0,0.0,0.0,0.0,0.0,0.0,0.0,0.0,0.0,0.0,0.0,0.0,0.0,0.0,0.0,0.0,0.0,0.0,0.0,0.0,0.0,0.0,0.0,0.0,0.0,0.0,0.0,0.0,0.0,0.0,0.0,0.0,0.0,0.0,0.0,0.0,0.0,0.0,0.0,0.0,0.0,0.0,0.0,0.0,0.0,0.0,0.0,0.0,0.0,0.0,0.0,0.0,0.0,0.0,0.0,0.0,0.0,0.0,0.0
5026,104.48258972167969,288.165283203125,0.3484276831150055,2.431338310241699,0.8787750601768494,1.5784435272216797,10.417296409606934,3.296220541000366,8.833211898803711,2.6206164360046387,3.296220541000366,1.468450903892517,3.7708115577697754,0.0,0.0,0.23017020523548126,0.0,0.0,0.0,0.0,0.3279256224632263,0.0,0.0,0.15045851469039917,0.3279256224632263,0.48611414432525635,0.3279256224632263,0.15045851469039917,0.0,0.0,0.0,0.0,0.0,0.0,0.0,2.5469870567321777,0.0,0.0,0.0,16.53923797607422,1.2741291522979736,4.531435966491699,0.0,23.14931869506836,1.4744198322296143,18.51320457458496,86.22791290283203,2.9601495265960693,3.346804618835449,25.0538387298584,12.68910026550293,92.2114486694336,17.481197357177734,2.0115578174591064,6.654060363769531,8.961878776550293,0.0,72.52545166015625,38.801856994628906,14.087455749511719,17.217212677001953,23.699289321899414,0.0,11.942435264587402,3.0028984546661377,6.7265214920043945,24.132158279418945,25.91286849975586,0.0,20.298782348632812,3.036306142807007,1.317807674407959,3.036306142807007,0.0,0.0,2.2441508769989014,0.0,0.0,2.0538344383239746,0.0,0.0,0.0,0.2998850345611572,0.2998850345611572,0.0,0.0,0.0,0.0,3.0249414443969727,0.0,0.0,1.2175383567810059,0.0,0.0,0.0,0.0,0.0,0.12612389028072357,0.0,0.0,0.0,0.0,0.0,0.0,1.1636592149734497,1.801520824432373,0.5014566779136658,0.6338344216346741,13.084293365478516,0.0,0.0,1.0578759908676147,0.0,0.0,0.0,0.0,0.0,0.0,0.0,0.0,0.05711781978607178,0.0,0.0,0.0,0.0,0.0,0.0,0.0,0.0,0.0,0.0,0.0,0.0,0.0,0.0,0.0,0.0,0.0,0.01354425773024559,0.0,0.0,0.0,0.0,0.0,0.0,0.0,0.0,0.0,0.07154405862092972,0.0,0.0,0.0,0.0,0.0,0.0,0.0,0.0,0.0,0.0,0.0,0.0,0.0,0.0,0.0,0.0,0.0,0.0,0.0,0.0,0.0,0.0,0.0,0.0,0.0,0.0,0.0,0.0,0.0,0.0,0.0,0.0,0.0,0.0,0.0,0.0,0.0,0.0,0.0,5.415257930755615,0.0,0.0,0.0,0.0,0.0,0.0,0.3918519914150238,0.0,0.0,0.0,0.0,0.0,0.0,0.0,0.0,0.0,0.0,0.0,0.0,0.46871045231819153,0.0,0.0,0.0,0.0,0.0,0.0,0.0,0.9332548379898071,0.0,0.0,0.0,0.0,0.0,0.0,0.0,0.0,0.0,0.0,0.0,0.0,0.0,0.0,0.0,0.0,0.0,0.0,0.0,0.0,0.0,0.0,0.0,0.0,0.0,0.0,0.0,0.0,0.0,0.0,0.0,0.0,0.1668597012758255,0.0,0.0,0.0,0.0,129.3327178955078,0.0,0.0,0.0,0.8857269287109375,0.0,0.0,0.0,0.0,0.0,0.0,0.0,0.0,0.0,0.0,0.0,0.0,0.0,0.0,0.0,0.0,0.0,0.0,0.0,0.0,0.0,0.0,0.0,0.0,0.0,0.0,0.0,0.0,0.0,0.0,0.0,0.0,0.0,0.0,0.0,0.0,0.0,0.0,0.0,0.0,0.0,0.0,0.0,0.0,0.0,0.0,0.0,0.0,0.0,0.0,0.0,0.0,0.0,0.0,0.0,0.0,0.0,0.0,0.0,0.0,0.0,0.0,0.0,0.0,0.0,0.0,0.0,0.0,0.0,0.0,0.0,0.0,0.0,0.0,0.0,0.0,0.0,0.0,0.0,0.0,0.0,0.0,0.0,0.0,0.0,0.0,0.0,0.0,0.0,0.0,0.0,0.0,0.0,0.0,0.0,0.0,0.0,0.0,0.0,0.0,0.0,0.0,0.0,0.0,0.0,0.0,0.0,0.0,0.0,0.0,0.0,0.0,0.0,0.0,0.0,0.0,0.0
5027,1.3372952938079834,0.3484276831150055,3.268203020095825,0.29200440645217896,4.128664016723633,4.558894634246826,1.1054606437683105,1.715265154838562,4.128664016723633,28.81867027282715,4.545322895050049,5.583726406097412,21.37761116027832,0.0,0.24984046816825867,1.3451389074325562,0.0,0.0,0.0,0.0,1.0499916076660156,1.0499916076660156,0.0,12.665628433227539,0.857632577419281,15.612044334411621,3.257459878921509,8.257328033447266,0.0,4.563386917114258,0.0,1.7209219932556152,0.0,0.0,0.0,1.6745761632919312,0.0,0.0,0.0,4.681072235107422,3.6773598194122314,11.428729057312012,0.0,26.249595642089844,0.45690277218818665,0.0,0.0,0.6760913729667664,0.0,15.379596710205078,5.702484607696533,5.996298789978027,9.692989349365234,0.0,0.0,0.0,0.0,0.0,0.0,0.0,0.0,0.0,0.0,0.6940313577651978,0.2786337733268738,0.0,1.0544915199279785,0.7082927227020264,0.0,2.168506622314453,0.09994307905435562,0.136090949177742,0.09994307905435562,0.0,0.0,0.7050505876541138,0.0,0.0,0.46450433135032654,0.0,0.0,0.0,0.0,0.0,0.0,0.0,0.0,0.0,0.10302076488733292,0.0,0.2734801173210144,3.8452963829040527,0.8302409648895264,0.07377063482999802,0.702725350856781,0.0,0.45946234464645386,3.3662898540496826,0.7334640026092529,0.35359328985214233,4.553666114807129,0.0,0.0,0.0,0.19730041921138763,0.1150251179933548,0.07233556360006332,0.6954677104949951,3.735982894897461,0.0,0.0,0.3180910646915436,0.0,0.0,0.5665199160575867,0.6849316358566284,0.0,0.0,0.47942206263542175,0.0,3.0633156299591064,1.020300269126892,2.1829917430877686,0.5784299373626709,0.3943723142147064,0.744890570640564,0.0,0.0,0.0,0.0,4.5474653244018555,1.6350558996200562,0.0,0.0,0.0,0.0,0.0,1.090179204940796,3.898529291152954,13.652287483215332,1.3777191638946533,1.4085701704025269,0.0,3.0681443214416504,0.22269554436206818,8.002766609191895,2.870465040206909,2.9980547428131104,12.509428024291992,0.7374677658081055,0.0,0.0,4.691844463348389,0.0,0.0,2.374523639678955,0.0,3.1000800132751465,0.0,0.0,0.7121745347976685,0.0,0.24426813423633575,0.0,2.0886588096618652,0.0,0.0,1.91484797000885,0.0,0.0,0.0,0.0,0.0,22.520397186279297,0.0,2.2617478370666504,0.0,0.0,0.5156942009925842,0.0,0.0,0.0,2.620269536972046,0.0,3.0721802711486816,0.0,0.0,0.4302304983139038,0.32318252325057983,0.0,0.0,0.0,0.46841108798980713,0.3903111517429352,0.0,0.0,0.0,0.4531010687351227,0.10388007760047913,0.16501042246818542,0.4519108533859253,0.0,0.0,0.0,0.0,0.0,0.0,0.0,0.0,0.0,0.0,0.0,0.0,0.0,0.0,0.0,0.0,0.0,0.0,0.0,0.0,0.0,0.0,0.0,0.0,0.0,0.0,0.0,0.0,0.0,0.0,0.0,0.0,0.0,0.0,1.471898078918457,0.0,0.0,0.0,0.0,0.0,0.0,0.47404396533966064,0.4519108533859253,0.0,0.0,0.0,0.0,0.0,2.4913647174835205,0.0,2.1354596614837646,0.0,0.0,2.6747543811798096,0.0,0.4519108533859253,0.0,2.0643320083618164,0.0,0.0,0.0,0.06467976421117783,0.0,0.0,0.0,0.0,0.0,0.0,0.0,0.0,0.0,0.0,0.0,0.0,0.0,0.0,0.0,0.0,0.0,0.0,0.0,0.0,0.0,0.0,0.0,0.0,0.0,0.0,0.0,0.0,0.0,0.0,0.0,0.0,0.0,0.0,0.0,0.0,0.0,0.0,0.0,0.0,0.0,0.0,0.0,0.0,0.0,0.0,0.0,0.0,0.0,0.0,0.0,0.0,0.0,0.0,0.0,0.0,0.0,0.0,0.0,0.0,0.0,0.0,0.0,0.0,0.0,0.0,0.0,0.0,0.0,0.0,0.0,0.0,0.0,0.0,0.0,0.0,0.0,0.0,0.0,0.0,0.0,0.0,0.0,0.0,0.0,0.0,0.0,0.0,0.0,0.0,0.0,0.0,0.0,0.0,0.0,0.0,0.0,0.0,0.0,0.0,0.0,0.0,0.0,0.0,0.0,0.0,0.0,0.0,0.0,0.0,0.0,0.0,0.0
5028,2.0426218509674072,2.431338310241699,0.29200440645217896,3.268203020095825,9.082381248474121,6.521936416625977,9.702730178833008,1.4849014282226562,6.434527397155762,11.591620445251465,4.128664016723633,5.769448757171631,20.09477996826172,0.0,0.8604609966278076,0.998973548412323,0.0,0.0,0.0,0.0,0.7599120140075684,0.8813691139221191,0.0,2.981840133666992,1.456211805343628,11.324283599853516,5.5309834480285645,4.455592632293701,0.0,0.07681974023580551,0.0,0.09466657787561417,0.0,0.0,0.0,6.237121105194092,0.0,0.0,0.0,3.1728646755218506,2.463808536529541,6.071665287017822,0.0,22.328136444091797,2.503326177597046,0.0,0.0,2.3326351642608643,0.0,28.157588958740234,7.59703254699707,9.410674095153809,5.618719577789307,0.0,0.0,0.0,0.0,0.0,0.0,0.0,0.0,0.0,0.0,2.1304216384887695,0.4064789116382599,0.0,1.67018461227417,1.2410550117492676,0.0,2.448150396347046,0.3813817799091339,0.5596538186073303,0.4110010862350464,0.0,0.0,0.3030688166618347,0.0,0.0,0.22879213094711304,3.6861753463745117,2.4469096660614014,0.0,0.0,0.06581560522317886,0.0,0.0,0.0,0.0,0.12981341779232025,0.0,0.2051066756248474,28.700645446777344,0.3632122874259949,0.138337180018425,6.095555782318115,0.0,3.9034337997436523,39.22230911254883,6.074815273284912,2.563908100128174,1.1462128162384033,0.0,0.0,0.0,0.10486628860235214,0.14083075523376465,0.029209211468696594,1.9036941528320312,6.9897308349609375,0.0,0.0,2.91658616065979,0.0,0.0,1.2118881940841675,3.337989330291748,0.0,0.0,6.602384090423584,0.0,16.7738094329834,4.164697170257568,10.236294746398926,2.3291189670562744,1.6962391138076782,4.106715202331543,0.0,0.0,0.0,0.0,0.6577578186988831,0.28430885076522827,0.0,0.0,0.0,0.0,0.0,0.24242505431175232,0.26724499464035034,2.6969358921051025,0.17915940284729004,0.11770787090063095,0.0,0.6291745901107788,0.370651513338089,3.175248384475708,0.8396663665771484,0.6489560604095459,4.535503387451172,0.29705941677093506,0.0,0.0,1.4085195064544678,0.0,0.0,0.33068153262138367,0.0,0.3781055808067322,0.0,0.0,0.08079355955123901,0.0,0.0,0.0,0.1238972619175911,0.0,0.0,0.25388726592063904,0.0,0.0,0.0,0.0,0.0,1.3037793636322021,0.0,0.1726086437702179,0.0,0.0,0.026901308447122574,0.0,0.0,0.0,1.0254888534545898,0.0,1.0254888534545898,0.0,0.0,1.6636192798614502,5.2209625244140625,0.0,0.0,0.0,0.16455040872097015,3.713467836380005,0.0,4.7479777336120605,0.0,3.993969202041626,1.0831605195999146,0.6200039982795715,0.4254288673400879,0.0,0.0,0.0,0.0,0.0,0.0,0.0,0.20323362946510315,0.0,0.0,0.0,0.0,0.0,0.0,0.0,0.08834187686443329,0.0,0.0,0.0,0.0,0.0,0.0,0.0,0.0,0.0,0.0,0.0,0.0,0.0,0.0,0.0,0.0,0.0,0.0,1.0796124935150146,0.0,0.0,0.0,0.34268683195114136,0.0,0.0,0.16652920842170715,0.15875396132469177,0.0,0.0,0.0,0.0,1.7891786098480225,3.325284242630005,0.5087149739265442,3.021399736404419,0.0,0.049633730202913284,5.67894983291626,0.0,0.15875396132469177,0.0,1.3693890571594238,0.0,0.0,0.0,0.03391356021165848,0.0,0.0,0.0,0.0,0.0,0.0,0.0,0.0,0.0,0.0,0.0,0.0,0.0,0.0,0.0,0.0,0.0,0.0,0.0,0.0,0.0,0.0,0.0,0.0,0.0,0.0,0.0,0.0,0.0,0.0,0.0,0.0,0.0,0.0,0.0,0.0,0.0,0.0,0.0,0.0,0.0,0.0,0.0,0.0,0.0,0.0,0.0,0.0,0.0,0.0,0.0,0.0,0.0,0.0,0.0,0.0,0.0,0.0,0.0,0.0,0.0,0.0,0.0,0.0,0.0,0.0,0.0,0.0,0.0,0.0,0.0,0.0,0.0,0.0,0.0,0.0,0.0,0.0,0.0,0.0,0.0,0.0,0.0,0.0,0.0,0.0,0.0,0.0,0.0,0.0,0.0,0.0,0.0,0.0,0.0,0.0,0.0,0.0,0.0,0.0,0.0,0.0,0.0,0.0,0.0,0.0,0.0,0.0,0.0,0.0,0.0,0.0,0.0
5029,4.5851359367370605,0.8787750601768494,4.128664016723633,9.082381248474121,19.680980682373047,22.088722229003906,32.626220703125,5.040637969970703,28.01445770263672,33.170013427734375,11.030741691589355,8.11956787109375,29.106298446655273,0.3217236399650574,4.871496677398682,3.9220688343048096,0.5197482705116272,0.5452377796173096,0.8604609966278076,0.0,1.408913254737854,0.9850155115127563,0.0,3.815181016921997,2.3344802856445312,18.083515167236328,9.058208465576172,10.183899879455566,0.0,2.0627224445343018,0.0,1.9819798469543457,0.0,0.0,0.0,8.704785346984863,0.0,0.0,0.0,5.007117748260498,4.1820902824401855,10.367598533630371,0.0,49.95363235473633,2.765665054321289,0.0,0.0,3.1298484802246094,0.9351083040237427,41.0814094543457,11.432822227478027,13.868084907531738,8.402400016784668,0.0,0.5354605317115784,0.0,0.0,2.3328332901000977,1.033324122428894,0.29029130935668945,0.0,0.48556119203567505,0.0,1.249170184135437,2.129876136779785,0.6542714834213257,2.2137603759765625,1.5786652565002441,0.0,3.2535345554351807,2.765665054321289,3.765963554382324,2.765665054321289,0.0,0.0,3.10223388671875,0.0,0.0,1.7364580631256104,8.857423782348633,3.989572048187256,0.0,0.4794188439846039,0.29136791825294495,0.0,0.0,0.0,0.03566064313054085,0.5055446624755859,0.0,0.4452100396156311,75.12245178222656,3.0991051197052,0.2663664221763611,1.63836669921875,0.0,2.395059585571289,17.87757682800293,6.860911846160889,1.6330029964447021,41.123355865478516,0.2896789312362671,0.0,0.0,0.8515180945396423,0.728400707244873,0.36708393692970276,3.6518352031707764,19.229736328125,0.0,0.0,1.6634687185287476,0.0,0.0,2.217410087585449,2.6737539768218994,0.013279791921377182,0.06107231602072716,2.823282480239868,0.0,13.716941833496094,3.2397515773773193,7.961382865905762,1.3172823190689087,1.5591627359390259,3.302372932434082,0.0,0.0,0.0,0.0,7.445646286010742,2.7121102809906006,0.0,0.0,0.0,0.0,0.0,0.9195776581764221,1.5210120677947998,13.04998779296875,0.5915467143058777,1.271144151687622,0.0,1.7923369407653809,0.18092939257621765,4.3176493644714355,1.869249701499939,0.7783116102218628,5.375446796417236,0.5354769825935364,0.0,0.0,2.821202278137207,0.0,0.0,1.215805172920227,0.0,3.9420557022094727,0.0,0.0,0.8942694067955017,0.0,0.2022060751914978,0.0,1.4381263256072998,0.0,0.0,2.0562267303466797,0.0,0.0,0.0,0.0,0.0,7.873231887817383,0.0,2.4238736629486084,0.0,0.0,0.5406951904296875,0.0,0.0,0.0,5.947505950927734,0.4519108533859253,5.947505950927734,0.0,0.0,3.47060489654541,4.857353687286377,0.0,0.0,0.0,0.9368221759796143,2.984201431274414,0.0,3.4876487255096436,0.0,2.5951926708221436,0.7361247539520264,1.0502960681915283,1.1400582790374756,0.0,0.0,0.0,0.0,0.0,0.0,0.0,0.3593313992023468,0.0,0.0,0.0,0.07518724352121353,0.0,0.0,0.0,0.28798526525497437,0.0,0.0,0.0,0.0,0.0,0.0,0.0,0.0,0.0,0.0,0.0,0.0,0.0,0.588056206703186,0.0,0.0,0.0,0.0,4.017337322235107,0.0,0.0,0.0,3.537334680557251,0.0,0.0,0.9786903262138367,1.9051551818847656,0.0,0.0,0.0,0.0,8.491546630859375,29.57155990600586,2.991640329360962,25.413660049438477,0.0,0.05958254262804985,1.653364658355713,0.0,0.8742501139640808,0.39971235394477844,9.702730178833008,0.0,0.0,0.0,0.2830006778240204,0.0,0.0,0.0,0.0,0.0,0.0,0.0,0.0,0.0,0.0,0.0,0.0,0.0,0.0,0.0,0.0,0.0,0.0,0.0,0.0,0.0,0.0,0.0,0.0,0.0,0.0,0.0,0.0,0.0,0.0,0.0,0.0,0.0,0.0,0.0,0.0,0.0,0.0,0.0,0.0,0.0,0.0,0.0,0.0,0.0,0.0,0.0,0.0,0.0,0.0,0.0,0.0,0.0,0.0,0.0,0.0,0.0,0.0,0.0,0.0,0.0,0.0,0.0,0.0,0.0,0.0,0.0,0.0,0.0,0.0,0.0,0.0,0.0,0.0,0.0,0.0,0.0,0.0,0.0,0.0,0.0,0.0,0.0,0.0,0.0,0.0,0.0,0.0,0.0,0.0,0.0,0.0,0.0,0.0,0.0,0.0,0.0,0.0,0.0,0.0,0.0,0.0,0.0,0.0,0.0,0.0,0.0,0.0,0.0,0.0,0.0,0.0,0.0
5030,2.066728115081787,1.5784435272216797,4.558894634246826,6.521936416625977,22.088722229003906,23.80964469909668,11.017714500427246,4.989124774932861,18.820518493652344,34.702816009521484,11.966058731079102,9.225969314575195,32.46318435668945,0.747068464756012,2.5813450813293457,3.0689644813537598,0.13050229847431183,0.06674661487340927,0.1761062741279602,0.0,1.3125319480895996,1.387188196182251,0.0,6.414341926574707,2.7870330810546875,17.863073348999023,9.418965339660645,11.525530815124512,0.0,2.443504571914673,0.0,2.241227149963379,0.0,0.0,0.0,9.359610557556152,0.0,0.0,0.0,6.360103607177734,5.270399570465088,12.524129867553711,0.0,59.2816276550293,3.087388753890991,0.0,0.0,3.377152442932129,1.4065470695495605,49.64422607421875,14.42048454284668,28.911340713500977,9.626771926879883,0.0,0.058677297085523605,0.07158715277910233,0.0,2.8409032821655273,1.033324122428894,0.31676581501960754,0.0,0.7183218598365784,0.0,1.5955688953399658,0.3613455891609192,0.5700952410697937,1.9625276327133179,1.257218360900879,0.0,2.2242088317871094,0.28248485922813416,0.38465529680252075,0.28248485922813416,0.0,0.0,2.3380634784698486,0.0,0.0,3.671876907348633,13.622101783752441,6.974338531494141,0.0,1.0738035440444946,0.7078311443328857,0.0,0.0,0.0,0.03566064313054085,0.6337824463844299,0.0,1.4450962543487549,10.750164985656738,4.937903881072998,0.292992502450943,1.7390903234481812,0.0,2.51961612701416,19.65564727783203,4.079404830932617,1.9228941202163696,33.00222396850586,0.20621317625045776,0.0,0.0,0.4389192759990692,0.6163870096206665,0.19402268528938293,3.105841875076294,15.222997665405273,0.0,0.0,1.7852015495300293,0.0,0.0,2.423638105392456,2.910902500152588,0.028032368049025536,0.1817176640033722,3.3608100414276123,0.0,19.010229110717773,4.472443580627441,8.943263053894043,2.0099523067474365,1.4805238246917725,3.714158535003662,0.0,0.0,0.0,0.0,8.082181930541992,2.853093147277832,0.0,0.0,0.0,0.0,0.0,0.9898203015327454,3.4961931705474854,14.903647422790527,1.1212999820709229,1.111362099647522,0.0,2.5969443321228027,0.3618587851524353,5.098343849182129,2.2148945331573486,0.9008612036705017,6.025619029998779,0.6687389612197876,0.0,0.0,2.9547014236450195,0.0,0.0,1.395020842552185,0.0,4.163372993469238,0.0,0.0,0.8942694067955017,0.0,0.2022060751914978,0.0,1.5930497646331787,0.0,0.0,2.2706921100616455,0.0,0.0,0.0,0.0,0.0,7.873231887817383,0.0,2.4039244651794434,0.0,0.0,0.5573875308036804,0.0,0.0,0.0,1.1961333751678467,0.0805184468626976,1.2766518592834473,0.0,0.0,3.2858123779296875,5.428042888641357,0.0,0.0,0.0,0.2236516773700714,3.1047050952911377,0.0,4.203658103942871,0.0,2.7385942935943604,0.7403097152709961,0.5447373390197754,0.615131139755249,0.0,0.0,0.0,0.19590215384960175,0.0,0.0,0.0,0.7029187083244324,0.0,0.0,0.0,0.05021847411990166,0.0,0.0,0.0,0.40128466486930847,0.0,0.0,0.0,0.0,0.0,0.0,0.0,0.0,0.0,0.0,0.0,0.0,0.0,0.26233577728271484,0.0,0.0,0.0,0.0,1.3561794757843018,0.0,0.0,0.0,0.9530965685844421,0.0,0.0,0.4494599997997284,0.39935776591300964,0.0,0.0,0.0,0.0,16.77285385131836,33.382843017578125,4.985489845275879,27.236034393310547,0.0,1.5671226978302002,2.3618221282958984,0.0,0.39935776591300964,0.39971235394477844,7.945556640625,0.0,0.0,0.0,0.45008108019828796,0.0,0.0,0.0,0.0,0.0,0.0,0.0,0.0,0.0,0.0,0.0,0.0,0.0,0.0,0.0,0.0,0.0,0.0,0.0,0.0,0.0,0.0,0.0,0.0,0.0,0.0,0.0,0.0,0.0,0.0,0.0,0.0,0.0,0.0,0.0,0.0,0.0,0.0,0.0,0.0,0.0,0.0,0.0,0.0,0.0,0.0,0.0,0.0,0.0,0.0,0.0,0.0,0.0,0.0,0.0,0.0,0.0,0.0,0.0,0.0,0.0,0.0,0.0,0.0,0.0,0.0,0.0,0.0,0.0,0.0,0.0,0.0,0.0,0.0,0.0,0.0,0.0,0.0,0.0,0.0,0.0,0.0,0.0,0.0,0.0,0.0,0.0,0.0,0.0,0.0,0.0,0.0,0.0,0.0,0.0,0.0,0.0,0.0,0.0,0.0,0.0,0.0,0.0,0.0,0.0,0.0,0.0,0.0,0.0,0.0,0.0,0.0,0.0
5031,5.672745227813721,10.417296409606934,1.1054606437683105,9.702730178833008,32.626220703125,11.017714500427246,35.335174560546875,6.115813732147217,23.80964469909668,42.86846923828125,13.83139419555664,20.09477996826172,17.16827392578125,0.4057830274105072,3.268203020095825,3.8921680450439453,0.4518252909183502,0.259761780500412,0.259761780500412,0.0,2.83016037940979,3.1700215339660645,0.0,10.248405456542969,5.769448757171631,42.094383239746094,18.859819412231445,14.479315757751465,0.0,0.5776238441467285,0.0,0.5199149250984192,0.0,0.0,0.0,20.661212921142578,0.0,0.0,0.0,8.40076732635498,6.7119269371032715,17.524703979492188,0.0,75.5792236328125,7.431943416595459,0.0,0.0,11.219319343566895,10.785979270935059,58.85838317871094,15.050554275512695,10.201464653015137,11.933806419372559,0.0,0.16722172498703003,0.25394460558891296,0.0,14.79901123046875,3.4738621711730957,2.4032490253448486,0.0,2.678701162338257,0.0,5.107637405395508,1.2101787328720093,1.9296492338180542,8.017402648925781,6.155920505523682,0.0,9.548822402954102,0.9429224729537964,1.2745732069015503,0.9360267519950867,0.0,0.0,1.0626693964004517,0.0,0.0,0.7459619641304016,8.569052696228027,5.390973091125488,0.0,0.5569007396697998,0.1836148351430893,0.0,0.0,0.0,0.25463631749153137,0.4914228618144989,0.0,0.650899350643158,58.11316680908203,14.767420768737793,0.5349598526954651,1.941329002380371,0.0,14.368611335754395,143.48806762695312,18.823911666870117,8.853032112121582,5.79392671585083,1.005030632019043,0.0,0.0,0.35578784346580505,0.6903889179229736,0.16537976264953613,7.715258598327637,22.60161781311035,0.0,0.0,11.270003318786621,0.0,0.0,3.5839502811431885,7.845388412475586,0.20988686382770538,1.0376757383346558,24.166963577270508,0.0,54.74109649658203,15.433365821838379,44.83702087402344,10.177474021911621,9.593500137329102,14.432516098022461,0.0,0.0,0.0,0.0,2.5425124168395996,0.9812372326850891,0.0,0.0,0.0,0.0,0.0,0.43961694836616516,0.4889204800128937,11.160212516784668,1.9191980361938477,2.7059035301208496,0.0,4.898361682891846,0.5222630500793457,7.942636966705322,3.940213203430176,2.5983126163482666,17.600095748901367,1.2058545351028442,0.0,0.0,7.559198379516602,0.0,0.0,4.679467678070068,0.0,1.4383035898208618,0.0,0.0,0.2812429368495941,0.0,0.1463855803012848,0.0,0.4779387414455414,0.0,0.0,0.6387060284614563,0.0,0.0,0.0,0.0,0.0,2.5910794734954834,0.0,0.7045162916183472,0.0,0.0,0.2791878581047058,0.0,0.0,0.0,2.9103379249572754,0.15875396132469177,2.8890349864959717,0.0,0.0,4.743441581726074,19.112503051757812,0.0,0.0,0.0,0.46044492721557617,15.644201278686523,0.0,11.375282287597656,0.0,14.381726264953613,6.291154861450195,3.442999839782715,11.923057556152344,0.0,0.0,0.0,0.2687312960624695,0.0,0.0,0.0,0.8089243769645691,0.0,0.0,0.0,0.18842723965644836,0.0,0.0,0.0,0.35192349553108215,0.0,0.0,0.0,0.0,0.0,0.0,0.0,0.0,0.0,0.0,0.0,0.0,0.0,0.5172335505485535,0.0,0.0,0.0,0.0,3.003810405731201,0.0,0.0,0.0,3.779573440551758,0.0,0.0,0.8652697801589966,0.7124958038330078,0.0,0.0,0.0,0.0,7.219587802886963,11.961064338684082,1.1098682880401611,9.807526588439941,0.0,0.9308027029037476,26.08588218688965,0.0,0.8891856670379639,0.11694307625293732,5.189776420593262,0.0,0.0,0.0,0.18115901947021484,0.0,0.0,0.0,0.0,0.0,0.0,0.0,0.0,0.0,0.0,0.0,0.0,0.0,0.0,0.0,0.0,0.0,0.0,0.0,0.0,0.0,0.0,0.0,0.0,0.0,0.0,0.0,0.0,0.0,0.0,0.0,0.0,0.0,0.0,0.0,0.0,0.0,0.0,0.0,0.0,0.0,0.0,0.0,0.0,0.0,0.0,0.0,0.0,0.0,0.0,0.0,0.0,0.0,0.0,0.0,0.0,0.0,0.0,0.0,0.0,0.0,0.0,0.0,0.0,0.0,0.0,0.0,0.0,0.0,0.0,0.0,0.0,0.0,0.0,0.0,0.0,0.0,0.0,0.0,0.0,0.0,0.0,0.0,0.0,0.0,0.0,0.0,0.0,0.0,0.0,0.0,0.0,0.0,0.0,0.0,0.0,0.0,0.0,0.0,0.0,0.0,0.0,0.0,0.0,0.0,0.0,0.0,0.0,0.0,0.0,0.0,0.0,0.0
5032,0.0,3.296220541000366,1.715265154838562,1.4849014282226562,5.040637969970703,4.989124774932861,6.115813732147217,0.8604609966278076,4.128664016723633,18.820518493652344,2.4077420234680176,2.208944082260132,6.9666361808776855,0.0,0.6934025883674622,1.7209219932556152,0.0,0.0,0.0,0.0,0.0,0.0,0.0,2.772535800933838,0.4302304983139038,4.099305629730225,2.6933951377868652,2.839053153991699,0.0,0.8569638729095459,0.0,0.3904172480106354,0.0,0.0,0.0,1.8395533561706543,0.0,0.0,0.0,1.2983442544937134,1.0136098861694336,3.259089708328247,0.0,19.150177001953125,0.6434472799301147,0.0,0.0,0.0,0.0,11.5614652633667,3.2089343070983887,3.152909994125366,1.6663978099822998,0.0,0.0,0.0,0.0,0.0,0.0,0.0,0.0,0.0,0.0,1.032458782196045,0.23224151134490967,0.0,2.174983501434326,1.6280468702316284,0.0,3.143021821975708,0.21641886234283447,0.3197579085826874,0.2348252385854721,0.0,0.0,1.121629238128662,0.0,0.0,0.4933530390262604,0.2255043387413025,0.033397432416677475,0.0,0.0,0.0,0.0,0.0,0.0,0.0,0.3702349364757538,0.0,0.36103829741477966,20.921907424926758,2.1587374210357666,1.6163746118545532,0.005289962515234947,0.0,2.806864023208618,26.210256576538086,6.608811855316162,1.5847316980361938,6.578684329986572,0.0,0.0,0.0,2.099504232406616,2.6801986694335938,0.8587957620620728,1.7507814168930054,21.495243072509766,0.0,0.0,2.1342966556549072,0.0,0.0,1.1460989713668823,1.495163083076477,0.0,0.0,4.579281806945801,0.0,9.96185302734375,3.117987871170044,7.489128589630127,1.1483232975006104,1.5488877296447754,2.319932699203491,0.0,0.0,0.0,0.0,2.930739402770996,0.8540821075439453,0.0,0.0,0.0,0.0,0.0,0.38981640338897705,1.0509754419326782,3.7589073181152344,0.09346476197242737,0.14903861284255981,0.0,0.3071245551109314,0.0,1.3618000745773315,0.7285231351852417,0.2775253653526306,1.5653769969940186,0.15848594903945923,0.0,0.0,0.6489599347114563,0.0,0.0,0.07583896815776825,0.0,1.081055998802185,0.0,0.0,0.12120164930820465,0.0,0.0,0.0,0.6004044413566589,0.0,0.0,0.7276611924171448,0.0,0.0,0.0,0.0,0.0,0.46602627635002136,0.0,0.7404120564460754,0.0,0.0,0.0,0.0,0.0,0.0,0.44422534108161926,0.0,0.44422534108161926,0.0,0.0,0.9009566307067871,3.691654682159424,0.0,0.0,0.0,0.0,2.550706386566162,0.0,0.9135912656784058,0.0,2.7991602420806885,0.6703440546989441,0.3352173864841461,0.27921053767204285,0.0,0.0,0.0,0.0,0.0,0.0,0.0,0.16151772439479828,0.0,0.0,0.0,0.0,0.0,0.0,0.0,0.300133615732193,0.0,0.0,0.0,0.0,0.0,0.0,0.0,0.0,0.0,0.0,0.0,0.0,0.0,0.0,0.0,0.0,0.0,0.0,0.6526675820350647,0.0,0.0,0.0,0.0,0.0,0.0,0.16652920842170715,0.15875396132469177,0.0,0.0,0.0,0.0,3.3191781044006348,8.556675910949707,0.4194376766681671,8.121395111083984,0.0,0.0633658915758133,2.077927350997925,0.0,0.15875396132469177,0.0,2.3135454654693604,0.0,0.0,0.0,1.578185796737671,0.0,0.0,0.0,0.0,0.0,0.0,0.0,0.0,0.0,0.0,0.0,0.0,0.0,0.0,0.0,0.0,0.0,0.0,0.0,0.0,0.0,0.0,0.0,0.0,0.0,0.0,0.0,0.0,0.0,0.0,0.0,0.0,0.0,0.0,0.0,0.0,0.0,0.0,0.0,0.0,0.0,0.0,0.0,0.0,0.0,0.0,0.0,0.0,0.0,0.0,0.0,0.0,0.0,0.0,0.0,0.0,0.0,0.0,0.0,0.0,0.0,0.0,0.0,0.0,0.0,0.0,0.0,0.0,0.0,0.0,0.0,0.0,0.0,0.0,0.0,0.0,0.0,0.0,0.0,0.0,0.0,0.0,0.0,0.0,0.0,0.0,0.0,0.0,0.0,0.0,0.0,0.0,0.0,0.0,0.0,0.0,0.0,0.0,0.0,0.0,0.0,0.0,0.0,0.0,0.0,0.0,0.0,0.0,0.0,0.0,0.0,0.0,0.0
5033,5.39874267578125,8.833211898803711,4.128664016723633,6.434527397155762,28.01445770263672,18.820518493652344,23.80964469909668,4.128664016723633,15.654194831848145,28.207883834838867,9.117789268493652,13.375901222229004,46.944732666015625,0.1427440047264099,2.4077420234680176,2.069990873336792,0.613173246383667,0.5779006481170654,0.8429193496704102,0.0,1.180139422416687,1.3900915384292603,0.0,9.408591270446777,3.181612014770508,27.410594940185547,12.103874206542969,17.62820053100586,0.0,1.6328274011611938,0.0,1.4899591207504272,0.0,0.0,0.0,9.639277458190918,0.0,0.0,0.0,5.715203285217285,4.888364791870117,12.632841110229492,0.0,56.23568344116211,3.3200604915618896,0.0,0.0,4.216348171234131,3.3011534214019775,50.58110427856445,15.095789909362793,38.04646301269531,19.992183685302734,0.0,0.0,0.0,0.0,3.646407127380371,1.600653886795044,2.4032490253448486,0.0,4.019839286804199,0.0,2.062790632247925,0.8820996880531311,3.143021821975708,8.45302963256836,2.751654863357544,0.0,12.055237770080566,0.8919132351875305,1.2145044803619385,0.8220021724700928,0.0,0.0,2.4840495586395264,0.0,0.0,2.3578128814697266,10.978025436401367,7.522233009338379,0.0,0.9789890646934509,0.3657958209514618,0.0,0.0,0.0,0.22672010958194733,1.750533103942871,0.0,1.2719510793685913,109.57475280761719,3.1213364601135254,1.123857855796814,2.7412796020507812,0.0,8.755341529846191,95.81973266601562,18.255855560302734,5.920994758605957,5.106698513031006,0.3641623556613922,0.0,0.0,0.4473108947277069,0.9751390218734741,0.21701347827911377,5.571053504943848,17.08037567138672,0.0,0.0,6.752148151397705,0.0,0.0,4.418529033660889,6.151922702789307,0.08442909270524979,0.3882802128791809,14.101919174194336,0.0,33.45597457885742,11.84473991394043,24.053163528442383,3.7130215167999268,5.387559413909912,7.990650177001953,0.0,0.0,0.0,0.0,6.620802402496338,2.3123979568481445,0.0,0.0,0.0,0.0,0.0,1.0662809610366821,1.349265217781067,19.667261123657227,1.55514395236969,1.9202330112457275,0.0,2.2448678016662598,0.370651513338089,10.885730743408203,5.170943737030029,3.7464828491210938,14.050180435180664,1.1541697978973389,0.0,0.0,5.95063591003418,0.0,0.0,3.3813118934631348,0.0,3.4136202335357666,0.0,0.0,0.7730677127838135,0.0,0.2022060751914978,0.0,1.2981624603271484,0.0,0.0,1.8514409065246582,0.0,0.0,0.0,0.0,0.0,4.483641624450684,0.0,2.067206859588623,0.0,0.0,0.5406951904296875,0.0,0.0,0.0,2.348881244659424,0.15875396132469177,2.348881244659424,0.0,0.0,3.689720869064331,12.730989456176758,0.0,0.0,0.0,0.16455040872097015,10.016880989074707,0.0,6.276375770568848,0.0,9.154409408569336,2.547384262084961,1.373876929283142,1.1628477573394775,0.0,0.0,0.0,0.0,0.0,0.0,0.0,0.46418243646621704,0.0,0.0,0.0,0.0,0.0,0.0,0.0,0.3221464157104492,0.0,0.0,0.0,0.0,0.0,0.0,0.0,0.0,0.0,0.0,0.0,0.0,0.0,0.0,0.0,0.0,0.0,0.0,2.438086986541748,0.0,0.0,0.0,1.9346673488616943,0.0,0.0,0.828784704208374,0.7079809308052063,0.0,0.0,0.0,0.0,13.767460823059082,27.365947723388672,2.572202682495117,23.189495086669922,0.0,0.09926746040582657,3.752948045730591,0.0,0.7079809308052063,0.39971235394477844,7.201358795166016,0.0,0.0,0.0,0.23972544074058533,0.0,0.0,0.0,0.0,0.0,0.0,0.0,0.0,0.0,0.0,0.0,0.0,0.0,0.0,0.0,0.0,0.0,0.0,0.0,0.0,0.0,0.0,0.0,0.0,0.0,0.0,0.0,0.0,0.0,0.0,0.0,0.0,0.0,0.0,0.0,0.0,0.0,0.0,0.0,0.0,0.0,0.0,0.0,0.0,0.0,0.0,0.0,0.0,0.0,0.0,0.0,0.0,0.0,0.0,0.0,0.0,0.0,0.0,0.0,0.0,0.0,0.0,0.0,0.0,0.0,0.0,0.0,0.0,0.0,0.0,0.0,0.0,0.0,0.0,0.0,0.0,0.0,0.0,0.0,0.0,0.0,0.0,0.0,0.0,0.0,0.0,0.0,0.0,0.0,0.0,0.0,0.0,0.0,0.0,0.0,0.0,0.0,0.0,0.0,0.0,0.0,0.0,0.0,0.0,0.0,0.0,0.0,0.0,0.0,0.0,0.0,0.0,0.0
5034,6.144683361053467,2.6206164360046387,28.81867027282715,11.591620445251465,33.170013427734375,34.702816009521484,42.86846923828125,18.820518493652344,28.207883834838867,298.64501953125,16.973268508911133,32.08203125,113.25886535644531,3.217263698577881,8.512349128723145,24.771984100341797,3.3069396018981934,4.128664016723633,2.4077420234680176,0.0,5.268818378448486,5.268818378448486,0.0,46.92482376098633,9.410259246826172,73.88594055175781,33.614253997802734,38.45433044433594,0.0,10.421526908874512,0.0,7.588687419891357,0.0,0.0,0.0,35.7742805480957,0.0,0.0,0.0,18.898391723632812,15.654766082763672,40.60013961791992,0.0,114.72298431396484,10.914118766784668,0.30587518215179443,1.207706093788147,9.476621627807617,8.260472297668457,144.39407348632812,40.452362060546875,93.26873779296875,39.13066482543945,24.080984115600586,1.1187320947647095,1.1554396152496338,0.0,10.962153434753418,3.039560079574585,0.7721590399742126,0.3549518585205078,1.1542437076568604,0.0,4.216740608215332,3.7375614643096924,1.321670651435852,4.739565372467041,4.385659217834473,0.0,5.408023834228516,3.2455856800079346,5.383406639099121,3.81109881401062,0.0,0.0,44.930721282958984,0.0,0.0,33.34495544433594,36.104461669921875,8.452775955200195,0.0,2.9429638385772705,5.89475679397583,0.0,0.0,0.0,1.3011753559112549,18.865556716918945,0.0,5.0477213859558105,379.8936462402344,208.7873992919922,37.42293167114258,0.2915174067020416,0.0,11.358917236328125,115.70708465576172,97.19120788574219,13.288917541503906,120.42298126220703,2.030768632888794,0.0,0.0,35.193695068359375,44.72348403930664,16.673994064331055,15.912940979003906,301.85113525390625,0.0,0.0,8.34095573425293,0.0,0.0,30.051162719726562,14.534311294555664,0.497277170419693,0.6588329672813416,16.562414169311523,0.0,54.340599060058594,16.13328742980957,262.8733825683594,11.266458511352539,7.003988265991211,12.456040382385254,0.0,0.0,0.0,0.0,40.505653381347656,46.29715347290039,0.0,0.0,0.0,0.0,0.0,9.20497989654541,17.76259422302246,67.89044189453125,5.419429302215576,3.619050979614258,0.0,6.224465847015381,1.5673582553863525,23.79718017578125,14.947606086730957,5.9871015548706055,26.344566345214844,2.8270034790039062,0.0,0.0,14.102718353271484,0.0,0.0,8.282731056213379,0.0,13.791158676147461,0.0,0.0,3.8354971408843994,0.0,1.929742455482483,0.0,7.69179105758667,0.0,0.0,12.45572280883789,0.0,0.42987942695617676,0.0,0.0,0.0,10.086568832397461,0.0,13.325156211853027,0.0,0.8655596375465393,2.816171646118164,0.0,0.0,0.0,2.419884443283081,0.30658286809921265,2.394329786300659,0.0,0.0,8.495436668395996,32.89115524291992,0.0,0.0,0.0,0.494990736246109,12.993385314941406,0.0,12.92628288269043,0.0,11.189501762390137,5.374078750610352,2.512065887451172,9.250950813293457,0.0,0.0,0.0,0.5205050110816956,0.0,0.0,0.0,1.2709566354751587,0.0,0.0,0.0,0.3402324616909027,0.0,0.0,0.0,7.383699417114258,0.0,0.0,0.0,0.0,0.0,0.0,0.0,0.0,0.0,0.0,0.0,0.0,0.0,0.582333505153656,0.0,0.0,0.0,0.0,4.473021507263184,0.0,0.0,0.0,2.218973398208618,0.08703900128602982,0.0,0.9442352652549744,0.6795021295547485,0.0,0.0,0.0,0.0,26.63384246826172,155.16941833496094,14.594399452209473,148.4350128173828,0.0,3.2085142135620117,14.96864128112793,0.0,1.0378551483154297,1.7315524816513062,9.740455627441406,0.0,0.0,0.0,23.50609588623047,0.0,0.0,0.0,0.0,0.0,0.0,0.0,0.0,0.0,0.0,0.0,0.0,0.0,0.0,0.0,0.0,0.0,0.0,0.0,0.0,0.0,0.0,0.0,0.0,0.0,0.0,0.0,0.0,0.0,0.0,0.0,0.0,0.0,0.0,0.0,0.0,0.0,0.0,0.0,0.0,0.0,0.0,0.0,0.0,0.0,0.0,0.0,0.0,0.0,0.0,0.0,0.0,0.0,0.0,0.0,0.0,0.0,0.0,0.0,0.0,0.0,0.0,0.0,0.0,0.0,0.0,0.0,0.0,0.0,0.0,0.0,0.0,0.0,0.0,0.0,0.0,0.0,0.0,0.0,0.0,0.0,0.0,0.0,0.0,0.0,0.0,0.0,0.0,0.0,0.0,0.0,0.0,0.0,0.0,0.0,0.0,0.0,0.0,0.0,0.0,0.0,0.0,0.0,0.0,0.0,0.0,0.0,0.0,0.0,0.0,0.0,0.0,0.0
5035,1.5716443061828613,3.296220541000366,4.545322895050049,4.128664016723633,11.030741691589355,11.966058731079102,13.83139419555664,2.4077420234680176,9.117789268493652,16.973268508911133,4.989124774932861,5.451570510864258,14.4984769821167,0.3217236399650574,0.8604609966278076,1.4489812850952148,0.0,0.5779006481170654,0.0,0.0,0.3709425628185272,0.4302304983139038,0.0,4.362396717071533,1.4353036880493164,8.965441703796387,4.822542190551758,4.849004745483398,0.0,2.296491861343384,0.0,1.046240210533142,0.0,0.0,0.0,4.212044715881348,0.0,0.0,0.0,3.56498122215271,2.5170254707336426,6.736686706542969,0.0,36.079505920410156,1.5436943769454956,0.0,0.0,1.4651082754135132,13.094273567199707,23.55266571044922,7.0103678703308105,13.774237632751465,6.023543357849121,0.0,0.0,0.0,0.0,0.0,0.0,0.0,0.0,0.0,0.0,3.694911479949951,1.2040505409240723,0.2490762621164322,4.773299694061279,4.627235412597656,0.0,6.748183250427246,1.195117712020874,1.6407114267349243,1.296762228012085,0.0,0.0,3.3206968307495117,0.0,0.0,1.1409239768981934,4.658740043640137,2.665494441986084,0.0,0.3218136131763458,0.057019416242837906,0.0,0.0,0.0,0.0,0.21552419662475586,0.0,0.6054316759109497,64.95278930664062,9.218194961547852,1.1586331129074097,0.5546498894691467,0.0,5.585264205932617,54.362552642822266,13.159632682800293,3.213981866836548,8.927702903747559,0.0,0.0,0.0,2.61673903465271,1.2367489337921143,1.292957067489624,3.8608217239379883,15.609597206115723,0.0,0.0,4.344184875488281,0.0,0.0,1.3672279119491577,2.4652044773101807,0.0948249101638794,0.40340936183929443,8.61496353149414,0.0,20.52387809753418,6.65140962600708,14.000728607177734,3.308051586151123,3.3085570335388184,3.8852415084838867,0.0,0.0,0.0,0.0,6.298734188079834,2.041823625564575,0.0,0.0,0.0,0.0,0.0,0.9161034822463989,1.8361843824386597,7.0178422927856445,0.36370977759361267,0.2765297293663025,0.0,0.8230323791503906,0.18092939257621765,2.640169143676758,1.2359811067581177,0.7508468627929688,3.129117727279663,0.2906847596168518,0.0,0.0,1.6410882472991943,0.0,0.0,1.1042851209640503,0.0,2.5338809490203857,0.0,0.0,0.5430275797843933,0.0,0.0,0.0,1.2932907342910767,0.0,0.0,1.8586715459823608,0.0,0.0,0.0,0.0,0.0,4.898190021514893,0.0,1.7623488903045654,0.0,0.0,0.5397683382034302,0.0,0.0,0.0,1.213870644569397,0.0,1.213870644569397,0.0,0.0,1.4235223531723022,5.471362113952637,0.0,0.0,0.0,0.16455040872097015,6.422791004180908,0.0,4.465198040008545,0.0,5.303430080413818,2.1431896686553955,1.064221739768982,0.9056092500686646,0.0,0.0,0.0,0.0,0.0,0.0,0.0,0.16151772439479828,0.0,0.0,0.0,0.0,0.0,0.0,0.0,0.1487603485584259,0.0,0.0,0.0,0.0,0.0,0.0,0.0,0.0,0.0,0.0,0.0,0.0,0.0,0.0,0.0,0.0,0.0,0.0,1.4215511083602905,0.0,0.0,0.0,1.4496833086013794,0.0,0.0,0.16652920842170715,0.15875396132469177,0.0,0.0,0.0,0.0,9.883437156677246,22.512718200683594,1.5434467792510986,17.02735137939453,0.0,0.06967546045780182,9.882865905761719,0.0,0.15875396132469177,0.2810387909412384,4.502796173095703,0.0,0.0,0.0,2.5686562061309814,0.0,0.0,0.0,0.0,0.0,0.0,0.0,0.0,0.0,0.0,0.0,0.0,0.0,0.0,0.0,0.0,0.0,0.0,0.0,0.0,0.0,0.0,0.0,0.0,0.0,0.0,0.0,0.0,0.0,0.0,0.0,0.0,0.0,0.0,0.0,0.0,0.0,0.0,0.0,0.0,0.0,0.0,0.0,0.0,0.0,0.0,0.0,0.0,0.0,0.0,0.0,0.0,0.0,0.0,0.0,0.0,0.0,0.0,0.0,0.0,0.0,0.0,0.0,0.0,0.0,0.0,0.0,0.0,0.0,0.0,0.0,0.0,0.0,0.0,0.0,0.0,0.0,0.0,0.0,0.0,0.0,0.0,0.0,0.0,0.0,0.0,0.0,0.0,0.0,0.0,0.0,0.0,0.0,0.0,0.0,0.0,0.0,0.0,0.0,0.0,0.0,0.0,0.0,0.0,0.0,0.0,0.0,0.0,0.0,0.0,0.0,0.0,0.0
5036,2.2613534927368164,1.468450903892517,5.583726406097412,5.769448757171631,8.11956787109375,9.225969314575195,20.09477996826172,2.208944082260132,13.375901222229004,32.08203125,5.451570510864258,4.128664016723633,13.246452331542969,0.0,1.0050731897354126,2.7870330810546875,0.4302304983139038,0.4302304983139038,0.0,0.0,0.9569576978683472,0.9569576978683472,0.0,10.206539154052734,0.8604609966278076,14.343398094177246,3.6984333992004395,7.333841800689697,0.0,2.3813893795013428,0.0,1.6908320188522339,0.0,0.0,0.0,3.336141347885132,0.0,0.0,0.0,5.538730621337891,4.293629169464111,12.545894622802734,0.0,46.869651794433594,1.221970796585083,0.0,0.0,2.1169800758361816,1.1232881546020508,31.221357345581055,12.361254692077637,16.761653900146484,16.91819953918457,0.0,0.0,0.0,0.0,0.4257299602031708,0.4351554811000824,0.29029130935668945,0.0,0.48556119203567505,0.0,1.2570706605911255,0.9410561919212341,0.3654669225215912,1.870016098022461,1.2906345129013062,0.0,2.762497663497925,1.221970796585083,1.6639387607574463,1.221970796585083,0.0,0.0,14.363597869873047,0.0,0.0,13.448981285095215,1.4358623027801514,10.39674186706543,0.0,1.818078637123108,2.795403242111206,0.0,0.0,0.0,0.0,8.113201141357422,0.0,3.335609197616577,66.1994857788086,19.01203155517578,1.5385534763336182,4.182981014251709,0.0,2.4389262199401855,49.90294647216797,11.105173110961914,6.1532979011535645,53.20465850830078,0.19688916206359863,0.0,0.0,12.033661842346191,7.45866584777832,1.6027657985687256,6.027014255523682,39.2280158996582,0.0,0.0,1.8148581981658936,0.0,0.0,23.10671043395996,22.866472244262695,0.029505154117941856,0.24129070341587067,4.094088554382324,0.0,43.308815002441406,5.934823989868164,67.18309783935547,15.053985595703125,2.9327139854431152,8.118949890136719,0.0,0.0,0.0,0.0,11.354194641113281,5.714730262756348,0.0,0.0,0.0,0.0,0.0,1.6241130828857422,3.119307518005371,11.972521781921387,0.7200114727020264,0.8168054819107056,0.0,1.6285420656204224,0.18092939257621765,4.949192523956299,1.6018441915512085,1.3983724117279053,6.003571510314941,0.5268073081970215,0.0,0.0,3.156038999557495,0.0,0.0,1.105496883392334,0.0,4.368157863616943,0.0,0.0,1.2345799207687378,0.0,0.0,0.0,1.3309214115142822,0.0,0.0,2.58986234664917,0.0,0.0,0.0,0.0,0.0,2.2360873222351074,0.0,2.8254013061523438,0.0,0.0,0.9165071845054626,0.0,0.0,0.0,3.0794413089752197,0.0,3.0794413089752197,0.0,0.0,1.476738452911377,1.3714840412139893,0.0,0.0,0.0,0.6652240753173828,1.2886451482772827,0.0,2.1139237880706787,0.0,1.0422070026397705,0.2750742733478546,0.655738890171051,1.7958593368530273,0.0,0.0,0.0,0.0,0.0,0.0,0.0,0.2918342351913452,0.0,0.0,0.0,0.0,0.0,0.0,0.0,19.702388763427734,0.0,0.0,0.0,0.0,0.0,0.0,0.0,0.0,0.0,0.0,0.0,0.0,0.0,0.0,0.0,0.0,0.0,0.0,2.9192965030670166,0.0,0.0,0.0,4.886462211608887,0.0,0.0,2.685694932937622,2.5311830043792725,0.0,0.0,0.0,0.0,4.280116081237793,11.40282917022705,0.5956734418869019,9.059266090393066,0.0,0.39856722950935364,4.537721157073975,0.0,2.5311830043792725,0.0,5.671629428863525,0.0,0.0,0.0,6.495637893676758,0.0,0.0,0.0,0.0,0.0,0.0,0.0,0.0,0.0,0.0,0.0,0.0,0.0,0.0,0.0,0.0,0.0,0.0,0.0,0.0,0.0,0.0,0.0,0.0,0.0,0.0,0.0,0.0,0.0,0.0,0.0,0.0,0.0,0.0,0.0,0.0,0.0,0.0,0.0,0.0,0.0,0.0,0.0,0.0,0.0,0.0,0.0,0.0,0.0,0.0,0.0,0.0,0.0,0.0,0.0,0.0,0.0,0.0,0.0,0.0,0.0,0.0,0.0,0.0,0.0,0.0,0.0,0.0,0.0,0.0,0.0,0.0,0.0,0.0,0.0,0.0,0.0,0.0,0.0,0.0,0.0,0.0,0.0,0.0,0.0,0.0,0.0,0.0,0.0,0.0,0.0,0.0,0.0,0.0,0.0,0.0,0.0,0.0,0.0,0.0,0.0,0.0,0.0,0.0,0.0,0.0,0.0,0.0,0.0,0.0,0.0,0.0,0.0
5037,8.114848136901855,3.7708115577697754,21.37761116027832,20.09477996826172,29.106298446655273,32.46318435668945,17.16827392578125,6.9666361808776855,46.944732666015625,113.25886535644531,14.4984769821167,13.246452331542969,46.96258544921875,0.8604609966278076,3.3682169914245605,9.461198806762695,1.779172658920288,1.6341015100479126,0.9977853894233704,0.0,2.6777589321136475,1.9139153957366943,0.0,30.948516845703125,4.128664016723633,50.439693450927734,13.021872520446777,25.97842025756836,0.0,8.495404243469238,0.0,5.786745548248291,0.0,0.0,0.0,15.644659042358398,0.0,0.0,0.0,23.936717987060547,20.03203773498535,54.54757308959961,0.0,208.79312133789062,5.062638759613037,0.22125107049942017,0.07341831922531128,8.5613431930542,7.045112133026123,133.0783233642578,52.018951416015625,63.53310012817383,65.49130249023438,4.230773448944092,1.3117659091949463,1.0261832475662231,0.0,4.906309127807617,2.6820714473724365,0.9730268120765686,0.2806994318962097,1.627551555633545,0.42697378993034363,5.847773551940918,2.3011832237243652,1.137850284576416,4.613017559051514,4.118406295776367,0.0,5.457075119018555,1.6108343601226807,2.392547369003296,1.6108343601226807,0.0,0.0,31.868408203125,0.0,0.0,26.020076751708984,3.2413923740386963,17.579206466674805,0.0,2.866124391555786,5.4061150550842285,0.0,0.0,0.0,0.810431718826294,16.476062774658203,0.0,6.643945693969727,298.5559387207031,50.627586364746094,11.273577690124512,2.964596748352051,0.0,12.348297119140625,68.32258605957031,41.25410461425781,12.919953346252441,297.4605407714844,1.366486668586731,0.0,0.0,28.784589767456055,28.35294532775879,7.7115559577941895,5.467253684997559,144.06053161621094,0.0,0.0,9.677450180053711,0.0,0.0,50.413429260253906,47.358314514160156,1.7388992309570312,0.9278110861778259,16.63568687438965,0.0,40.020362854003906,15.20938491821289,222.9822998046875,44.77941131591797,7.493298530578613,25.073640823364258,0.0,0.0,0.0,0.0,39.86325454711914,40.27115249633789,0.0,0.0,0.0,0.0,0.0,7.775482654571533,14.893295288085938,66.33224487304688,4.991060256958008,7.728093147277832,0.0,9.523540496826172,1.5065327882766724,34.55968475341797,11.894479751586914,13.323113441467285,43.24433135986328,3.288337230682373,0.0,0.0,17.4315185546875,0.0,0.0,10.922805786132812,0.0,22.191423416137695,0.0,0.0,5.665609359741211,0.0,1.9413764476776123,0.0,6.612546920776367,0.0,0.0,14.161471366882324,0.0,0.47779980301856995,0.0,0.0,0.0,8.407635688781738,0.0,13.374191284179688,0.0,0.0,4.146085739135742,0.0,0.0,0.0,1.1792386770248413,0.06595063209533691,1.1536494493484497,0.0,0.0,3.4125070571899414,5.407835483551025,0.0,0.0,0.0,0.19128111004829407,6.310496807098389,0.0,7.482974529266357,0.0,4.83243465423584,1.970937728881836,1.0158805847167969,0.8359847068786621,0.0,0.0,0.0,0.3999674916267395,0.0,0.0,0.0,1.4247651100158691,0.0,0.0,0.0,0.0,0.0,0.0,0.0,48.15848922729492,0.0,0.0,0.0,0.0,0.0,0.0,0.0,0.0,0.0,0.0,0.0,0.0,0.0,0.0,0.0,0.0,0.0,0.0,1.534882664680481,0.0,0.0,0.0,1.6092067956924438,0.0,0.0,1.2948452234268188,1.2464343309402466,0.0,0.0,0.0,0.0,13.016146659851074,42.60945510864258,3.171064853668213,33.721397399902344,0.0,1.2618457078933716,18.37434959411621,0.0,1.1529138088226318,0.6484791040420532,12.766258239746094,0.0,0.0,0.0,15.120014190673828,0.0,0.0,0.0,0.0,0.0,0.0,0.0,0.0,0.0,0.0,0.0,0.0,0.0,0.0,0.0,0.0,0.0,0.0,0.0,0.0,0.0,0.0,0.0,0.0,0.0,0.0,0.0,0.0,0.0,0.0,0.0,0.0,0.0,0.0,0.0,0.0,0.0,0.0,0.0,0.0,0.0,0.0,0.0,0.0,0.0,0.0,0.0,0.0,0.0,0.0,0.0,0.0,0.0,0.0,0.0,0.0,0.0,0.0,0.0,0.0,0.0,0.0,0.0,0.0,0.0,0.0,0.0,0.0,0.0,0.0,0.0,0.0,0.0,0.0,0.0,0.0,0.0,0.0,0.0,0.0,0.0,0.0,0.0,0.0,0.0,0.0,0.0,0.0,0.0,0.0,0.0,0.0,0.0,0.0,0.0,0.0,0.0,0.0,0.0,0.0,0.0,0.0,0.0,0.0,0.0,0.0,0.0,0.0,0.0,0.0,0.0,0.0,0.0
5038,0.0,0.0,0.0,0.0,0.3217236399650574,0.747068464756012,0.4057830274105072,0.0,0.1427440047264099,3.217263698577881,0.3217236399650574,0.0,0.8604609966278076,0.0,0.0,0.0,0.0,0.0,0.0,0.0,0.0,0.0,0.0,0.48756518959999084,0.0,0.8002371788024902,0.0,0.3654669225215912,0.0,0.0,0.0,0.0,0.0,0.0,0.0,0.3964182734489441,0.0,0.0,0.0,0.4302304983139038,0.5406515002250671,1.5634783506393433,0.0,5.329597473144531,0.0,0.0,0.0,0.0,0.0,3.423304319381714,1.7477104663848877,1.6029127836227417,0.9596600532531738,0.0,0.0,0.0,0.0,0.0,0.0,0.0,0.0,0.0,0.0,0.11803320795297623,0.0,0.0,0.1451720893383026,0.10745666176080704,0.0,0.0,0.0,0.0,0.0,0.0,0.0,0.6486610174179077,0.0,0.0,0.47337332367897034,0.0,0.0,0.0,0.0,0.0,0.0,0.0,0.0,0.0,0.3488679528236389,0.0,0.0,7.775113105773926,1.3581275939941406,0.09542573243379593,0.026459159329533577,0.0,0.14812923967838287,1.836816668510437,0.577806830406189,0.15984128415584564,4.513372898101807,0.0,0.0,0.0,0.42278754711151123,0.6475123167037964,0.2478797435760498,0.14072206616401672,3.2935009002685547,0.0,0.0,0.18631240725517273,0.0,0.0,1.374886393547058,1.2533730268478394,0.0,0.0,0.4172491431236267,0.0,1.0633805990219116,0.15517397224903107,6.703535556793213,1.0736340284347534,0.06621763110160828,0.16511446237564087,0.0,0.0,0.0,0.0,1.3128445148468018,1.099175214767456,0.0,0.0,0.0,0.0,0.0,0.21728511154651642,0.35313117504119873,1.2659181356430054,0.0,0.0,0.0,0.0,0.0,0.3399852514266968,0.0,0.3789827525615692,1.0712393522262573,0.0,0.0,0.0,0.16080455482006073,0.0,0.0,0.0,0.0,0.34033066034317017,0.0,0.0,0.0,0.0,0.0,0.0,0.10054657608270645,0.0,0.0,0.4312526285648346,0.0,0.0,0.0,0.0,0.0,0.0,0.0,0.0,0.0,0.0,0.0,0.0,0.0,0.0,0.0,0.0,0.0,0.0,0.0,0.0,0.04617495462298393,0.0,0.0,0.0,0.0,0.13795316219329834,0.0,0.0,0.0,0.17832404375076294,0.0,0.0,0.0,0.0,0.0,0.0,0.0,0.0,0.0,0.0,0.0,0.0,0.0,0.0,0.0,0.0,0.0,0.0,0.10531243681907654,0.0,0.0,0.0,0.0,0.0,0.0,0.0,0.0,0.0,0.0,0.0,0.0,0.0,0.0,0.0,0.0,0.0,0.0,0.034267377108335495,0.0,0.0,0.0,0.0,0.0,0.0,0.0,0.0,0.0,0.0,0.0,0.0,0.0,0.0,0.0,0.0,0.0,0.0,0.3510018289089203,0.0,0.0,0.0,0.0,0.0,0.0,0.0,0.27483800053596497,0.0,0.0,0.0,0.0,0.0,0.0,0.0,0.0,0.0,0.0,0.0,0.0,0.0,0.0,0.0,0.0,0.0,0.0,0.0,0.0,0.0,0.0,0.0,0.0,0.0,0.0,0.0,0.0,0.0,0.0,0.0,0.0,0.0,0.0,0.0,0.0,0.0,0.0,0.0,0.0,0.0,0.0,0.0,0.0,0.0,0.0,0.0,0.0,0.0,0.0,0.0,0.0,0.0,0.0,0.0,0.0,0.0,0.0,0.0,0.0,0.0,0.0,0.0,0.0,0.0,0.0,0.0,0.0,0.0,0.0,0.0,0.0,0.0,0.0,0.0,0.0,0.0,0.0,0.0,0.0,0.0,0.0,0.0,0.0,0.0,0.0,0.0,0.0,0.0,0.0,0.0,0.0,0.0,0.0,0.0,0.0,0.0,0.0,0.0,0.0,0.0,0.0,0.0,0.0,0.0,0.0,0.0,0.0,0.0,0.0,0.0,0.0,0.0
5039,0.0,0.0,0.24984046816825867,0.8604609966278076,4.871496677398682,2.5813450813293457,3.268203020095825,0.6934025883674622,2.4077420234680176,8.512349128723145,0.8604609966278076,1.0050731897354126,3.3682169914245605,0.0,0.0,0.8604609966278076,0.0,0.0,0.0,0.0,0.0,0.0,0.0,0.573282778263092,0.0,2.6430180072784424,1.1273452043533325,1.1202665567398071,0.0,0.0,0.0,0.0,0.0,0.0,0.0,0.23739178478717804,0.0,0.0,0.0,0.15131238102912903,0.11520634591579437,0.21950995922088623,0.0,10.324972152709961,0.04399946704506874,0.0,0.0,0.0,0.0,11.991819381713867,1.0077531337738037,0.9027808308601379,0.6444790363311768,0.0,0.0,0.0,0.0,0.0,0.0,0.0,0.0,0.0,0.0,0.9561176300048828,0.10218622535467148,0.0,0.08847853541374207,1.6211198568344116,0.0,0.10820943117141724,0.10711723566055298,0.14585988223552704,0.10711723566055298,0.0,0.0,0.5855857133865356,0.0,0.0,0.653598427772522,0.0,0.0,0.0,0.0,0.0,0.0,0.0,0.0,0.0,1.1226929426193237,0.0,0.0,16.5089111328125,0.0,1.2970091104507446,0.8157334327697754,0.0,1.794407844543457,14.450324058532715,3.356679916381836,0.8973897099494934,3.395324468612671,0.0,0.0,0.0,0.8541669249534607,1.1816388368606567,0.8599603772163391,0.6084129810333252,11.60330581665039,0.0,0.0,1.0781424045562744,0.0,0.0,0.5344668030738831,0.7637825608253479,0.0,0.0,2.2976109981536865,0.0,5.094812870025635,1.9244415760040283,4.455362796783447,0.8046218752861023,0.0,0.7774221897125244,0.0,0.0,0.0,0.0,0.47987696528434753,0.18952429294586182,0.0,0.0,0.0,0.0,0.0,0.2286020815372467,0.4713131785392761,2.1775808334350586,0.19779622554779053,0.0,0.0,0.0,0.0,0.9063670635223389,0.0,0.2941083014011383,1.329421043395996,0.0,0.0,0.0,0.37628796696662903,0.0,0.0,0.174979567527771,0.0,0.08777564764022827,0.0,0.0,0.0,0.0,0.0,0.0,0.10706473141908646,0.0,0.0,0.12563124299049377,0.0,0.0,0.0,0.0,0.0,0.13781626522541046,0.0,0.18396849930286407,0.0,0.0,0.0,0.0,0.0,0.0,0.15875396132469177,0.0,0.15875396132469177,0.0,0.0,0.29424646496772766,1.8242919445037842,0.0,0.0,0.0,0.0,1.9310835599899292,0.0,0.4312647581100464,0.0,1.3688031435012817,0.6703440546989441,0.3772951662540436,1.2749296426773071,0.0,0.0,0.0,0.0,0.0,0.0,0.0,0.0,0.0,0.0,0.0,0.0,0.0,0.0,0.0,0.13845477998256683,0.0,0.0,0.0,0.0,0.0,0.0,0.0,0.0,0.0,0.0,0.0,0.0,0.0,0.0,0.0,0.0,0.0,0.0,0.3451732397079468,0.0,0.0,0.0,0.0,0.0,0.0,0.0,0.0,0.0,0.0,0.0,0.0,0.4710596203804016,1.6704832315444946,0.14874035120010376,0.9838274717330933,0.0,0.0,2.06778621673584,0.0,0.0,0.0,0.3605363368988037,0.0,0.0,0.0,0.9609430432319641,0.0,0.0,0.0,0.0,0.0,0.0,0.0,0.0,0.0,0.0,0.0,0.0,0.0,0.0,0.0,0.0,0.0,0.0,0.0,0.0,0.0,0.0,0.0,0.0,0.0,0.0,0.0,0.0,0.0,0.0,0.0,0.0,0.0,0.0,0.0,0.0,0.0,0.0,0.0,0.0,0.0,0.0,0.0,0.0,0.0,0.0,0.0,0.0,0.0,0.0,0.0,0.0,0.0,0.0,0.0,0.0,0.0,0.0,0.0,0.0,0.0,0.0,0.0,0.0,0.0,0.0,0.0,0.0,0.0,0.0,0.0,0.0,0.0,0.0,0.0,0.0,0.0,0.0,0.0,0.0,0.0,0.0,0.0,0.0,0.0,0.0,0.0,0.0,0.0,0.0,0.0,0.0,0.0,0.0,0.0,0.0,0.0,0.0,0.0,0.0,0.0,0.0,0.0,0.0,0.0,0.0,0.0,0.0,0.0,0.0,0.0,0.0,0.0
5040,0.6056395173072815,0.23017020523548126,1.3451389074325562,0.998973548412323,3.9220688343048096,3.0689644813537598,3.8921680450439453,1.7209219932556152,2.069990873336792,24.771984100341797,1.4489812850952148,2.7870330810546875,9.461198806762695,0.0,0.8604609966278076,2.305863380432129,0.0,0.0,0.0,0.0,0.4302304983139038,0.0,0.0,3.0059502124786377,0.4302304983139038,5.856770038604736,2.6336817741394043,2.113316297531128,0.0,0.5242049694061279,0.0,0.23881833255290985,0.0,0.0,0.0,6.249804496765137,0.0,0.0,0.0,2.3131520748138428,2.142199993133545,6.840307235717773,0.0,8.044569969177246,2.791013479232788,0.0,0.0,0.7305808067321777,0.0,9.588173866271973,3.4831104278564453,6.229856491088867,3.833792209625244,0.0,0.0,0.0,0.0,0.0,0.0,0.0,0.0,0.0,0.0,0.421640008687973,0.2994600832462311,0.0,0.3371793329715729,0.3443383276462555,0.0,0.3286864459514618,0.3285439908504486,0.44737330079078674,0.30648356676101685,0.0,0.0,4.211349964141846,0.0,0.0,2.6507387161254883,1.4672480821609497,1.33458411693573,0.0,0.0,0.359108030796051,0.0,0.0,0.0,0.0,1.079254388809204,0.0,0.36103829741477966,33.242488861083984,12.715360641479492,3.1156387329101562,0.07327615469694138,0.0,1.6674860715866089,34.520565032958984,7.96485710144043,2.7846145629882812,10.042198181152344,0.0,0.0,0.0,2.9525222778320312,3.750237464904785,0.8587957620620728,0.47419971227645874,20.664329528808594,0.0,0.0,1.162392258644104,0.0,0.0,4.303173065185547,1.4473226070404053,0.0,0.0,2.4327139854431152,0.0,4.418222904205322,1.4984434843063354,45.98486328125,1.749047040939331,1.0372281074523926,1.3271489143371582,0.0,0.0,0.0,0.0,3.311647415161133,7.603057861328125,0.0,0.0,0.0,0.0,0.0,1.745483160018921,3.129664659500122,9.700127601623535,0.3692046105861664,0.3920357823371887,0.0,0.6746589541435242,0.0,4.887238025665283,1.6894588470458984,1.263179063796997,5.6758832931518555,0.44616231322288513,0.0,0.0,1.9402681589126587,0.0,0.0,0.5582106113433838,0.0,1.516715168952942,0.0,0.0,0.6210781931877136,0.0,0.0,0.0,0.8802890181541443,0.0,0.0,1.3462094068527222,0.0,0.0,0.0,0.0,0.0,1.795343041419983,0.0,1.180173635482788,0.0,0.0,0.31272947788238525,0.0,0.0,0.0,0.23501873016357422,0.0,0.23501873016357422,0.0,0.0,0.6895046830177307,2.808499813079834,0.0,0.0,0.0,0.03983410820364952,1.241304874420166,0.0,0.8352617621421814,0.0,1.297519326210022,0.5510231852531433,0.32586854696273804,0.9146723747253418,0.0,0.0,0.0,0.0,0.0,0.0,0.0,0.098800428211689,0.0,0.0,0.0,0.0,0.0,0.0,0.0,0.4727143347263336,0.0,0.0,0.0,0.0,0.0,0.0,0.0,0.0,0.0,0.0,0.0,0.0,0.0,0.0,0.0,0.0,0.0,0.0,0.4178784191608429,0.0,0.0,0.0,0.19445987045764923,0.0,0.0,0.03632017597556114,0.03462439030408859,0.0,0.0,0.0,0.0,1.7275053262710571,12.960107803344727,1.9405502080917358,10.664793968200684,0.0,0.415057897567749,1.2862906455993652,0.0,0.03462439030408859,0.0,0.8434373736381531,0.0,0.0,0.0,1.578185796737671,0.0,0.0,0.0,0.0,0.0,0.0,0.0,0.0,0.0,0.0,0.0,0.0,0.0,0.0,0.0,0.0,0.0,0.0,0.0,0.0,0.0,0.0,0.0,0.0,0.0,0.0,0.0,0.0,0.0,0.0,0.0,0.0,0.0,0.0,0.0,0.0,0.0,0.0,0.0,0.0,0.0,0.0,0.0,0.0,0.0,0.0,0.0,0.0,0.0,0.0,0.0,0.0,0.0,0.0,0.0,0.0,0.0,0.0,0.0,0.0,0.0,0.0,0.0,0.0,0.0,0.0,0.0,0.0,0.0,0.0,0.0,0.0,0.0,0.0,0.0,0.0,0.0,0.0,0.0,0.0,0.0,0.0,0.0,0.0,0.0,0.0,0.0,0.0,0.0,0.0,0.0,0.0,0.0,0.0,0.0,0.0,0.0,0.0,0.0,0.0,0.0,0.0,0.0,0.0,0.0,0.0,0.0,0.0,0.0,0.0,0.0,0.0,0.0
5041,0.0,0.0,0.0,0.0,0.5197482705116272,0.13050229847431183,0.4518252909183502,0.0,0.613173246383667,3.3069396018981934,0.0,0.4302304983139038,1.779172658920288,0.0,0.0,0.0,0.0,0.0,0.0,0.0,0.0,0.0,0.0,0.1530139446258545,0.0,0.9031878709793091,0.0,0.3101032078266144,0.0,0.0,0.0,0.0,0.0,0.0,0.0,0.18748578429222107,0.0,0.0,0.0,0.0,0.0,0.018921716138720512,0.0,1.591062307357788,0.0,0.0,0.0,0.0,0.0,0.7136267423629761,0.10924225300550461,0.09614992886781693,0.0,0.0,0.0,0.0,0.0,0.0,0.0,0.0,0.0,0.0,0.0,0.0,0.0,0.0,0.0,0.0,0.0,0.0,0.0,0.0,0.0,0.0,0.0,0.6831779479980469,0.0,0.0,0.0,0.0,0.0,0.0,0.0,0.0,0.0,0.0,0.0,0.0,0.0,0.0,0.0,4.989124774932861,0.0,0.11658111959695816,3.202418804168701,0.0,0.3365236222743988,1.1949076652526855,0.43492400646209717,0.17078141868114471,13.829428672790527,0.0,0.0,0.0,0.0,1.566909670829773,0.0,0.0,8.60817813873291,0.0,0.0,1.0085939168930054,0.0,0.0,0.5196510553359985,0.6423522233963013,0.0,0.0,0.5470232367515564,0.0,3.831195831298828,0.5385646224021912,2.48720645904541,0.6500470042228699,0.0,0.3727509677410126,0.0,0.0,0.0,0.0,0.028528282418847084,0.0,0.0,0.0,0.0,0.0,0.0,0.24623441696166992,0.5420121550559998,1.4197288751602173,0.0,0.0,0.0,0.0,0.0,0.8128818273544312,0.0,0.0,0.40688496828079224,0.0,0.0,0.0,0.1287810057401657,0.0,0.0,0.0,0.0,0.0,0.0,0.0,0.0,0.0,0.0,0.0,0.24040009081363678,0.0,0.0,0.0,0.0,0.0,0.0,0.0,0.0,0.0,0.0,0.0,0.0,0.0,0.0,0.0,0.0,0.0,0.0,0.0,0.0,0.0,0.0,0.0,0.08281739801168442,0.0,0.0,0.0,0.0,0.31565597653388977,0.0,0.0,0.0,0.4080301523208618,0.0,0.0,0.0,0.0,0.0,0.0,0.0,0.0,0.0,0.0,0.0,0.0,0.0,0.0,0.0,0.0,0.0,0.0,0.23001499474048615,0.0,0.0,0.0,0.0,0.0,0.0,0.0,0.0,0.0,0.0,0.0,0.0,0.0,0.0,0.0,0.0,0.0,0.0,0.054374512284994125,0.0,0.0,0.0,0.0,0.0,0.0,0.0,0.0,0.0,0.0,0.0,0.0,0.0,0.3649844527244568,0.0,0.20691633224487305,0.0,0.0,0.0,0.0,0.0,0.0,0.0,0.0,0.0,0.0,0.0,0.0,0.0,0.0,0.0,0.0,0.0,0.0,0.0,0.0,0.0,0.0,0.0,0.0,0.0,0.0,0.0,0.0,0.0,0.0,0.0,0.0,0.0,0.0,0.0,0.0,0.0,0.0,0.0,0.0,0.0,0.0,0.0,0.0,0.0,0.0,0.0,0.0,0.0,0.0,0.0,0.0,0.0,0.0,0.0,0.0,0.0,0.0,0.0,0.0,0.0,0.0,0.0,0.0,0.0,0.0,0.0,0.0,0.0,0.0,0.0,0.0,0.0,0.0,0.0,0.0,0.0,0.0,0.0,0.0,0.0,0.0,0.0,0.0,0.0,0.0,0.0,0.0,0.0,0.0,0.0,0.0,0.0,0.0,0.0,0.0,0.0,0.0,0.0,0.0,0.0,0.0,0.0,0.0,0.0,0.0,0.0,0.0,0.0,0.0,0.0,0.0,0.0,0.0,0.0,0.0,0.0,0.0,0.0,0.0,0.0,0.0,0.0,0.0
5042,0.0,0.0,0.0,0.0,0.5452377796173096,0.06674661487340927,0.259761780500412,0.0,0.5779006481170654,4.128664016723633,0.5779006481170654,0.4302304983139038,1.6341015100479126,0.0,0.0,0.0,0.0,0.0,0.0,0.0,0.0,0.0,0.0,0.10303018242120743,0.0,0.9789186716079712,0.0,0.399097740650177,0.0,0.0,0.0,0.0,0.0,0.0,0.0,0.11619824916124344,0.0,0.0,0.0,0.0,0.0,0.008681231178343296,0.0,0.8742403984069824,0.0,0.0,0.0,0.0,0.0,1.3821715116500854,0.08088725060224533,0.18682511150836945,0.0,0.0,0.0,0.0,0.0,0.0,0.0,0.0,0.0,0.0,0.0,0.0,0.0,0.0,0.0,0.0,0.0,0.0,0.0,0.0,0.0,0.0,0.0,0.5072948932647705,0.0,0.0,0.0,0.0,0.0,0.0,0.0,0.0,0.0,0.0,0.0,0.0,0.0,0.0,0.0,5.523807048797607,0.0,0.15909473598003387,0.0019260483095422387,0.0,0.25911417603492737,2.0125813484191895,0.41321060061454773,0.15984128415584564,12.852176666259766,0.0,0.0,0.0,0.14767014980316162,0.5254659652709961,0.0,0.0,1.4164811372756958,0.0,0.0,0.1802007555961609,0.0,0.0,0.49438807368278503,0.4149337410926819,0.0,0.0,0.24523107707500458,0.0,0.7799195647239685,0.15147924423217773,3.1177477836608887,0.43667420744895935,0.0,0.14854052662849426,0.0,0.0,0.0,0.0,0.045424871146678925,0.0,0.0,0.0,0.0,0.0,0.0,0.24342849850654602,0.6416728496551514,1.1001473665237427,0.0,0.0,0.0,0.0,0.0,0.7617834806442261,0.0,0.140543594956398,0.2499953806400299,0.0,0.0,0.0,0.06263422220945358,0.0,0.0,0.0,0.0,0.1459803432226181,0.0,0.0,0.0,0.0,0.0,0.0,0.044173020869493484,0.0,0.0,0.037310730665922165,0.0,0.0,0.0,0.0,0.0,0.0,0.0,0.0,0.0,0.0,0.0,0.0,0.0,0.0,0.05542374402284622,0.0,0.05542374402284622,0.0,0.0,0.05160282179713249,0.1294322907924652,0.0,0.0,0.0,0.0,0.13795316219329834,0.0,0.0,0.0,0.17832404375076294,0.0,0.0,0.0,0.0,0.0,0.0,0.0,0.0,0.0,0.0,0.0,0.0,0.0,0.0,0.0,0.0,0.0,0.0,0.1256396621465683,0.0,0.0,0.0,0.0,0.0,0.0,0.0,0.0,0.0,0.0,0.0,0.0,0.0,0.0,0.0,0.0,0.0,0.0,0.05015883594751358,0.0,0.0,0.0,0.0,0.0,0.0,0.0,0.0,0.0,0.0,0.0,0.0,0.0,0.1595115065574646,0.0,0.09042997658252716,0.0,0.0,0.0,0.0,0.0,0.0,0.09938690066337585,0.0,0.0,0.0,0.0,0.0,0.0,0.0,0.0,0.0,0.0,0.0,0.0,0.0,0.0,0.0,0.0,0.0,0.0,0.0,0.0,0.0,0.0,0.0,0.0,0.0,0.0,0.0,0.0,0.0,0.0,0.0,0.0,0.0,0.0,0.0,0.0,0.0,0.0,0.0,0.0,0.0,0.0,0.0,0.0,0.0,0.0,0.0,0.0,0.0,0.0,0.0,0.0,0.0,0.0,0.0,0.0,0.0,0.0,0.0,0.0,0.0,0.0,0.0,0.0,0.0,0.0,0.0,0.0,0.0,0.0,0.0,0.0,0.0,0.0,0.0,0.0,0.0,0.0,0.0,0.0,0.0,0.0,0.0,0.0,0.0,0.0,0.0,0.0,0.0,0.0,0.0,0.0,0.0,0.0,0.0,0.0,0.0,0.0,0.0,0.0,0.0,0.0,0.0,0.0,0.0,0.0,0.0,0.0,0.0,0.0,0.0,0.0,0.0,0.0,0.0,0.0,0.0
5043,0.0,0.0,0.0,0.0,0.8604609966278076,0.1761062741279602,0.259761780500412,0.0,0.8429193496704102,2.4077420234680176,0.0,0.0,0.9977853894233704,0.0,0.0,0.0,0.0,0.0,0.0,0.0,0.0,0.0,0.0,0.40048345923423767,0.0,0.9031878709793091,0.0,0.8738067746162415,0.0,0.0,0.0,0.0,0.0,0.0,0.0,0.9478093385696411,0.0,0.0,0.0,0.0,0.0,0.0,0.0,0.8413508534431458,0.0,0.0,0.0,0.0,0.0,1.0536437034606934,0.0,0.6104743480682373,0.0,0.0,0.0,0.0,0.0,0.0,0.0,0.0,0.0,0.0,0.0,0.0,0.0,0.0,0.0,0.0,0.0,0.0,0.0,0.0,0.0,0.0,0.0,0.0,0.0,0.0,0.0,0.0,0.0,0.0,0.0,0.0,0.0,0.0,0.0,0.0,0.0,0.0,0.0,3.268203020095825,0.0,0.0,0.002433073241263628,0.0,0.08537285029888153,1.2290351390838623,0.14767014980316162,0.16452845931053162,6.512104511260986,0.0,0.0,0.0,0.0,0.0,0.0,0.0,1.107710838317871,0.0,0.0,0.045249830931425095,0.0,0.0,0.0,0.0,0.0,0.0,0.20471744239330292,0.0,0.16325901448726654,0.0810629278421402,0.0,0.4447139501571655,0.0,0.0,0.0,0.0,0.0,0.0,0.03900855407118797,0.0,0.0,0.0,0.0,0.0,0.0,0.24623441696166992,0.3824138045310974,0.9087528586387634,0.0,0.0,0.0,0.0,0.0,0.0,0.0,0.0,0.0920492559671402,0.0,0.0,0.0,0.0,0.0,0.0,0.0,0.0,0.0,0.0,0.0,0.0,0.0,0.0,0.0,0.24040009081363678,0.0,0.0,0.0,0.0,0.0,0.0,0.0,0.0,0.0,0.0,0.0,0.0,0.0,0.0,0.0,0.0,0.0,0.0,0.0,0.0,0.0,0.0,0.0,0.046255555003881454,0.0,0.0,0.0,0.0,0.13795316219329834,0.0,0.0,0.0,0.0,0.0,0.0,0.0,0.0,0.0,0.0,0.0,0.0,0.0,0.0,0.0,0.0,0.0,0.0,0.0,0.0,0.0,0.0,0.0,0.0,0.0,0.0,0.0,0.0,0.0,0.0,0.0,0.0,0.0,0.0,0.0,0.0,0.0,0.0,0.0,0.0,0.0,0.02822381816804409,0.0,0.0,0.0,0.0,0.0,0.0,0.0,0.0,0.0,0.0,0.0,0.0,0.0,0.6994971632957458,0.0,1.1288317441940308,0.0,0.0,0.0,0.0,0.0,0.0,0.0,0.0,0.0,0.0,0.0,0.0,0.0,0.0,0.0,0.0,0.0,0.0,0.0,0.0,0.0,0.0,0.0,0.0,0.0,0.0,0.0,0.0,0.0,0.0,0.0,0.0,0.0,0.0,0.0,0.0,0.0,0.0,0.0,0.0,0.0,0.0,0.0,0.0,0.0,0.0,0.0,0.0,0.0,0.0,0.0,0.0,0.0,0.0,0.0,0.0,0.0,0.0,0.0,0.0,0.0,0.0,0.0,0.0,0.0,0.0,0.0,0.0,0.0,0.0,0.0,0.0,0.0,0.0,0.0,0.0,0.0,0.0,0.0,0.0,0.0,0.0,0.0,0.0,0.0,0.0,0.0,0.0,0.0,0.0,0.0,0.0,0.0,0.0,0.0,0.0,0.0,0.0,0.0,0.0,0.0,0.0,0.0,0.0,0.0,0.0,0.0,0.0,0.0,0.0,0.0,0.0,0.0,0.0,0.0,0.0,0.0,0.0,0.0,0.0,0.0,0.0,0.0,0.0
5044,0.0,0.0,0.0,0.0,0.0,0.0,0.0,0.0,0.0,0.0,0.0,0.0,0.0,0.0,0.0,0.0,0.0,0.0,0.0,0.0,0.0,0.0,0.0,0.0,0.0,0.0,0.0,0.0,0.0,0.0,0.0,0.0,0.0,0.0,0.0,0.0,0.0,0.0,0.0,0.0,0.0,0.0,0.0,0.0,0.0,0.0,0.0,0.0,0.0,0.0,0.0,0.0,0.0,0.0,0.0,0.0,0.0,0.0,0.0,0.0,0.0,0.0,0.0,0.0,0.0,0.0,0.0,0.0,0.0,0.0,0.0,0.0,0.0,0.0,0.0,0.0,0.0,0.0,0.0,0.0,0.0,0.0,0.0,0.0,0.0,0.0,0.0,0.0,0.0,0.0,0.0,0.0,0.0,0.0,0.0,0.0,0.0,0.0,0.0,0.0,0.0,0.0,0.0,0.0,0.0,0.0,0.0,0.0,0.0,0.0,0.0,0.0,0.0,0.0,0.0,0.0,0.0,0.0,0.0,0.0,0.0,0.0,0.0,0.0,0.0,0.0,0.0,0.0,0.0,0.0,0.0,0.0,0.0,0.0,0.0,0.0,0.0,0.0,0.0,0.0,0.0,0.0,0.0,0.0,0.0,0.0,0.0,0.0,0.0,0.0,0.0,0.0,0.0,0.0,0.0,0.0,0.0,0.0,0.0,0.0,0.0,0.0,0.0,0.0,0.0,0.0,0.0,0.0,0.0,0.0,0.0,0.0,0.0,0.0,0.0,0.0,0.0,0.0,0.0,0.0,0.0,0.0,0.0,0.0,0.0,0.0,0.0,0.0,0.0,0.0,0.0,0.0,0.0,0.0,0.0,0.0,0.0,0.0,0.0,0.0,0.0,0.0,0.0,0.0,0.0,0.0,0.0,0.0,0.0,0.0,0.0,0.0,0.0,0.0,0.0,0.0,0.0,0.0,0.0,0.0,0.0,0.0,0.0,0.0,0.0,0.0,0.0,0.0,0.0,0.0,0.0,0.0,0.0,0.0,0.0,0.0,0.0,0.0,0.0,0.0,0.0,0.0,0.0,0.0,0.0,0.0,0.0,0.0,0.0,0.0,0.0,0.0,0.0,0.0,0.0,0.0,0.0,0.0,0.0,0.0,0.0,0.0,0.0,0.0,0.0,0.0,0.0,0.0,0.0,0.0,0.0,0.0,0.0,0.0,0.0,0.0,0.0,0.0,0.0,0.0,0.0,0.0,0.0,0.0,0.0,0.0,0.0,0.0,0.0,0.0,0.0,0.0,0.0,0.0,0.0,0.0,0.0,0.0,0.0,0.0,0.0,0.0,0.0,0.0,0.0,0.0,0.0,0.0,0.0,0.0,0.0,0.0,0.0,0.0,0.0,0.0,0.0,0.0,0.0,0.0,0.0,0.0,0.0,0.0,0.0,0.0,0.0,0.0,0.0,0.0,0.0,0.0,0.0,0.0,0.0,0.0,0.0,0.0,0.0,0.0,0.0,0.0,0.0,0.0,0.0,0.0,0.0,0.0,0.0,0.0,0.0,0.0,0.0,0.0,0.0,0.0,0.0,0.0,0.0,0.0,0.0,0.0,0.0,0.0,0.0,0.0,0.0,0.0,0.0,0.0,0.0,0.0,0.0,0.0,0.0,0.0
5045,0.0,0.3279256224632263,1.0499916076660156,0.7599120140075684,1.408913254737854,1.3125319480895996,2.83016037940979,0.0,1.180139422416687,5.268818378448486,0.3709425628185272,0.9569576978683472,2.6777589321136475,0.0,0.0,0.4302304983139038,0.0,0.0,0.0,0.0,0.0,0.0,0.0,1.2273638248443604,0.0,2.3063790798187256,0.3709425628185272,0.9114002585411072,0.0,0.0,0.0,0.0,0.0,0.0,0.0,0.40988343954086304,0.0,0.0,0.0,0.7309338450431824,0.4592660069465637,1.9561973810195923,0.0,7.711867332458496,0.0,0.0,0.0,0.3391605317592621,0.0,5.284056663513184,1.8124055862426758,2.7191851139068604,2.9777469635009766,0.0,0.0,0.0,0.0,0.0,0.0,0.0,0.0,0.0,0.0,0.10203546285629272,0.0,0.0,0.22316846251487732,0.12334804236888885,0.0,0.3654669225215912,0.0,0.0,0.0,0.0,0.0,1.5634593963623047,0.0,0.0,3.042266607284546,10.594551086425781,3.0639405250549316,0.0,0.0,0.0,0.0,0.0,0.0,0.0,0.8306055665016174,0.0,0.8306055665016174,14.932124137878418,1.1511919498443604,0.14839528501033783,1.4846051931381226,0.0,0.5105547308921814,7.668128490447998,2.10981822013855,0.7087683081626892,10.251230239868164,0.0,0.0,0.0,0.193374365568161,0.527163565158844,0.0422218032181263,0.715643584728241,3.706008195877075,0.0,0.0,0.34340009093284607,0.0,0.0,4.145328521728516,3.0537123680114746,0.0,0.0,0.4749772846698761,0.0,5.976263999938965,0.8018365502357483,8.545811653137207,1.3896385431289673,0.2792138159275055,1.6784546375274658,0.0,0.0,0.0,0.0,2.4052045345306396,0.49499523639678955,0.0,0.0,0.0,0.0,0.0,0.3160286247730255,0.9480859041213989,3.6668689250946045,0.04716934636235237,0.0,0.0,0.0,0.0,1.1716095209121704,0.5793824195861816,0.07871318608522415,0.8108235001564026,0.0,0.0,0.0,0.9516945481300354,0.0,0.0,0.057642076164484024,0.0,0.7000969648361206,0.0,0.0,0.0,0.0,0.0,0.0,0.40730220079421997,0.0,0.0,0.7920617461204529,0.0,0.0,0.0,0.0,0.0,0.5377534031867981,0.0,1.0070812702178955,0.0,0.0,0.0,0.0,0.0,0.0,0.5533488988876343,0.0,0.5533488988876343,0.0,0.0,0.0,0.2759579122066498,0.0,0.0,0.0,0.0,0.07377620041370392,0.0,0.7990155220031738,0.0,0.1045304611325264,0.0,0.0,0.0,0.0,0.0,0.0,0.0,0.0,0.0,0.0,0.0,0.0,0.0,0.0,0.0,0.0,0.0,0.0,0.34010517597198486,0.0,0.0,0.0,0.0,0.0,0.0,0.0,0.0,0.0,0.0,0.0,0.0,0.0,0.0,0.0,0.0,0.0,0.0,0.2817856967449188,0.0,0.0,0.0,0.0,0.0,0.0,0.0,0.0,0.0,0.0,0.0,0.0,0.0,0.6031029224395752,0.0,0.0,0.0,0.0,0.8246707320213318,0.0,0.0,0.0,0.5268020629882812,0.0,0.0,0.0,1.0700020790100098,0.0,0.0,0.0,0.0,0.0,0.0,0.0,0.0,0.0,0.0,0.0,0.0,0.0,0.0,0.0,0.0,0.0,0.0,0.0,0.0,0.0,0.0,0.0,0.0,0.0,0.0,0.0,0.0,0.0,0.0,0.0,0.0,0.0,0.0,0.0,0.0,0.0,0.0,0.0,0.0,0.0,0.0,0.0,0.0,0.0,0.0,0.0,0.0,0.0,0.0,0.0,0.0,0.0,0.0,0.0,0.0,0.0,0.0,0.0,0.0,0.0,0.0,0.0,0.0,0.0,0.0,0.0,0.0,0.0,0.0,0.0,0.0,0.0,0.0,0.0,0.0,0.0,0.0,0.0,0.0,0.0,0.0,0.0,0.0,0.0,0.0,0.0,0.0,0.0,0.0,0.0,0.0,0.0,0.0,0.0,0.0,0.0,0.0,0.0,0.0,0.0,0.0,0.0,0.0,0.0,0.0,0.0,0.0,0.0,0.0,0.0,0.0,0.0
5046,0.0,0.0,1.0499916076660156,0.8813691139221191,0.9850155115127563,1.387188196182251,3.1700215339660645,0.0,1.3900915384292603,5.268818378448486,0.4302304983139038,0.9569576978683472,1.9139153957366943,0.0,0.0,0.0,0.0,0.0,0.0,0.0,0.0,0.0,0.0,1.1587648391723633,0.0,2.3251876831054688,0.4302304983139038,0.8604609966278076,0.0,0.0,0.0,0.0,0.0,0.0,0.0,0.44608578085899353,0.0,0.0,0.0,0.7309338450431824,0.4592660069465637,1.882409930229187,0.0,7.23415994644165,0.0,0.0,0.0,0.0,0.0,3.9302279949188232,1.8124055862426758,1.75680410861969,1.2648470401763916,0.0,0.0,0.0,0.0,0.0,0.0,0.0,0.0,0.0,0.0,0.10203546285629272,0.0,0.0,0.22316846251487732,0.12334804236888885,0.0,0.3654669225215912,0.0,0.0,0.0,0.0,0.0,1.2219915390014648,0.0,0.0,2.270517587661743,10.361807823181152,3.0639405250549316,0.0,0.0,0.0,0.0,0.0,0.0,0.0,0.8306055665016174,0.0,0.8306055665016174,14.029109001159668,1.1511919498443604,0.3256925642490387,1.784307837486267,0.0,0.5392616987228394,8.657934188842773,2.2901358604431152,1.0969895124435425,13.772542953491211,0.0,0.0,0.0,0.08823683857917786,0.527163565158844,0.0422218032181263,0.715643584728241,4.2135910987854,0.0,0.0,0.34846487641334534,0.0,0.0,3.7514450550079346,2.984487771987915,0.0,0.0,0.9740402698516846,0.0,6.419376373291016,1.1970208883285522,8.129236221313477,1.7759320735931396,0.4030005633831024,3.161804437637329,0.0,0.0,0.0,0.0,1.924190640449524,0.5085679292678833,0.0,0.0,0.0,0.0,0.0,0.23282378911972046,0.7984669804573059,3.1495168209075928,0.045496899634599686,0.0,0.0,0.0,0.0,0.7571661472320557,0.0,0.09791035950183868,0.9041427969932556,0.0,0.0,0.0,0.08948426693677902,0.0,0.0,0.0,0.0,0.11887122690677643,0.0,0.0,0.0,0.0,0.0,0.0,0.26592564582824707,0.0,0.0,0.6657811999320984,0.0,0.0,0.0,0.0,0.0,0.5377534031867981,0.0,0.0,0.0,0.0,0.0,0.0,0.0,0.0,0.0805184468626976,0.0,0.0805184468626976,0.0,0.0,0.0,0.3071724474430084,0.0,0.0,0.0,0.0,0.14007286727428436,0.0,0.7990155220031738,0.0,0.19169309735298157,0.0,0.0,0.0,0.0,0.0,0.0,0.0,0.0,0.0,0.0,0.0,0.0,0.0,0.0,0.0,0.0,0.0,0.0,0.35859474539756775,0.0,0.0,0.0,0.0,0.0,0.0,0.0,0.0,0.0,0.0,0.0,0.0,0.0,0.0,0.0,0.0,0.0,0.0,0.041002966463565826,0.0,0.0,0.0,0.0,0.0,0.0,0.0,0.0,0.0,0.0,0.0,0.0,0.0,0.6994971632957458,0.0,0.0,0.0,0.0,0.14182640612125397,0.0,0.0,0.0,0.3768231272697449,0.0,0.0,0.0,1.0700020790100098,0.0,0.0,0.0,0.0,0.0,0.0,0.0,0.0,0.0,0.0,0.0,0.0,0.0,0.0,0.0,0.0,0.0,0.0,0.0,0.0,0.0,0.0,0.0,0.0,0.0,0.0,0.0,0.0,0.0,0.0,0.0,0.0,0.0,0.0,0.0,0.0,0.0,0.0,0.0,0.0,0.0,0.0,0.0,0.0,0.0,0.0,0.0,0.0,0.0,0.0,0.0,0.0,0.0,0.0,0.0,0.0,0.0,0.0,0.0,0.0,0.0,0.0,0.0,0.0,0.0,0.0,0.0,0.0,0.0,0.0,0.0,0.0,0.0,0.0,0.0,0.0,0.0,0.0,0.0,0.0,0.0,0.0,0.0,0.0,0.0,0.0,0.0,0.0,0.0,0.0,0.0,0.0,0.0,0.0,0.0,0.0,0.0,0.0,0.0,0.0,0.0,0.0,0.0,0.0,0.0,0.0,0.0,0.0,0.0,0.0,0.0,0.0,0.0
5047,0.0,0.0,0.0,0.0,0.0,0.0,0.0,0.0,0.0,0.0,0.0,0.0,0.0,0.0,0.0,0.0,0.0,0.0,0.0,0.0,0.0,0.0,0.0,0.0,0.0,0.0,0.0,0.0,0.0,0.0,0.0,0.0,0.0,0.0,0.0,0.0,0.0,0.0,0.0,0.0,0.0,0.0,0.0,0.0,0.0,0.0,0.0,0.0,0.0,0.0,0.0,0.0,0.0,0.0,0.0,0.0,0.0,0.0,0.0,0.0,0.0,0.0,0.0,0.0,0.0,0.0,0.0,0.0,0.0,0.0,0.0,0.0,0.0,0.0,0.0,0.0,0.0,0.0,0.0,0.0,0.0,0.0,0.0,0.0,0.0,0.0,0.0,0.0,0.0,0.0,0.0,0.0,0.0,0.0,0.0,0.0,0.0,0.0,0.0,0.0,0.0,0.0,0.0,0.0,0.0,0.0,0.0,0.0,0.0,0.0,0.0,0.0,0.0,0.0,0.0,0.0,0.0,0.0,0.0,0.0,0.0,0.0,0.0,0.0,0.0,0.0,0.0,0.0,0.0,0.0,0.0,0.0,0.0,0.0,0.0,0.0,0.0,0.0,0.0,0.0,0.0,0.0,0.0,0.0,0.0,0.0,0.0,0.0,0.0,0.0,0.0,0.0,0.0,0.0,0.0,0.0,0.0,0.0,0.0,0.0,0.0,0.0,0.0,0.0,0.0,0.0,0.0,0.0,0.0,0.0,0.0,0.0,0.0,0.0,0.0,0.0,0.0,0.0,0.0,0.0,0.0,0.0,0.0,0.0,0.0,0.0,0.0,0.0,0.0,0.0,0.0,0.0,0.0,0.0,0.0,0.0,0.0,0.0,0.0,0.0,0.0,0.0,0.0,0.0,0.0,0.0,0.0,0.0,0.0,0.0,0.0,0.0,0.0,0.0,0.0,0.0,0.0,0.0,0.0,0.0,0.0,0.0,0.0,0.0,0.0,0.0,0.0,0.0,0.0,0.0,0.0,0.0,0.0,0.0,0.0,0.0,0.0,0.0,0.0,0.0,0.0,0.0,0.0,0.0,0.0,0.0,0.0,0.0,0.0,0.0,0.0,0.0,0.0,0.0,0.0,0.0,0.0,0.0,0.0,0.0,0.0,0.0,0.0,0.0,0.0,0.0,0.0,0.0,0.0,0.0,0.0,0.0,0.0,0.0,0.0,0.0,0.0,0.0,0.0,0.0,0.0,0.0,0.0,0.0,0.0,0.0,0.0,0.0,0.0,0.0,0.0,0.0,0.0,0.0,0.0,0.0,0.0,0.0,0.0,0.0,0.0,0.0,0.0,0.0,0.0,0.0,0.0,0.0,0.0,0.0,0.0,0.0,0.0,0.0,0.0,0.0,0.0,0.0,0.0,0.0,0.0,0.0,0.0,0.0,0.0,0.0,0.0,0.0,0.0,0.0,0.0,0.0,0.0,0.0,0.0,0.0,0.0,0.0,0.0,0.0,0.0,0.0,0.0,0.0,0.0,0.0,0.0,0.0,0.0,0.0,0.0,0.0,0.0,0.0,0.0,0.0,0.0,0.0,0.0,0.0,0.0,0.0,0.0,0.0,0.0,0.0,0.0,0.0,0.0,0.0,0.0,0.0,0.0,0.0,0.0,0.0
5048,1.337996244430542,0.15045851469039917,12.665628433227539,2.981840133666992,3.815181016921997,6.414341926574707,10.248405456542969,2.772535800933838,9.408591270446777,46.92482376098633,4.362396717071533,10.206539154052734,30.948516845703125,0.48756518959999084,0.573282778263092,3.0059502124786377,0.1530139446258545,0.10303018242120743,0.40048345923423767,0.0,1.2273638248443604,1.1587648391723633,0.0,17.3751163482666,2.970921754837036,34.71293640136719,4.6117377281188965,17.3751163482666,0.0,3.848761558532715,0.0,7.335980415344238,0.0,0.0,0.0,3.3501780033111572,0.0,0.0,0.0,6.330755710601807,4.445049285888672,13.276456832885742,0.0,43.315277099609375,1.8596071004867554,0.0,0.0,4.524905204772949,2.6158697605133057,46.00669479370117,13.51268482208252,12.727202415466309,15.202558517456055,0.0,0.0,0.0,0.0,0.0,0.0,2.62026309967041,0.0,7.569344520568848,0.0,2.26983904838562,1.8971856832504272,0.37084126472473145,2.401869535446167,1.7762672901153564,0.0,3.4875175952911377,4.173836708068848,2.936464309692383,6.027044773101807,0.0,0.0,42.53874206542969,0.0,0.0,29.619964599609375,3.859224319458008,12.479100227355957,0.0,0.0,5.373508930206299,0.0,0.0,0.0,0.0,14.5708646774292,0.0,5.82558536529541,47.520992279052734,27.267744064331055,0.12755151093006134,0.9032970666885376,0.0,0.7326284646987915,4.460293769836426,2.1350479125976562,0.5248273611068726,13.348637580871582,0.0,0.0,0.0,2.8187875747680664,4.738943099975586,3.9026880264282227,1.5827308893203735,9.855446815490723,0.0,0.0,0.4723722040653229,0.0,0.0,24.667055130004883,24.404054641723633,0.0,0.0,1.490248680114746,0.0,5.834085941314697,1.303605318069458,63.86376190185547,23.261825561523438,1.3849074840545654,1.8553252220153809,0.0,0.0,0.0,0.0,22.41860008239746,8.40966510772705,0.0,0.0,0.0,0.0,0.0,3.095463275909424,10.67220687866211,42.75983428955078,1.6597129106521606,1.5278877019882202,0.0,4.128664016723633,1.0216069221496582,13.957921028137207,5.813704490661621,3.3954505920410156,17.312135696411133,1.9014230966567993,0.0,0.0,8.783641815185547,0.0,0.0,5.562399387359619,0.0,17.12998390197754,0.0,0.0,4.555574417114258,0.0,2.1817636489868164,0.0,17.645301818847656,0.0,0.0,11.395350456237793,0.0,0.47235652804374695,0.0,0.0,0.0,28.561992645263672,0.0,12.856696128845215,0.0,0.20748506486415863,2.7718403339385986,0.0,0.0,0.0,1.9467273950576782,0.12630987167358398,2.08196759223938,0.0,0.0,0.5082200765609741,0.6288228034973145,0.0,0.0,0.0,0.3663451373577118,0.28552037477493286,0.0,0.3591509163379669,0.0,0.29118186235427856,0.08759540319442749,0.19226492941379547,0.4797501564025879,0.0,0.0,0.0,0.0,0.0,0.0,0.0,0.018519174307584763,0.0,0.0,0.0,0.0,0.0,0.0,0.0,0.6574273109436035,0.0,0.0,0.0,0.0,0.0,0.0,0.0,0.0,0.0,0.0,0.0,0.0,0.0,0.0,0.0,0.0,0.0,0.0,1.0542728900909424,0.0,0.0,0.0,0.961696982383728,0.0,0.0,0.5388268232345581,0.4797501564025879,0.0,0.0,0.0,0.0,0.6898121237754822,1.7768923044204712,0.15654103457927704,1.13324773311615,0.0,0.1328924298286438,2.7433509826660156,0.0,0.4797501564025879,0.4988844096660614,1.7011817693710327,0.0,0.0,0.0,7.723291397094727,0.0,0.0,0.0,0.0,0.0,0.0,0.0,0.0,0.0,0.0,0.0,0.0,0.0,0.0,0.0,0.0,0.0,0.0,0.0,0.0,0.0,0.0,0.0,0.0,0.0,0.0,0.0,0.0,0.0,0.0,0.0,0.0,0.0,0.0,0.0,0.0,0.0,0.0,0.0,0.0,0.0,0.0,0.0,0.0,0.0,0.0,0.0,0.0,0.0,0.0,0.0,0.0,0.0,0.0,0.0,0.0,0.0,0.0,0.0,0.0,0.0,0.0,0.0,0.0,0.0,0.0,0.0,0.0,0.0,0.0,0.0,0.0,0.0,0.0,0.0,0.0,0.0,0.0,0.0,0.0,0.0,0.0,0.0,0.0,0.0,0.0,0.0,0.0,0.0,0.0,0.0,0.0,0.0,0.0,0.0,0.0,0.0,0.0,0.0,0.0,0.0,0.0,0.0,0.0,0.0,0.0,0.0,0.0,0.0,0.0,0.0,0.0,0.0
5049,0.4800916612148285,0.3279256224632263,0.857632577419281,1.456211805343628,2.3344802856445312,2.7870330810546875,5.769448757171631,0.4302304983139038,3.181612014770508,9.410259246826172,1.4353036880493164,0.8604609966278076,4.128664016723633,0.0,0.0,0.4302304983139038,0.0,0.0,0.0,0.0,0.0,0.0,0.0,2.970921754837036,0.0,3.1430113315582275,0.8604609966278076,1.8391444683074951,0.0,0.45067277550697327,0.0,0.3709425628185272,0.0,0.0,0.0,0.6605335474014282,0.0,0.0,0.0,1.7098400592803955,1.230741024017334,3.582509756088257,0.0,13.411333084106445,0.3217236399650574,0.0,0.0,0.3391605317592621,0.5616440773010254,9.318154335021973,3.4905190467834473,4.057858943939209,3.3743696212768555,0.0,0.0,0.0,0.0,0.0,0.0,0.0,0.0,0.0,0.0,0.46340110898017883,0.2477637231349945,0.0,0.6227730512619019,0.3786587417125702,0.0,0.3654669225215912,0.3217236399650574,0.4380861222743988,0.3217236399650574,0.0,0.0,3.671114206314087,0.0,0.0,4.075404644012451,4.019168853759766,2.7943801879882812,0.0,0.0,0.6784381866455078,0.0,0.0,0.0,0.0,2.090636730194092,0.0,0.7587652206420898,24.47576141357422,1.910961627960205,0.22790871560573578,1.4669257402420044,0.0,0.7908516526222229,10.13005542755127,3.307663679122925,0.7493318915367126,28.91008949279785,0.0,0.0,0.0,0.28781118988990784,0.6296836137771606,0.07445048540830612,1.5014142990112305,6.597047328948975,0.0,0.0,0.814905047416687,0.0,0.0,6.832432270050049,5.141058921813965,0.0,0.0,1.0103251934051514,0.0,9.443004608154297,1.5914052724838257,18.957786560058594,1.9749037027359009,0.8425208926200867,3.685096025466919,0.0,0.0,0.0,0.0,2.325390338897705,0.7388603091239929,0.0,0.0,0.0,0.0,0.0,0.41595587134361267,1.4341301918029785,3.3261923789978027,0.06201707571744919,0.19778446853160858,0.0,0.49954062700271606,0.0,1.2285091876983643,0.3107866644859314,0.36829522252082825,1.5448880195617676,0.12064909934997559,0.0,0.0,0.6953456401824951,0.0,0.0,0.16154886782169342,0.0,1.9066497087478638,0.0,0.0,0.0,0.0,0.0,0.0,0.3953186571598053,0.0,0.0,0.8624165058135986,0.0,0.0,0.0,0.0,0.0,0.3224216103553772,0.0,0.8584933280944824,0.0,0.0,0.0,0.0,0.0,0.0,0.6417909264564514,0.0,0.6529303193092346,0.0,0.0,0.48898398876190186,0.4853760302066803,0.0,0.0,0.0,0.0,0.3250039517879486,0.0,0.6526354551315308,0.0,0.34365373849868774,0.14922969043254852,0.23434311151504517,0.6417909264564514,0.0,0.0,0.0,0.0,0.0,0.0,0.0,0.23471520841121674,0.0,0.0,0.0,0.0,0.0,0.0,0.0,0.43507906794548035,0.0,0.0,0.0,0.0,0.0,0.0,0.0,0.0,0.0,0.0,0.0,0.0,0.0,0.0,0.0,0.0,0.0,0.0,0.8758219480514526,0.0,0.0,0.0,0.0,0.0,0.0,0.6732237339019775,0.6417909264564514,0.0,0.0,0.0,0.0,0.0,3.7021474838256836,0.0,1.0814961194992065,0.0,0.0,0.5324290990829468,0.0,0.6417909264564514,0.0,1.435057282447815,0.0,0.0,0.0,2.3450348377227783,0.0,0.0,0.0,0.0,0.0,0.0,0.0,0.0,0.0,0.0,0.0,0.0,0.0,0.0,0.0,0.0,0.0,0.0,0.0,0.0,0.0,0.0,0.0,0.0,0.0,0.0,0.0,0.0,0.0,0.0,0.0,0.0,0.0,0.0,0.0,0.0,0.0,0.0,0.0,0.0,0.0,0.0,0.0,0.0,0.0,0.0,0.0,0.0,0.0,0.0,0.0,0.0,0.0,0.0,0.0,0.0,0.0,0.0,0.0,0.0,0.0,0.0,0.0,0.0,0.0,0.0,0.0,0.0,0.0,0.0,0.0,0.0,0.0,0.0,0.0,0.0,0.0,0.0,0.0,0.0,0.0,0.0,0.0,0.0,0.0,0.0,0.0,0.0,0.0,0.0,0.0,0.0,0.0,0.0,0.0,0.0,0.0,0.0,0.0,0.0,0.0,0.0,0.0,0.0,0.0,0.0,0.0,0.0,0.0,0.0,0.0,0.0,0.0
5050,2.1604976654052734,0.48611414432525635,15.612044334411621,11.324283599853516,18.083515167236328,17.863073348999023,42.094383239746094,4.099305629730225,27.410594940185547,73.88594055175781,8.965441703796387,14.343398094177246,50.439693450927734,0.8002371788024902,2.6430180072784424,5.856770038604736,0.9031878709793091,0.9789186716079712,0.9031878709793091,0.0,2.3063790798187256,2.3251876831054688,0.0,34.71293640136719,3.1430113315582275,51.64228820800781,7.104977130889893,30.138505935668945,0.0,6.546316623687744,0.0,7.559604644775391,0.0,0.0,0.0,5.330589771270752,0.0,0.0,0.0,10.295044898986816,7.901461124420166,23.407955169677734,0.0,63.315452575683594,2.1572391986846924,0.0,0.0,2.990464448928833,2.192833185195923,40.06083679199219,13.655550956726074,19.765213012695312,24.513166427612305,0.0,0.0,0.0,0.0,1.0380553007125854,0.8328787684440613,0.6001042723655701,0.0,1.1061275005340576,0.0,1.7513015270233154,1.6613191366195679,0.37775546312332153,3.0850467681884766,1.8754208087921143,0.0,3.8176040649414062,2.1572391986846924,2.9374794960021973,3.149674415588379,0.0,0.0,18.929927825927734,0.0,0.0,16.085163116455078,21.42597198486328,11.461414337158203,0.0,1.9712038040161133,3.717336416244507,0.0,0.0,0.0,0.0,11.338595390319824,0.0,3.9240787029266357,113.47006225585938,20.138736724853516,0.7742742300033569,2.5360825061798096,0.0,2.3150362968444824,31.617822647094727,13.60490608215332,3.7441601753234863,89.37430572509766,0.8222910165786743,0.0,0.0,0.5493789911270142,2.4643726348876953,1.047541856765747,4.341597080230713,18.755863189697266,0.0,0.0,1.6709400415420532,0.0,0.0,19.173349380493164,11.466567039489746,0.01680738851428032,0.07729534804821014,3.096926689147949,0.0,19.138322830200195,3.343874216079712,94.79771423339844,11.629987716674805,2.7768800258636475,4.0765228271484375,0.0,0.0,0.0,0.0,43.307552337646484,15.065801620483398,0.0,0.0,0.0,0.0,0.0,5.737894058227539,19.945547103881836,76.19499969482422,3.0015411376953125,2.747878074645996,0.0,7.123384952545166,1.9875773191452026,25.608678817749023,10.16773796081543,5.338267803192139,30.42820930480957,3.1892457008361816,0.0,0.0,15.817500114440918,0.0,0.0,9.242876052856445,0.0,30.3616886138916,0.0,0.0,7.680466175079346,0.0,4.003332138061523,0.0,24.926589965820312,0.0,0.0,21.072551727294922,0.0,0.44099941849708557,0.0,0.0,0.0,61.664207458496094,0.0,23.399211883544922,0.0,1.038912296295166,5.194357395172119,0.0,0.0,0.0,15.322212219238281,1.1439096927642822,15.322212219238281,0.0,0.0,3.5946710109710693,1.7829464673995972,0.0,0.0,0.0,2.8445558547973633,1.8050611019134521,0.0,0.8888343572616577,0.0,2.026301622390747,0.5675188899040222,1.3528863191604614,3.7051234245300293,0.0,0.0,0.0,0.0,0.0,0.0,0.0,0.08005394786596298,0.0,0.0,0.0,0.15057441592216492,0.0,0.0,0.0,6.093565940856934,0.0,0.0,0.0,0.0,0.0,0.0,0.0,0.0,0.0,0.0,0.0,0.0,0.0,1.863476276397705,0.0,0.0,0.0,0.0,7.501039505004883,0.0,0.0,0.0,4.354744911193848,0.0,0.0,2.87876296043396,2.7443535327911377,0.0,0.0,0.0,0.0,1.9882858991622925,7.70443058013916,1.2257343530654907,5.878667831420898,0.0,2.345832109451294,5.578339576721191,0.0,2.7443535327911377,1.0258643627166748,11.084041595458984,0.0,0.0,0.0,6.845450401306152,0.0,0.0,0.0,0.0,0.0,0.0,0.0,0.0,0.0,0.0,0.0,0.0,0.0,0.0,0.0,0.0,0.0,0.0,0.0,0.0,0.0,0.0,0.0,0.0,0.0,0.0,0.0,0.0,0.0,0.0,0.0,0.0,0.0,0.0,0.0,0.0,0.0,0.0,0.0,0.0,0.0,0.0,0.0,0.0,0.0,0.0,0.0,0.0,0.0,0.0,0.0,0.0,0.0,0.0,0.0,0.0,0.0,0.0,0.0,0.0,0.0,0.0,0.0,0.0,0.0,0.0,0.0,0.0,0.0,0.0,0.0,0.0,0.0,0.0,0.0,0.0,0.0,0.0,0.0,0.0,0.0,0.0,0.0,0.0,0.0,0.0,0.0,0.0,0.0,0.0,0.0,0.0,0.0,0.0,0.0,0.0,0.0,0.0,0.0,0.0,0.0,0.0,0.0,0.0,0.0,0.0,0.0,0.0,0.0,0.0,0.0,0.0,0.0
5051,0.3565105199813843,0.3279256224632263,3.257459878921509,5.5309834480285645,9.058208465576172,9.418965339660645,18.859819412231445,2.6933951377868652,12.103874206542969,33.614253997802734,4.822542190551758,3.6984333992004395,13.021872520446777,0.0,1.1273452043533325,2.6336817741394043,0.0,0.0,0.0,0.0,0.3709425628185272,0.4302304983139038,0.0,4.6117377281188965,0.8604609966278076,7.104977130889893,4.128664016723633,3.989943742752075,0.0,1.0100491046905518,0.0,0.5884529948234558,0.0,0.0,0.0,3.499638795852661,0.0,0.0,0.0,2.288363456726074,1.6307132244110107,4.623371124267578,0.0,22.1003360748291,1.221970796585083,0.0,0.0,1.1679410934448242,0.3734642565250397,18.434791564941406,5.163945198059082,11.174062728881836,7.379640579223633,0.0,0.0,0.0,0.0,0.0,0.0,0.0,0.0,0.0,0.0,0.597003161907196,0.9410561919212341,0.0,0.9191505312919617,0.747916579246521,0.0,1.2276219129562378,1.221970796585083,1.6639387607574463,1.221970796585083,0.0,0.0,1.712228536605835,0.0,0.0,3.2234745025634766,5.108663082122803,2.8725719451904297,0.0,0.0,0.8969975709915161,0.0,0.0,0.0,0.0,2.7387189865112305,0.0,0.6784381866455078,60.630516052246094,2.7892279624938965,0.13692724704742432,4.443295001983643,0.0,1.1080735921859741,9.939207077026367,4.204570293426514,0.8116958737373352,35.316375732421875,0.0,0.0,0.0,0.2651727795600891,0.5067852139472961,0.07639320939779282,1.1942414045333862,8.525550842285156,0.0,0.0,0.9980429410934448,0.0,0.0,2.5462076663970947,1.6438478231430054,0.0,0.0,1.4798086881637573,0.0,6.794248104095459,1.8735836744308472,5.267498016357422,0.6079360246658325,0.581812858581543,1.756723403930664,0.0,0.0,0.0,0.0,4.546623706817627,1.3622474670410156,0.0,0.0,0.0,0.0,0.0,0.6884341835975647,2.3865487575531006,6.605199813842773,0.15910881757736206,0.27689671516418457,0.0,0.9990812540054321,0.18749433755874634,2.0144073963165283,0.831828773021698,0.5506343245506287,2.431762933731079,0.147098109126091,0.0,0.0,1.5173277854919434,0.0,0.0,0.9844016432762146,0.0,1.8283401727676392,0.0,0.0,0.3646775782108307,0.0,0.0,0.0,0.7285712361335754,0.0,0.0,1.054739236831665,0.0,0.0,0.0,0.0,0.0,4.697944641113281,0.0,0.9764523506164551,0.0,0.0,0.5508084893226624,0.0,0.0,0.0,2.4788382053375244,0.0,2.4788382053375244,0.0,0.0,1.1769903898239136,4.10254430770874,0.0,0.0,0.0,0.5778052806854248,1.5359150171279907,0.0,1.9379405975341797,0.0,1.1442707777023315,0.23804344236850739,0.5716587901115417,1.5365504026412964,0.0,0.0,0.0,0.0,0.0,0.0,0.0,0.11774463951587677,0.0,0.0,0.0,0.0,0.0,0.0,0.0,0.2548648416996002,0.0,0.0,0.0,0.0,0.0,0.0,0.0,0.0,0.0,0.0,0.0,0.0,0.0,0.0,0.0,0.0,0.0,0.0,3.3129241466522217,0.0,0.0,0.0,4.488259792327881,0.0,0.0,0.4968982934951782,0.5574515461921692,0.0,0.0,0.0,0.0,5.642437934875488,14.180766105651855,2.0109164714813232,10.307511329650879,0.0,0.08705064654350281,0.894627571105957,0.0,0.47369813919067383,0.0,4.348581314086914,0.0,0.0,0.0,0.37853023409843445,0.0,0.0,0.0,0.0,0.0,0.0,0.0,0.0,0.0,0.0,0.0,0.0,0.0,0.0,0.0,0.0,0.0,0.0,0.0,0.0,0.0,0.0,0.0,0.0,0.0,0.0,0.0,0.0,0.0,0.0,0.0,0.0,0.0,0.0,0.0,0.0,0.0,0.0,0.0,0.0,0.0,0.0,0.0,0.0,0.0,0.0,0.0,0.0,0.0,0.0,0.0,0.0,0.0,0.0,0.0,0.0,0.0,0.0,0.0,0.0,0.0,0.0,0.0,0.0,0.0,0.0,0.0,0.0,0.0,0.0,0.0,0.0,0.0,0.0,0.0,0.0,0.0,0.0,0.0,0.0,0.0,0.0,0.0,0.0,0.0,0.0,0.0,0.0,0.0,0.0,0.0,0.0,0.0,0.0,0.0,0.0,0.0,0.0,0.0,0.0,0.0,0.0,0.0,0.0,0.0,0.0,0.0,0.0,0.0,0.0,0.0,0.0,0.0
5052,1.337996244430542,0.15045851469039917,8.257328033447266,4.455592632293701,10.183899879455566,11.525530815124512,14.479315757751465,2.839053153991699,17.62820053100586,38.45433044433594,4.849004745483398,7.333841800689697,25.97842025756836,0.3654669225215912,1.1202665567398071,2.113316297531128,0.3101032078266144,0.399097740650177,0.8738067746162415,0.0,0.9114002585411072,0.8604609966278076,0.0,17.3751163482666,1.8391444683074951,30.138505935668945,3.989943742752075,18.33745574951172,0.0,3.7096402645111084,0.0,4.128664016723633,0.0,0.0,0.0,2.8237619400024414,0.0,0.0,0.0,4.996337890625,4.158534049987793,12.844222068786621,0.0,33.8460807800293,1.3065159320831299,0.0,0.0,1.6280423402786255,0.5616440773010254,20.222946166992188,7.362381458282471,9.550537109375,10.637157440185547,0.0,0.0,0.0,0.0,0.4257299602031708,0.0,0.29029130935668945,0.0,0.48556119203567505,0.0,0.8352851271629333,0.9901217222213745,0.3654669225215912,1.570633053779602,1.0960804224014282,0.0,2.102346897125244,1.2768542766571045,1.70907723903656,1.2449750900268555,0.0,0.0,1.0841528177261353,0.0,0.0,3.515550136566162,2.3517487049102783,4.796257972717285,0.0,0.0,0.9206418395042419,0.0,0.0,0.0,0.0,3.0927228927612305,0.0,1.2984490394592285,57.52714920043945,2.3150362968444824,0.08577638864517212,0.8928350210189819,0.0,1.1138314008712769,7.94134521484375,2.5337514877319336,0.7224727869033813,26.79629135131836,0.0,0.0,0.0,0.2173687219619751,0.40960949659347534,0.07356126606464386,1.750564455986023,6.828308582305908,0.0,0.0,0.7620618343353271,0.0,0.0,2.501950263977051,1.8306519985198975,0.0,0.0,1.3902637958526611,0.0,8.60332202911377,1.5942264795303345,6.101635932922363,0.7859800457954407,0.7070023417472839,2.0016605854034424,0.0,0.0,0.0,0.0,11.43537712097168,4.814970016479492,0.0,0.0,0.0,0.0,0.0,3.1572484970092773,10.926663398742676,22.965478897094727,1.6982346773147583,1.727692723274231,0.0,4.128664016723633,1.0216069221496582,14.783288955688477,6.2439351081848145,3.5720419883728027,18.806421279907227,1.9437299966812134,0.0,0.0,9.206862449645996,0.0,0.0,5.90992546081543,0.0,6.10959005355835,0.0,0.0,1.225003719329834,0.0,0.5266144275665283,0.0,3.9959847927093506,0.0,0.0,6.498193740844727,0.0,0.07955414056777954,0.0,0.0,0.0,39.792999267578125,0.0,4.713524341583252,0.0,0.4196842610836029,1.3497521877288818,0.0,0.0,0.0,6.956986904144287,0.4519108533859253,6.956986904144287,0.0,0.0,1.1566985845565796,0.8462826013565063,0.0,0.0,0.0,1.310707926750183,0.8480079174041748,0.0,0.709757924079895,0.0,0.9626299142837524,0.2629106938838959,0.6267426013946533,1.7164478302001953,0.0,0.0,0.0,0.0,0.0,0.0,0.0,0.033393580466508865,0.0,0.0,0.0,0.0,0.0,0.0,0.0,0.055869489908218384,0.0,0.0,0.0,0.0,0.0,0.0,0.0,0.0,0.0,0.0,0.0,0.0,0.0,0.0,0.0,0.0,0.0,0.0,3.956573724746704,0.0,0.0,0.0,3.4407548904418945,0.0,0.0,1.800513744354248,1.7164478302001953,0.0,0.0,0.0,0.0,2.4833719730377197,7.392361164093018,0.15654103457927704,3.4958322048187256,0.0,0.08050026744604111,2.7730374336242676,0.0,1.7164478302001953,0.42348188161849976,4.558894634246826,0.0,0.0,0.0,0.37272903323173523,0.0,0.0,0.0,0.0,0.0,0.0,0.0,0.0,0.0,0.0,0.0,0.0,0.0,0.0,0.0,0.0,0.0,0.0,0.0,0.0,0.0,0.0,0.0,0.0,0.0,0.0,0.0,0.0,0.0,0.0,0.0,0.0,0.0,0.0,0.0,0.0,0.0,0.0,0.0,0.0,0.0,0.0,0.0,0.0,0.0,0.0,0.0,0.0,0.0,0.0,0.0,0.0,0.0,0.0,0.0,0.0,0.0,0.0,0.0,0.0,0.0,0.0,0.0,0.0,0.0,0.0,0.0,0.0,0.0,0.0,0.0,0.0,0.0,0.0,0.0,0.0,0.0,0.0,0.0,0.0,0.0,0.0,0.0,0.0,0.0,0.0,0.0,0.0,0.0,0.0,0.0,0.0,0.0,0.0,0.0,0.0,0.0,0.0,0.0,0.0,0.0,0.0,0.0,0.0,0.0,0.0,0.0,0.0,0.0,0.0,0.0,0.0,0.0
5053,0.0,0.0,0.0,0.0,0.0,0.0,0.0,0.0,0.0,0.0,0.0,0.0,0.0,0.0,0.0,0.0,0.0,0.0,0.0,0.0,0.0,0.0,0.0,0.0,0.0,0.0,0.0,0.0,0.0,0.0,0.0,0.0,0.0,0.0,0.0,0.0,0.0,0.0,0.0,0.0,0.0,0.0,0.0,0.0,0.0,0.0,0.0,0.0,0.0,0.0,0.0,0.0,0.0,0.0,0.0,0.0,0.0,0.0,0.0,0.0,0.0,0.0,0.0,0.0,0.0,0.0,0.0,0.0,0.0,0.0,0.0,0.0,0.0,0.0,0.0,0.0,0.0,0.0,0.0,0.0,0.0,0.0,0.0,0.0,0.0,0.0,0.0,0.0,0.0,0.0,0.0,0.0,0.0,0.0,0.0,0.0,0.0,0.0,0.0,0.0,0.0,0.0,0.0,0.0,0.0,0.0,0.0,0.0,0.0,0.0,0.0,0.0,0.0,0.0,0.0,0.0,0.0,0.0,0.0,0.0,0.0,0.0,0.0,0.0,0.0,0.0,0.0,0.0,0.0,0.0,0.0,0.0,0.0,0.0,0.0,0.0,0.0,0.0,0.0,0.0,0.0,0.0,0.0,0.0,0.0,0.0,0.0,0.0,0.0,0.0,0.0,0.0,0.0,0.0,0.0,0.0,0.0,0.0,0.0,0.0,0.0,0.0,0.0,0.0,0.0,0.0,0.0,0.0,0.0,0.0,0.0,0.0,0.0,0.0,0.0,0.0,0.0,0.0,0.0,0.0,0.0,0.0,0.0,0.0,0.0,0.0,0.0,0.0,0.0,0.0,0.0,0.0,0.0,0.0,0.0,0.0,0.0,0.0,0.0,0.0,0.0,0.0,0.0,0.0,0.0,0.0,0.0,0.0,0.0,0.0,0.0,0.0,0.0,0.0,0.0,0.0,0.0,0.0,0.0,0.0,0.0,0.0,0.0,0.0,0.0,0.0,0.0,0.0,0.0,0.0,0.0,0.0,0.0,0.0,0.0,0.0,0.0,0.0,0.0,0.0,0.0,0.0,0.0,0.0,0.0,0.0,0.0,0.0,0.0,0.0,0.0,0.0,0.0,0.0,0.0,0.0,0.0,0.0,0.0,0.0,0.0,0.0,0.0,0.0,0.0,0.0,0.0,0.0,0.0,0.0,0.0,0.0,0.0,0.0,0.0,0.0,0.0,0.0,0.0,0.0,0.0,0.0,0.0,0.0,0.0,0.0,0.0,0.0,0.0,0.0,0.0,0.0,0.0,0.0,0.0,0.0,0.0,0.0,0.0,0.0,0.0,0.0,0.0,0.0,0.0,0.0,0.0,0.0,0.0,0.0,0.0,0.0,0.0,0.0,0.0,0.0,0.0,0.0,0.0,0.0,0.0,0.0,0.0,0.0,0.0,0.0,0.0,0.0,0.0,0.0,0.0,0.0,0.0,0.0,0.0,0.0,0.0,0.0,0.0,0.0,0.0,0.0,0.0,0.0,0.0,0.0,0.0,0.0,0.0,0.0,0.0,0.0,0.0,0.0,0.0,0.0,0.0,0.0,0.0,0.0,0.0,0.0,0.0,0.0,0.0,0.0,0.0,0.0,0.0,0.0,0.0,0.0,0.0,0.0,0.0,0.0
5054,0.0,0.0,4.563386917114258,0.07681974023580551,2.0627224445343018,2.443504571914673,0.5776238441467285,0.8569638729095459,1.6328274011611938,10.421526908874512,2.296491861343384,2.3813893795013428,8.495404243469238,0.0,0.0,0.5242049694061279,0.0,0.0,0.0,0.0,0.0,0.0,0.0,3.848761558532715,0.45067277550697327,6.546316623687744,1.0100491046905518,3.7096402645111084,0.0,0.8604609966278076,0.0,1.0564324855804443,0.0,0.0,0.0,0.3678683042526245,0.0,0.0,0.0,0.8593807816505432,0.8113489151000977,2.250542402267456,0.0,6.178247928619385,0.4148091971874237,0.0,0.0,0.0,0.0,13.530426025390625,2.583641529083252,2.99830961227417,3.3132691383361816,0.0,0.0,0.0,0.0,0.0,0.0,0.0,0.0,0.0,0.0,0.1750548928976059,0.26830148696899414,0.0,0.2163202166557312,0.15683923661708832,0.0,0.33032602071762085,1.2946302890777588,0.6665074825286865,1.865588665008545,0.0,0.0,7.486006259918213,0.0,0.0,5.621734142303467,0.0,0.0,0.0,0.0,0.0,0.0,0.0,0.0,0.0,3.6170942783355713,0.0,0.0,2.8358840942382812,0.0,0.002523064613342285,0.40791958570480347,0.0,0.22903354465961456,1.7432066202163696,0.36998122930526733,0.11522626876831055,3.59505295753479,0.0,0.0,0.0,0.27161431312561035,0.5083658695220947,0.0,0.16587817668914795,2.6107752323150635,0.0,0.0,0.1515551507472992,0.0,0.0,4.331065654754639,3.6443517208099365,0.0,0.0,0.6819270253181458,0.0,1.5403294563293457,0.29823949933052063,10.185038566589355,3.117141008377075,0.0,0.37238094210624695,0.0,0.0,0.0,0.0,4.1111345291137695,1.1691089868545532,0.0,0.0,0.0,0.0,0.0,0.5715816617012024,2.0402796268463135,8.313868522644043,0.6322847604751587,0.3884996771812439,0.0,0.7812840342521667,0.23482345044612885,3.5443115234375,1.2013658285140991,0.9603550434112549,4.052639961242676,0.39353686571121216,0.0,0.0,1.7682511806488037,0.0,0.0,1.602870225906372,0.0,2.6961898803710938,0.0,0.0,0.4132557809352875,0.0,0.0,0.0,2.1995038986206055,0.0,0.0,1.6962454319000244,0.0,0.0,0.0,0.0,0.0,12.899903297424316,0.0,2.1310243606567383,0.0,0.0,0.17999409139156342,0.0,0.0,0.0,1.4813451766967773,0.0,1.4586057662963867,0.0,0.0,0.0,0.1428312510251999,0.0,0.0,0.0,0.0,0.16846512258052826,0.0,0.0,0.0,0.22726933658123016,0.06916584074497223,0.15205323696136475,0.384025514125824,0.0,0.0,0.0,0.0,0.0,0.0,0.0,0.0,0.0,0.0,0.0,0.0,0.0,0.0,0.0,0.0,0.0,0.0,0.0,0.0,0.0,0.0,0.0,0.0,0.0,0.0,0.0,0.0,0.0,0.0,0.0,0.0,0.0,0.0,0.656825840473175,0.0,0.0,0.0,0.0,0.0,0.0,0.40283381938934326,0.384025514125824,0.0,0.0,0.0,0.0,0.0,0.8667536973953247,0.0,0.2217555046081543,0.0,0.0,0.5008331537246704,0.0,0.384025514125824,0.0,0.8465918302536011,0.0,0.0,0.0,0.17920354008674622,0.0,0.0,0.0,0.0,0.0,0.0,0.0,0.0,0.0,0.0,0.0,0.0,0.0,0.0,0.0,0.0,0.0,0.0,0.0,0.0,0.0,0.0,0.0,0.0,0.0,0.0,0.0,0.0,0.0,0.0,0.0,0.0,0.0,0.0,0.0,0.0,0.0,0.0,0.0,0.0,0.0,0.0,0.0,0.0,0.0,0.0,0.0,0.0,0.0,0.0,0.0,0.0,0.0,0.0,0.0,0.0,0.0,0.0,0.0,0.0,0.0,0.0,0.0,0.0,0.0,0.0,0.0,0.0,0.0,0.0,0.0,0.0,0.0,0.0,0.0,0.0,0.0,0.0,0.0,0.0,0.0,0.0,0.0,0.0,0.0,0.0,0.0,0.0,0.0,0.0,0.0,0.0,0.0,0.0,0.0,0.0,0.0,0.0,0.0,0.0,0.0,0.0,0.0,0.0,0.0,0.0,0.0,0.0,0.0,0.0,0.0,0.0,0.0
5055,0.0,0.0,0.0,0.0,0.0,0.0,0.0,0.0,0.0,0.0,0.0,0.0,0.0,0.0,0.0,0.0,0.0,0.0,0.0,0.0,0.0,0.0,0.0,0.0,0.0,0.0,0.0,0.0,0.0,0.0,0.0,0.0,0.0,0.0,0.0,0.0,0.0,0.0,0.0,0.0,0.0,0.0,0.0,0.0,0.0,0.0,0.0,0.0,0.0,0.0,0.0,0.0,0.0,0.0,0.0,0.0,0.0,0.0,0.0,0.0,0.0,0.0,0.0,0.0,0.0,0.0,0.0,0.0,0.0,0.0,0.0,0.0,0.0,0.0,0.0,0.0,0.0,0.0,0.0,0.0,0.0,0.0,0.0,0.0,0.0,0.0,0.0,0.0,0.0,0.0,0.0,0.0,0.0,0.0,0.0,0.0,0.0,0.0,0.0,0.0,0.0,0.0,0.0,0.0,0.0,0.0,0.0,0.0,0.0,0.0,0.0,0.0,0.0,0.0,0.0,0.0,0.0,0.0,0.0,0.0,0.0,0.0,0.0,0.0,0.0,0.0,0.0,0.0,0.0,0.0,0.0,0.0,0.0,0.0,0.0,0.0,0.0,0.0,0.0,0.0,0.0,0.0,0.0,0.0,0.0,0.0,0.0,0.0,0.0,0.0,0.0,0.0,0.0,0.0,0.0,0.0,0.0,0.0,0.0,0.0,0.0,0.0,0.0,0.0,0.0,0.0,0.0,0.0,0.0,0.0,0.0,0.0,0.0,0.0,0.0,0.0,0.0,0.0,0.0,0.0,0.0,0.0,0.0,0.0,0.0,0.0,0.0,0.0,0.0,0.0,0.0,0.0,0.0,0.0,0.0,0.0,0.0,0.0,0.0,0.0,0.0,0.0,0.0,0.0,0.0,0.0,0.0,0.0,0.0,0.0,0.0,0.0,0.0,0.0,0.0,0.0,0.0,0.0,0.0,0.0,0.0,0.0,0.0,0.0,0.0,0.0,0.0,0.0,0.0,0.0,0.0,0.0,0.0,0.0,0.0,0.0,0.0,0.0,0.0,0.0,0.0,0.0,0.0,0.0,0.0,0.0,0.0,0.0,0.0,0.0,0.0,0.0,0.0,0.0,0.0,0.0,0.0,0.0,0.0,0.0,0.0,0.0,0.0,0.0,0.0,0.0,0.0,0.0,0.0,0.0,0.0,0.0,0.0,0.0,0.0,0.0,0.0,0.0,0.0,0.0,0.0,0.0,0.0,0.0,0.0,0.0,0.0,0.0,0.0,0.0,0.0,0.0,0.0,0.0,0.0,0.0,0.0,0.0,0.0,0.0,0.0,0.0,0.0,0.0,0.0,0.0,0.0,0.0,0.0,0.0,0.0,0.0,0.0,0.0,0.0,0.0,0.0,0.0,0.0,0.0,0.0,0.0,0.0,0.0,0.0,0.0,0.0,0.0,0.0,0.0,0.0,0.0,0.0,0.0,0.0,0.0,0.0,0.0,0.0,0.0,0.0,0.0,0.0,0.0,0.0,0.0,0.0,0.0,0.0,0.0,0.0,0.0,0.0,0.0,0.0,0.0,0.0,0.0,0.0,0.0,0.0,0.0,0.0,0.0,0.0,0.0,0.0,0.0,0.0,0.0,0.0,0.0,0.0,0.0,0.0,0.0
5056,0.0,0.0,1.7209219932556152,0.09466657787561417,1.9819798469543457,2.241227149963379,0.5199149250984192,0.3904172480106354,1.4899591207504272,7.588687419891357,1.046240210533142,1.6908320188522339,5.786745548248291,0.0,0.0,0.23881833255290985,0.0,0.0,0.0,0.0,0.0,0.0,0.0,7.335980415344238,0.3709425628185272,7.559604644775391,0.5884529948234558,4.128664016723633,0.0,1.0564324855804443,0.0,0.8604609966278076,0.0,0.0,0.0,0.10379184037446976,0.0,0.0,0.0,5.655541896820068,5.339446544647217,14.81070613861084,0.0,9.248282432556152,0.44745469093322754,0.0,0.0,0.0,0.0,11.950319290161133,3.21475887298584,8.284845352172852,21.804458618164062,0.0,0.0,0.0,0.0,0.0,0.0,0.0,0.0,0.0,0.0,0.462910920381546,0.3250630497932434,0.0,0.36307018995285034,0.423123836517334,0.0,0.43679481744766235,0.354604035615921,0.2829465866088867,0.3072160482406616,0.0,0.0,0.457991361618042,0.0,0.0,0.4143754541873932,0.0,0.0,0.0,0.0,0.0,0.0,0.0,0.0,0.0,0.1293729692697525,0.0,0.0,2.2525441646575928,0.0,0.0021466610487550497,0.2541307806968689,0.0,0.19078464806079865,1.4935376644134521,0.31613072752952576,0.11007707566022873,2.1050400733947754,0.0,0.0,0.0,0.033928703516721725,0.039022140204906464,0.0,0.09596563875675201,1.0709547996520996,0.0,0.0,0.12985630333423615,0.0,0.0,0.4130212366580963,0.3300431966781616,0.0,0.0,0.26177483797073364,0.0,1.1928554773330688,0.23238445818424225,1.6122844219207764,0.3896375596523285,0.0,0.22595587372779846,0.0,0.0,0.0,0.0,0.6519535779953003,0.17678691446781158,0.0,0.0,0.0,0.0,0.0,0.09352020919322968,0.33382347226142883,4.082486629486084,1.3727988004684448,0.5382631421089172,0.0,1.234330415725708,0.03842100128531456,5.731648921966553,2.7999114990234375,4.218737602233887,12.24417781829834,0.6075848937034607,0.0,0.0,2.9938883781433105,0.0,0.0,2.9540510177612305,0.0,0.4465455710887909,0.0,0.0,0.07485054433345795,0.0,0.0,0.0,0.18441438674926758,0.0,0.0,0.3116759657859802,0.0,0.0,0.0,0.0,0.0,4.401514530181885,0.0,0.3617091178894043,0.0,0.0,0.010666280053555965,0.0,0.0,0.0,1.3379545211791992,0.0,1.3379545211791992,0.0,0.0,0.0,0.11405892670154572,0.0,0.0,0.0,0.0,0.1618707776069641,0.0,0.0,0.0,0.2171100378036499,0.06645843386650085,0.14275015890598297,0.35226014256477356,0.0,0.0,0.0,0.0,0.0,0.0,0.0,0.0,0.0,0.0,0.0,0.0,0.0,0.0,0.0,0.0,0.0,0.0,0.0,0.0,0.0,0.0,0.0,0.0,0.0,0.0,0.0,0.0,0.0,0.0,0.0,0.0,0.0,0.0,0.5988722443580627,0.0,0.0,0.0,0.0,0.0,0.0,0.369512677192688,0.35226014256477356,0.0,0.0,0.0,0.0,0.0,0.35308000445365906,0.0,0.30132144689559937,0.0,0.0,3.2959580421447754,0.0,0.35226014256477356,0.0,0.800966203212738,0.0,0.0,0.0,0.010355638340115547,0.0,0.0,0.0,0.0,0.0,0.0,0.0,0.0,0.0,0.0,0.0,0.0,0.0,0.0,0.0,0.0,0.0,0.0,0.0,0.0,0.0,0.0,0.0,0.0,0.0,0.0,0.0,0.0,0.0,0.0,0.0,0.0,0.0,0.0,0.0,0.0,0.0,0.0,0.0,0.0,0.0,0.0,0.0,0.0,0.0,0.0,0.0,0.0,0.0,0.0,0.0,0.0,0.0,0.0,0.0,0.0,0.0,0.0,0.0,0.0,0.0,0.0,0.0,0.0,0.0,0.0,0.0,0.0,0.0,0.0,0.0,0.0,0.0,0.0,0.0,0.0,0.0,0.0,0.0,0.0,0.0,0.0,0.0,0.0,0.0,0.0,0.0,0.0,0.0,0.0,0.0,0.0,0.0,0.0,0.0,0.0,0.0,0.0,0.0,0.0,0.0,0.0,0.0,0.0,0.0,0.0,0.0,0.0,0.0,0.0,0.0,0.0,0.0
5057,0.0,0.0,0.0,0.0,0.0,0.0,0.0,0.0,0.0,0.0,0.0,0.0,0.0,0.0,0.0,0.0,0.0,0.0,0.0,0.0,0.0,0.0,0.0,0.0,0.0,0.0,0.0,0.0,0.0,0.0,0.0,0.0,0.0,0.0,0.0,0.0,0.0,0.0,0.0,0.0,0.0,0.0,0.0,0.0,0.0,0.0,0.0,0.0,0.0,0.0,0.0,0.0,0.0,0.0,0.0,0.0,0.0,0.0,0.0,0.0,0.0,0.0,0.0,0.0,0.0,0.0,0.0,0.0,0.0,0.0,0.0,0.0,0.0,0.0,0.0,0.0,0.0,0.0,0.0,0.0,0.0,0.0,0.0,0.0,0.0,0.0,0.0,0.0,0.0,0.0,0.0,0.0,0.0,0.0,0.0,0.0,0.0,0.0,0.0,0.0,0.0,0.0,0.0,0.0,0.0,0.0,0.0,0.0,0.0,0.0,0.0,0.0,0.0,0.0,0.0,0.0,0.0,0.0,0.0,0.0,0.0,0.0,0.0,0.0,0.0,0.0,0.0,0.0,0.0,0.0,0.0,0.0,0.0,0.0,0.0,0.0,0.0,0.0,0.0,0.0,0.0,0.0,0.0,0.0,0.0,0.0,0.0,0.0,0.0,0.0,0.0,0.0,0.0,0.0,0.0,0.0,0.0,0.0,0.0,0.0,0.0,0.0,0.0,0.0,0.0,0.0,0.0,0.0,0.0,0.0,0.0,0.0,0.0,0.0,0.0,0.0,0.0,0.0,0.0,0.0,0.0,0.0,0.0,0.0,0.0,0.0,0.0,0.0,0.0,0.0,0.0,0.0,0.0,0.0,0.0,0.0,0.0,0.0,0.0,0.0,0.0,0.0,0.0,0.0,0.0,0.0,0.0,0.0,0.0,0.0,0.0,0.0,0.0,0.0,0.0,0.0,0.0,0.0,0.0,0.0,0.0,0.0,0.0,0.0,0.0,0.0,0.0,0.0,0.0,0.0,0.0,0.0,0.0,0.0,0.0,0.0,0.0,0.0,0.0,0.0,0.0,0.0,0.0,0.0,0.0,0.0,0.0,0.0,0.0,0.0,0.0,0.0,0.0,0.0,0.0,0.0,0.0,0.0,0.0,0.0,0.0,0.0,0.0,0.0,0.0,0.0,0.0,0.0,0.0,0.0,0.0,0.0,0.0,0.0,0.0,0.0,0.0,0.0,0.0,0.0,0.0,0.0,0.0,0.0,0.0,0.0,0.0,0.0,0.0,0.0,0.0,0.0,0.0,0.0,0.0,0.0,0.0,0.0,0.0,0.0,0.0,0.0,0.0,0.0,0.0,0.0,0.0,0.0,0.0,0.0,0.0,0.0,0.0,0.0,0.0,0.0,0.0,0.0,0.0,0.0,0.0,0.0,0.0,0.0,0.0,0.0,0.0,0.0,0.0,0.0,0.0,0.0,0.0,0.0,0.0,0.0,0.0,0.0,0.0,0.0,0.0,0.0,0.0,0.0,0.0,0.0,0.0,0.0,0.0,0.0,0.0,0.0,0.0,0.0,0.0,0.0,0.0,0.0,0.0,0.0,0.0,0.0,0.0,0.0,0.0,0.0,0.0,0.0,0.0,0.0,0.0,0.0,0.0,0.0,0.0,0.0
5058,0.0,0.0,0.0,0.0,0.0,0.0,0.0,0.0,0.0,0.0,0.0,0.0,0.0,0.0,0.0,0.0,0.0,0.0,0.0,0.0,0.0,0.0,0.0,0.0,0.0,0.0,0.0,0.0,0.0,0.0,0.0,0.0,0.0,0.0,0.0,0.0,0.0,0.0,0.0,0.0,0.0,0.0,0.0,0.0,0.0,0.0,0.0,0.0,0.0,0.0,0.0,0.0,0.0,0.0,0.0,0.0,0.0,0.0,0.0,0.0,0.0,0.0,0.0,0.0,0.0,0.0,0.0,0.0,0.0,0.0,0.0,0.0,0.0,0.0,0.0,0.0,0.0,0.0,0.0,0.0,0.0,0.0,0.0,0.0,0.0,0.0,0.0,0.0,0.0,0.0,0.0,0.0,0.0,0.0,0.0,0.0,0.0,0.0,0.0,0.0,0.0,0.0,0.0,0.0,0.0,0.0,0.0,0.0,0.0,0.0,0.0,0.0,0.0,0.0,0.0,0.0,0.0,0.0,0.0,0.0,0.0,0.0,0.0,0.0,0.0,0.0,0.0,0.0,0.0,0.0,0.0,0.0,0.0,0.0,0.0,0.0,0.0,0.0,0.0,0.0,0.0,0.0,0.0,0.0,0.0,0.0,0.0,0.0,0.0,0.0,0.0,0.0,0.0,0.0,0.0,0.0,0.0,0.0,0.0,0.0,0.0,0.0,0.0,0.0,0.0,0.0,0.0,0.0,0.0,0.0,0.0,0.0,0.0,0.0,0.0,0.0,0.0,0.0,0.0,0.0,0.0,0.0,0.0,0.0,0.0,0.0,0.0,0.0,0.0,0.0,0.0,0.0,0.0,0.0,0.0,0.0,0.0,0.0,0.0,0.0,0.0,0.0,0.0,0.0,0.0,0.0,0.0,0.0,0.0,0.0,0.0,0.0,0.0,0.0,0.0,0.0,0.0,0.0,0.0,0.0,0.0,0.0,0.0,0.0,0.0,0.0,0.0,0.0,0.0,0.0,0.0,0.0,0.0,0.0,0.0,0.0,0.0,0.0,0.0,0.0,0.0,0.0,0.0,0.0,0.0,0.0,0.0,0.0,0.0,0.0,0.0,0.0,0.0,0.0,0.0,0.0,0.0,0.0,0.0,0.0,0.0,0.0,0.0,0.0,0.0,0.0,0.0,0.0,0.0,0.0,0.0,0.0,0.0,0.0,0.0,0.0,0.0,0.0,0.0,0.0,0.0,0.0,0.0,0.0,0.0,0.0,0.0,0.0,0.0,0.0,0.0,0.0,0.0,0.0,0.0,0.0,0.0,0.0,0.0,0.0,0.0,0.0,0.0,0.0,0.0,0.0,0.0,0.0,0.0,0.0,0.0,0.0,0.0,0.0,0.0,0.0,0.0,0.0,0.0,0.0,0.0,0.0,0.0,0.0,0.0,0.0,0.0,0.0,0.0,0.0,0.0,0.0,0.0,0.0,0.0,0.0,0.0,0.0,0.0,0.0,0.0,0.0,0.0,0.0,0.0,0.0,0.0,0.0,0.0,0.0,0.0,0.0,0.0,0.0,0.0,0.0,0.0,0.0,0.0,0.0,0.0,0.0,0.0,0.0,0.0,0.0,0.0,0.0,0.0,0.0,0.0,0.0,0.0,0.0,0.0,0.0
5059,0.0,0.0,0.0,0.0,0.0,0.0,0.0,0.0,0.0,0.0,0.0,0.0,0.0,0.0,0.0,0.0,0.0,0.0,0.0,0.0,0.0,0.0,0.0,0.0,0.0,0.0,0.0,0.0,0.0,0.0,0.0,0.0,0.0,0.0,0.0,0.0,0.0,0.0,0.0,0.0,0.0,0.0,0.0,0.0,0.0,0.0,0.0,0.0,0.0,0.0,0.0,0.0,0.0,0.0,0.0,0.0,0.0,0.0,0.0,0.0,0.0,0.0,0.0,0.0,0.0,0.0,0.0,0.0,0.0,0.0,0.0,0.0,0.0,0.0,0.0,0.0,0.0,0.0,0.0,0.0,0.0,0.0,0.0,0.0,0.0,0.0,0.0,0.0,0.0,0.0,0.0,0.0,0.0,0.0,0.0,0.0,0.0,0.0,0.0,0.0,0.0,0.0,0.0,0.0,0.0,0.0,0.0,0.0,0.0,0.0,0.0,0.0,0.0,0.0,0.0,0.0,0.0,0.0,0.0,0.0,0.0,0.0,0.0,0.0,0.0,0.0,0.0,0.0,0.0,0.0,0.0,0.0,0.0,0.0,0.0,0.0,0.0,0.0,0.0,0.0,0.0,0.0,0.0,0.0,0.0,0.0,0.0,0.0,0.0,0.0,0.0,0.0,0.0,0.0,0.0,0.0,0.0,0.0,0.0,0.0,0.0,0.0,0.0,0.0,0.0,0.0,0.0,0.0,0.0,0.0,0.0,0.0,0.0,0.0,0.0,0.0,0.0,0.0,0.0,0.0,0.0,0.0,0.0,0.0,0.0,0.0,0.0,0.0,0.0,0.0,0.0,0.0,0.0,0.0,0.0,0.0,0.0,0.0,0.0,0.0,0.0,0.0,0.0,0.0,0.0,0.0,0.0,0.0,0.0,0.0,0.0,0.0,0.0,0.0,0.0,0.0,0.0,0.0,0.0,0.0,0.0,0.0,0.0,0.0,0.0,0.0,0.0,0.0,0.0,0.0,0.0,0.0,0.0,0.0,0.0,0.0,0.0,0.0,0.0,0.0,0.0,0.0,0.0,0.0,0.0,0.0,0.0,0.0,0.0,0.0,0.0,0.0,0.0,0.0,0.0,0.0,0.0,0.0,0.0,0.0,0.0,0.0,0.0,0.0,0.0,0.0,0.0,0.0,0.0,0.0,0.0,0.0,0.0,0.0,0.0,0.0,0.0,0.0,0.0,0.0,0.0,0.0,0.0,0.0,0.0,0.0,0.0,0.0,0.0,0.0,0.0,0.0,0.0,0.0,0.0,0.0,0.0,0.0,0.0,0.0,0.0,0.0,0.0,0.0,0.0,0.0,0.0,0.0,0.0,0.0,0.0,0.0,0.0,0.0,0.0,0.0,0.0,0.0,0.0,0.0,0.0,0.0,0.0,0.0,0.0,0.0,0.0,0.0,0.0,0.0,0.0,0.0,0.0,0.0,0.0,0.0,0.0,0.0,0.0,0.0,0.0,0.0,0.0,0.0,0.0,0.0,0.0,0.0,0.0,0.0,0.0,0.0,0.0,0.0,0.0,0.0,0.0,0.0,0.0,0.0,0.0,0.0,0.0,0.0,0.0,0.0,0.0,0.0,0.0,0.0,0.0,0.0,0.0,0.0,0.0,0.0
5060,8.250072479248047,2.5469870567321777,1.6745761632919312,6.237121105194092,8.704785346984863,9.359610557556152,20.661212921142578,1.8395533561706543,9.639277458190918,35.7742805480957,4.212044715881348,3.336141347885132,15.644659042358398,0.3964182734489441,0.23739178478717804,6.249804496765137,0.18748578429222107,0.11619824916124344,0.9478093385696411,0.0,0.40988343954086304,0.44608578085899353,0.0,3.3501780033111572,0.6605335474014282,5.330589771270752,3.499638795852661,2.8237619400024414,0.0,0.3678683042526245,0.0,0.10379184037446976,0.0,0.0,0.0,0.0,0.0,0.0,0.0,48.45429611206055,41.76639938354492,120.4854507446289,0.0,23.082944869995117,0.3591739237308502,0.0,0.0,5.474678039550781,5.968489646911621,62.97691345214844,17.70174217224121,23.96661376953125,135.667236328125,18.83855628967285,1.6855714321136475,2.2833850383758545,0.0,10.960177421569824,2.495997905731201,6.706689834594727,0.0,17.26372528076172,0.0,2.9633357524871826,0.2391987442970276,0.9501380920410156,5.667076587677002,5.13399076461792,0.0,4.481531143188477,0.2509966790676117,1.169313669204712,0.3210671842098236,0.0,0.0,27.208593368530273,0.0,0.0,25.772192001342773,9.179251670837402,3.113990306854248,0.0,2.3724427223205566,4.033743858337402,0.0,0.0,0.0,0.0,19.05044174194336,0.0,0.7340229153633118,7.229682445526123,5.3423638343811035,0.07746881991624832,0.2189708650112152,0.0,0.42024171352386475,1.0043518543243408,0.33263304829597473,0.12689365446567535,11.737772941589355,0.0,0.0,0.0,4.490546703338623,13.112621307373047,5.828646183013916,7.177286148071289,84.39446258544922,0.0,0.0,2.9608712196350098,0.0,0.0,0.0,0.0,0.0,0.0,1.606663465499878,0.0,7.196846961975098,1.994391918182373,0.0,1.6726406812667847,0.0,0.8262596130371094,0.0,0.0,0.0,0.0,67.83638000488281,35.262245178222656,0.0,0.0,0.0,0.0,0.0,7.736703395843506,17.328083038330078,53.94425582885742,6.18431282043457,7.123581886291504,0.0,0.39830735325813293,1.40885329246521,24.022747039794922,8.514373779296875,13.660256385803223,68.0892562866211,2.410268545150757,0.0,0.0,51.298919677734375,0.0,0.0,29.613338470458984,0.0,45.044349670410156,0.0,0.0,24.31415557861328,0.07336554676294327,11.884729385375977,0.0,1.8548924922943115,0.0,0.0,19.737653732299805,0.0,0.24196463823318481,0.0,0.0,0.0,6.183666706085205,0.14451174437999725,24.514095306396484,0.0,0.6944217085838318,9.177716255187988,0.0,0.0,0.0,0.799163281917572,0.09426318854093552,0.8934264779090881,0.0,0.0,0.5088582634925842,0.5646761059761047,0.0,0.0,0.0,0.0977049395442009,1.2972216606140137,0.0,0.5276589393615723,0.0,1.5361576080322266,0.560137152671814,0.4887813627719879,1.0327506065368652,0.0,0.0,0.0,0.0,0.0,0.0,0.0,0.3438529968261719,0.0,0.0,0.0,0.0,0.0,0.0,0.0,18.95438575744629,0.0,0.0,0.0,0.0,0.0,0.0,0.0,0.0,0.0,0.0,0.0,0.0,0.0,0.0,0.0,0.0,0.0,0.0,0.8040472269058228,0.0,0.0,0.0,0.4540039300918579,0.0,0.0,0.7511311769485474,0.7160608768463135,0.0,0.0,0.0,0.0,0.6466381549835205,1.733554482460022,0.16789031028747559,0.9212809801101685,0.0,0.4768909811973572,29.218082427978516,0.0,0.7160608768463135,0.0,3.3676605224609375,0.0,0.0,0.0,1.4890496730804443,0.0,0.0,0.0,0.0,0.0,0.0,0.0,0.0,0.0,0.0,0.0,0.0,0.0,0.0,0.0,0.0,0.0,0.0,0.0,0.0,0.0,0.0,0.0,0.0,0.0,0.0,0.0,0.0,0.0,0.0,0.0,0.0,0.0,0.0,0.0,0.0,0.0,0.0,0.0,0.0,0.0,0.0,0.0,0.0,0.0,0.0,0.0,0.0,0.0,0.0,0.0,0.0,0.0,0.0,0.0,0.0,0.0,0.0,0.0,0.0,0.0,0.0,0.0,0.0,0.0,0.0,0.0,0.0,0.0,0.0,0.0,0.0,0.0,0.0,0.0,0.0,0.0,0.0,0.0,0.0,0.0,0.0,0.0,0.0,0.0,0.0,0.0,0.0,0.0,0.0,0.0,0.0,0.0,0.0,0.0,0.0,0.0,0.0,0.0,0.0,0.0,0.0,0.0,0.0,0.0,0.0,0.0,0.0,0.0,0.0,0.0,0.0,0.0
5061,0.0,0.0,0.0,0.0,0.0,0.0,0.0,0.0,0.0,0.0,0.0,0.0,0.0,0.0,0.0,0.0,0.0,0.0,0.0,0.0,0.0,0.0,0.0,0.0,0.0,0.0,0.0,0.0,0.0,0.0,0.0,0.0,0.0,0.0,0.0,0.0,0.0,0.0,0.0,0.0,0.0,0.0,0.0,0.0,0.0,0.0,0.0,0.0,0.0,0.0,0.0,0.0,0.0,0.0,0.0,0.0,0.0,0.0,0.0,0.0,0.0,0.0,0.0,0.0,0.0,0.0,0.0,0.0,0.0,0.0,0.0,0.0,0.0,0.0,0.0,0.0,0.0,0.0,0.0,0.0,0.0,0.0,0.0,0.0,0.0,0.0,0.0,0.0,0.0,0.0,0.0,0.0,0.0,0.0,0.0,0.0,0.0,0.0,0.0,0.0,0.0,0.0,0.0,0.0,0.0,0.0,0.0,0.0,0.0,0.0,0.0,0.0,0.0,0.0,0.0,0.0,0.0,0.0,0.0,0.0,0.0,0.0,0.0,0.0,0.0,0.0,0.0,0.0,0.0,0.0,0.0,0.0,0.0,0.0,0.0,0.0,0.0,0.0,0.0,0.0,0.0,0.0,0.0,0.0,0.0,0.0,0.0,0.0,0.0,0.0,0.0,0.0,0.0,0.0,0.0,0.0,0.0,0.0,0.0,0.0,0.0,0.0,0.0,0.0,0.0,0.0,0.0,0.0,0.0,0.0,0.0,0.0,0.0,0.0,0.0,0.0,0.0,0.0,0.0,0.0,0.0,0.0,0.0,0.0,0.0,0.0,0.0,0.0,0.0,0.0,0.0,0.0,0.0,0.0,0.0,0.0,0.0,0.0,0.0,0.0,0.0,0.0,0.0,0.0,0.0,0.0,0.0,0.0,0.0,0.0,0.0,0.0,0.0,0.0,0.0,0.0,0.0,0.0,0.0,0.0,0.0,0.0,0.0,0.0,0.0,0.0,0.0,0.0,0.0,0.0,0.0,0.0,0.0,0.0,0.0,0.0,0.0,0.0,0.0,0.0,0.0,0.0,0.0,0.0,0.0,0.0,0.0,0.0,0.0,0.0,0.0,0.0,0.0,0.0,0.0,0.0,0.0,0.0,0.0,0.0,0.0,0.0,0.0,0.0,0.0,0.0,0.0,0.0,0.0,0.0,0.0,0.0,0.0,0.0,0.0,0.0,0.0,0.0,0.0,0.0,0.0,0.0,0.0,0.0,0.0,0.0,0.0,0.0,0.0,0.0,0.0,0.0,0.0,0.0,0.0,0.0,0.0,0.0,0.0,0.0,0.0,0.0,0.0,0.0,0.0,0.0,0.0,0.0,0.0,0.0,0.0,0.0,0.0,0.0,0.0,0.0,0.0,0.0,0.0,0.0,0.0,0.0,0.0,0.0,0.0,0.0,0.0,0.0,0.0,0.0,0.0,0.0,0.0,0.0,0.0,0.0,0.0,0.0,0.0,0.0,0.0,0.0,0.0,0.0,0.0,0.0,0.0,0.0,0.0,0.0,0.0,0.0,0.0,0.0,0.0,0.0,0.0,0.0,0.0,0.0,0.0,0.0,0.0,0.0,0.0,0.0,0.0,0.0,0.0,0.0,0.0,0.0,0.0,0.0,0.0,0.0
5062,0.0,0.0,0.0,0.0,0.0,0.0,0.0,0.0,0.0,0.0,0.0,0.0,0.0,0.0,0.0,0.0,0.0,0.0,0.0,0.0,0.0,0.0,0.0,0.0,0.0,0.0,0.0,0.0,0.0,0.0,0.0,0.0,0.0,0.0,0.0,0.0,0.0,0.0,0.0,0.0,0.0,0.0,0.0,0.0,0.0,0.0,0.0,0.0,0.0,0.0,0.0,0.0,0.0,0.0,0.0,0.0,0.0,0.0,0.0,0.0,0.0,0.0,0.0,0.0,0.0,0.0,0.0,0.0,0.0,0.0,0.0,0.0,0.0,0.0,0.0,0.0,0.0,0.0,0.0,0.0,0.0,0.0,0.0,0.0,0.0,0.0,0.0,0.0,0.0,0.0,0.0,0.0,0.0,0.0,0.0,0.0,0.0,0.0,0.0,0.0,0.0,0.0,0.0,0.0,0.0,0.0,0.0,0.0,0.0,0.0,0.0,0.0,0.0,0.0,0.0,0.0,0.0,0.0,0.0,0.0,0.0,0.0,0.0,0.0,0.0,0.0,0.0,0.0,0.0,0.0,0.0,0.0,0.0,0.0,0.0,0.0,0.0,0.0,0.0,0.0,0.0,0.0,0.0,0.0,0.0,0.0,0.0,0.0,0.0,0.0,0.0,0.0,0.0,0.0,0.0,0.0,0.0,0.0,0.0,0.0,0.0,0.0,0.0,0.0,0.0,0.0,0.0,0.0,0.0,0.0,0.0,0.0,0.0,0.0,0.0,0.0,0.0,0.0,0.0,0.0,0.0,0.0,0.0,0.0,0.0,0.0,0.0,0.0,0.0,0.0,0.0,0.0,0.0,0.0,0.0,0.0,0.0,0.0,0.0,0.0,0.0,0.0,0.0,0.0,0.0,0.0,0.0,0.0,0.0,0.0,0.0,0.0,0.0,0.0,0.0,0.0,0.0,0.0,0.0,0.0,0.0,0.0,0.0,0.0,0.0,0.0,0.0,0.0,0.0,0.0,0.0,0.0,0.0,0.0,0.0,0.0,0.0,0.0,0.0,0.0,0.0,0.0,0.0,0.0,0.0,0.0,0.0,0.0,0.0,0.0,0.0,0.0,0.0,0.0,0.0,0.0,0.0,0.0,0.0,0.0,0.0,0.0,0.0,0.0,0.0,0.0,0.0,0.0,0.0,0.0,0.0,0.0,0.0,0.0,0.0,0.0,0.0,0.0,0.0,0.0,0.0,0.0,0.0,0.0,0.0,0.0,0.0,0.0,0.0,0.0,0.0,0.0,0.0,0.0,0.0,0.0,0.0,0.0,0.0,0.0,0.0,0.0,0.0,0.0,0.0,0.0,0.0,0.0,0.0,0.0,0.0,0.0,0.0,0.0,0.0,0.0,0.0,0.0,0.0,0.0,0.0,0.0,0.0,0.0,0.0,0.0,0.0,0.0,0.0,0.0,0.0,0.0,0.0,0.0,0.0,0.0,0.0,0.0,0.0,0.0,0.0,0.0,0.0,0.0,0.0,0.0,0.0,0.0,0.0,0.0,0.0,0.0,0.0,0.0,0.0,0.0,0.0,0.0,0.0,0.0,0.0,0.0,0.0,0.0,0.0,0.0,0.0,0.0,0.0,0.0,0.0,0.0,0.0,0.0,0.0,0.0
5063,0.0,0.0,0.0,0.0,0.0,0.0,0.0,0.0,0.0,0.0,0.0,0.0,0.0,0.0,0.0,0.0,0.0,0.0,0.0,0.0,0.0,0.0,0.0,0.0,0.0,0.0,0.0,0.0,0.0,0.0,0.0,0.0,0.0,0.0,0.0,0.0,0.0,0.0,0.0,0.0,0.0,0.0,0.0,0.0,0.0,0.0,0.0,0.0,0.0,0.0,0.0,0.0,0.0,0.0,0.0,0.0,0.0,0.0,0.0,0.0,0.0,0.0,0.0,0.0,0.0,0.0,0.0,0.0,0.0,0.0,0.0,0.0,0.0,0.0,0.0,0.0,0.0,0.0,0.0,0.0,0.0,0.0,0.0,0.0,0.0,0.0,0.0,0.0,0.0,0.0,0.0,0.0,0.0,0.0,0.0,0.0,0.0,0.0,0.0,0.0,0.0,0.0,0.0,0.0,0.0,0.0,0.0,0.0,0.0,0.0,0.0,0.0,0.0,0.0,0.0,0.0,0.0,0.0,0.0,0.0,0.0,0.0,0.0,0.0,0.0,0.0,0.0,0.0,0.0,0.0,0.0,0.0,0.0,0.0,0.0,0.0,0.0,0.0,0.0,0.0,0.0,0.0,0.0,0.0,0.0,0.0,0.0,0.0,0.0,0.0,0.0,0.0,0.0,0.0,0.0,0.0,0.0,0.0,0.0,0.0,0.0,0.0,0.0,0.0,0.0,0.0,0.0,0.0,0.0,0.0,0.0,0.0,0.0,0.0,0.0,0.0,0.0,0.0,0.0,0.0,0.0,0.0,0.0,0.0,0.0,0.0,0.0,0.0,0.0,0.0,0.0,0.0,0.0,0.0,0.0,0.0,0.0,0.0,0.0,0.0,0.0,0.0,0.0,0.0,0.0,0.0,0.0,0.0,0.0,0.0,0.0,0.0,0.0,0.0,0.0,0.0,0.0,0.0,0.0,0.0,0.0,0.0,0.0,0.0,0.0,0.0,0.0,0.0,0.0,0.0,0.0,0.0,0.0,0.0,0.0,0.0,0.0,0.0,0.0,0.0,0.0,0.0,0.0,0.0,0.0,0.0,0.0,0.0,0.0,0.0,0.0,0.0,0.0,0.0,0.0,0.0,0.0,0.0,0.0,0.0,0.0,0.0,0.0,0.0,0.0,0.0,0.0,0.0,0.0,0.0,0.0,0.0,0.0,0.0,0.0,0.0,0.0,0.0,0.0,0.0,0.0,0.0,0.0,0.0,0.0,0.0,0.0,0.0,0.0,0.0,0.0,0.0,0.0,0.0,0.0,0.0,0.0,0.0,0.0,0.0,0.0,0.0,0.0,0.0,0.0,0.0,0.0,0.0,0.0,0.0,0.0,0.0,0.0,0.0,0.0,0.0,0.0,0.0,0.0,0.0,0.0,0.0,0.0,0.0,0.0,0.0,0.0,0.0,0.0,0.0,0.0,0.0,0.0,0.0,0.0,0.0,0.0,0.0,0.0,0.0,0.0,0.0,0.0,0.0,0.0,0.0,0.0,0.0,0.0,0.0,0.0,0.0,0.0,0.0,0.0,0.0,0.0,0.0,0.0,0.0,0.0,0.0,0.0,0.0,0.0,0.0,0.0,0.0,0.0,0.0,0.0,0.0,0.0,0.0,0.0,0.0
5064,22.4985408782959,16.53923797607422,4.681072235107422,3.1728646755218506,5.007117748260498,6.360103607177734,8.40076732635498,1.2983442544937134,5.715203285217285,18.898391723632812,3.56498122215271,5.538730621337891,23.936717987060547,0.4302304983139038,0.15131238102912903,2.3131520748138428,0.0,0.0,0.0,0.0,0.7309338450431824,0.7309338450431824,0.0,6.330755710601807,1.7098400592803955,10.295044898986816,2.288363456726074,4.996337890625,0.0,0.8593807816505432,0.0,5.655541896820068,0.0,0.0,0.0,48.45429611206055,0.0,0.0,0.0,279.9153747558594,13.780454635620117,37.4219970703125,0.0,24.88789176940918,0.4026246964931488,7.301150321960449,1.6442679166793823,6.068741798400879,17.48483657836914,96.39260864257812,20.98094367980957,197.3821258544922,625.322509765625,73.18794250488281,45.36064910888672,22.54534339904785,0.0,74.87713623046875,33.07656478881836,3.353682518005371,28.240835189819336,7.500455856323242,2.293174982070923,12.04873275756836,0.23050443828105927,0.16209189593791962,2.3479461669921875,3.840721845626831,0.0,0.7411872744560242,0.1745452880859375,13.276041030883789,0.24207718670368195,0.0,0.0,2.5681817531585693,0.0,0.0,2.426010847091675,0.5583232641220093,0.1556081622838974,0.0,0.1646522432565689,0.3293044865131378,0.0,0.0,0.0,0.0,1.395890474319458,0.0,0.0,0.18320302665233612,0.0,0.0,0.276797354221344,0.0,0.18687885999679565,0.021225666627287865,0.010019668377935886,0.0,0.5959720611572266,0.0,0.0,0.0,1.4306749105453491,2.136312246322632,0.5832492709159851,0.97379469871521,15.989725112915039,0.0,0.0,1.3455300331115723,0.0,0.0,0.0,0.0,0.0,0.0,0.0,0.0,1.3978748321533203,0.42933955788612366,0.0,0.0,0.0,0.0,0.0,0.0,0.0,0.0,2.4434008598327637,2.4419305324554443,0.0,0.0,0.0,0.0,0.0,0.5148134827613831,0.9858446717262268,3.0027670860290527,0.4134415090084076,0.31560051441192627,0.0,0.9114002585411072,0.0,1.1233384609222412,0.4302304983139038,0.8559372425079346,3.8727633953094482,0.0,0.0,0.0,2.579367160797119,0.0,0.0,0.7705657482147217,0.0,1.5655996799468994,0.0,0.0,0.23313593864440918,0.0,0.0,0.0,0.0,0.0,0.0,0.4782993793487549,0.0,0.0,0.0,0.0,0.0,0.0,0.0,0.5295540690422058,0.0,0.0,0.21005746722221375,0.0,0.0,0.0,0.16268286108970642,0.0,0.16268286108970642,0.0,0.0,0.38724446296691895,0.8610970377922058,0.0,0.0,0.0,0.0,0.2634221017360687,0.0,0.02598908357322216,0.0,0.36310508847236633,0.14270779490470886,0.0956442654132843,0.26305192708969116,0.0,0.0,0.0,0.0,0.0,0.0,0.0,0.02111784927546978,0.0,0.0,0.0,0.0,0.0,0.0,0.0,4.49015998840332,0.0,0.0,0.0,0.0,0.0,0.0,0.0,0.0,0.0,0.0,0.0,0.0,0.0,0.0,0.0,0.0,0.0,0.0,0.1572786420583725,0.0,0.0,0.0,0.0,0.0,0.0,0.06368032842874527,0.06070709228515625,0.0,0.0,0.0,0.0,0.0,1.6710001230239868,0.0,1.112924337387085,0.0,0.0,7.854926586151123,0.0,0.06070709228515625,0.2409220039844513,2.6089272499084473,0.0,0.0,0.0,0.0,0.0,0.0,0.0,0.0,0.0,0.0,0.0,0.0,0.0,0.0,0.0,0.0,0.0,0.0,0.0,0.0,0.0,0.0,0.0,0.0,0.0,0.0,0.0,0.0,0.0,0.0,0.0,0.0,0.0,0.0,0.0,0.0,0.0,0.0,0.0,0.0,0.0,0.0,0.0,0.0,0.0,0.0,0.0,0.0,0.0,0.0,0.0,0.0,0.0,0.0,0.0,0.0,0.0,0.0,0.0,0.0,0.0,0.0,0.0,0.0,0.0,0.0,0.0,0.0,0.0,0.0,0.0,0.0,0.0,0.0,0.0,0.0,0.0,0.0,0.0,0.0,0.0,0.0,0.0,0.0,0.0,0.0,0.0,0.0,0.0,0.0,0.0,0.0,0.0,0.0,0.0,0.0,0.0,0.0,0.0,0.0,0.0,0.0,0.0,0.0,0.0,0.0,0.0,0.0,0.0,0.0,0.0,0.0,0.0,0.0,0.0,0.0,0.0
5065,1.5466049909591675,1.2741291522979736,3.6773598194122314,2.463808536529541,4.1820902824401855,5.270399570465088,6.7119269371032715,1.0136098861694336,4.888364791870117,15.654766082763672,2.5170254707336426,4.293629169464111,20.03203773498535,0.5406515002250671,0.11520634591579437,2.142199993133545,0.0,0.0,0.0,0.0,0.4592660069465637,0.4592660069465637,0.0,4.445049285888672,1.230741024017334,7.901461124420166,1.6307132244110107,4.158534049987793,0.0,0.8113489151000977,0.0,5.339446544647217,0.0,0.0,0.0,41.76639938354492,0.0,0.0,0.0,13.780454635620117,10.563191413879395,29.955902099609375,0.0,17.266592025756836,0.8704503178596497,0.0,0.0,0.0,3.107389450073242,14.465630531311035,3.346423387527466,13.613503456115723,31.14788246154785,0.0,3.894289493560791,1.4972106218338013,0.0,0.0,0.0,0.5683677196502686,0.0,1.2561113834381104,0.0,2.5172324180603027,0.5181246399879456,0.06205364689230919,0.8601172566413879,1.5576235055923462,0.0,0.2423555552959442,0.3821565806865692,2.4918534755706787,0.4239038825035095,0.0,0.0,2.8652563095092773,0.0,0.0,2.6427977085113525,1.5025227069854736,0.4292609989643097,0.0,0.2448974847793579,0.2448974847793579,0.0,0.0,0.0,0.0,1.8542464971542358,0.0,0.0,0.18503831326961517,0.0,0.0,0.036333151161670685,0.0,0.0,0.024913234636187553,0.0,0.0,0.6290059089660645,0.0,0.0,0.0,1.9257076978683472,2.423231363296509,0.8190169930458069,1.3870997428894043,17.336437225341797,0.0,0.0,0.2937331199645996,0.0,0.0,0.0,0.0,0.0,0.0,0.0,0.0,0.9272758364677429,0.5554962754249573,0.0,0.02716965787112713,0.0,0.0,0.0,0.0,0.0,0.0,3.9012129306793213,2.683474540710449,0.0,0.0,0.0,0.0,0.0,0.39481696486473083,0.8622742891311646,3.44710636138916,0.2677913308143616,0.4641765058040619,0.0,0.8604609966278076,0.0,1.1785329580307007,0.31638556718826294,1.0229696035385132,3.9300129413604736,0.05892089754343033,0.0,0.0,2.9718949794769287,0.0,0.0,1.2799113988876343,0.0,2.1969194412231445,0.0,0.0,0.3154415488243103,0.0,0.14301460981369019,0.0,0.0,0.0,0.0,0.6040884256362915,0.0,0.0,0.0,0.0,0.0,0.0,0.0,0.7373803853988647,0.0,0.0,0.30894672870635986,0.0,0.0,0.0,0.07485553622245789,0.0,0.07485553622245789,0.0,0.0,0.2433164268732071,0.6402333378791809,0.0,0.0,0.0,0.0,0.3189595639705658,0.0,0.0818060114979744,0.0,0.20186665654182434,0.08157388120889664,0.06667201966047287,0.11532643437385559,0.0,0.0,0.0,0.0,0.0,0.0,0.0,0.03651450574398041,0.0,0.0,0.0,0.0,0.0,0.0,0.0,6.686117649078369,0.0,0.0,0.0,0.0,0.0,0.0,0.0,0.0,0.0,0.0,0.0,0.0,0.0,0.0,0.0,0.0,0.0,0.0,0.16427834331989288,0.0,0.0,0.0,0.0,0.0,0.0,0.0785217136144638,0.07485553622245789,0.0,0.0,0.0,0.0,0.0,2.3462352752685547,0.0,1.0977463722229004,0.0,0.0,1.7649264335632324,0.0,0.07485553622245789,0.2409220039844513,2.1131837368011475,0.0,0.0,0.0,0.0,0.0,0.0,0.0,0.0,0.0,0.0,0.0,0.0,0.0,0.0,0.0,0.0,0.0,0.0,0.0,0.0,0.0,0.0,0.0,0.0,0.0,0.0,0.0,0.0,0.0,0.0,0.0,0.0,0.0,0.0,0.0,0.0,0.0,0.0,0.0,0.0,0.0,0.0,0.0,0.0,0.0,0.0,0.0,0.0,0.0,0.0,0.0,0.0,0.0,0.0,0.0,0.0,0.0,0.0,0.0,0.0,0.0,0.0,0.0,0.0,0.0,0.0,0.0,0.0,0.0,0.0,0.0,0.0,0.0,0.0,0.0,0.0,0.0,0.0,0.0,0.0,0.0,0.0,0.0,0.0,0.0,0.0,0.0,0.0,0.0,0.0,0.0,0.0,0.0,0.0,0.0,0.0,0.0,0.0,0.0,0.0,0.0,0.0,0.0,0.0,0.0,0.0,0.0,0.0,0.0,0.0,0.0,0.0,0.0,0.0,0.0,0.0,0.0
5066,3.0839390754699707,4.531435966491699,11.428729057312012,6.071665287017822,10.367598533630371,12.524129867553711,17.524703979492188,3.259089708328247,12.632841110229492,40.60013961791992,6.736686706542969,12.545894622802734,54.54757308959961,1.5634783506393433,0.21950995922088623,6.840307235717773,0.018921716138720512,0.008681231178343296,0.0,0.0,1.9561973810195923,1.882409930229187,0.0,13.276456832885742,3.582509756088257,23.407955169677734,4.623371124267578,12.844222068786621,0.0,2.250542402267456,0.0,14.81070613861084,0.0,0.0,0.0,120.4854507446289,0.0,0.0,0.0,37.4219970703125,29.955902099609375,69.15696716308594,0.0,48.08937072753906,2.564434766769409,0.0,0.0,2.3333170413970947,10.103541374206543,37.750205993652344,8.510693550109863,36.99263000488281,73.36781311035156,0.0,14.544196128845215,7.029022216796875,0.0,14.515176773071289,4.758057594299316,1.1723203659057617,0.0,3.067777633666992,0.0,6.8649139404296875,1.5107499361038208,0.16125823557376862,2.312486410140991,4.004883766174316,0.0,0.6933992505073547,1.1220639944076538,6.325839996337891,2.248734712600708,0.0,0.0,9.536294937133789,0.0,0.0,8.731745719909668,3.9981322288513184,1.1422404050827026,0.0,0.7971795797348022,1.427355408668518,0.0,0.0,0.0,0.0,7.1699700355529785,0.0,0.29747724533081055,0.4255986213684082,1.007128119468689,0.0,0.08826784044504166,0.0,0.04972951114177704,0.22548788785934448,0.011584692634642124,0.0,0.8327493667602539,0.0,0.0,0.0,5.231184959411621,7.4219207763671875,2.5355522632598877,3.6455910205841064,57.536136627197266,0.0,0.0,0.8824698328971863,0.0,0.0,0.0,0.0,0.0,0.0,2.90786075592041,0.0,5.089295387268066,1.4739084243774414,0.0,0.11070504039525986,0.0,0.10667292773723602,0.0,0.0,0.0,0.0,14.71873950958252,8.451325416564941,0.0,0.0,0.0,0.0,0.0,1.2600924968719482,2.39965558052063,10.993034362792969,1.3414254188537598,1.9961280822753906,0.0,2.386770725250244,0.29205983877182007,5.198142051696777,1.840033769607544,3.4149906635284424,13.32402515411377,0.44314002990722656,0.0,0.0,11.155580520629883,0.0,0.0,7.223571300506592,0.0,9.088635444641113,0.0,0.0,7.907732009887695,0.0,0.6068920493125916,0.0,0.6134438514709473,0.0,0.0,5.09296178817749,0.0,0.09793876856565475,0.0,0.0,0.0,2.754674196243286,0.0,8.062902450561523,0.0,0.18148106336593628,3.709352493286133,0.0,0.0,0.0,0.36321061849594116,0.0,0.36321061849594116,0.0,0.0,1.083681344985962,1.803493857383728,0.0,0.0,0.0,0.0,1.1600539684295654,0.0,0.7912097573280334,0.0,0.40652862191200256,0.19817577302455902,0.16197316348552704,0.2801743149757385,0.0,0.0,0.0,0.16487978398799896,0.0,0.0,0.0,1.0625319480895996,0.0,0.0,0.0,0.0,0.0,0.0,0.0,14.64147663116455,0.0,0.0,0.0,0.0,0.0,0.0,0.0,0.0,0.0,0.0,0.0,0.0,0.0,0.0,0.0,0.0,0.0,0.0,0.3617081642150879,0.0,0.0,0.0,0.6828938126564026,0.0,0.0,0.3429272472858429,0.29359471797943115,0.0,0.0,0.0,0.0,1.3451162576675415,5.92274808883667,1.1057658195495605,3.3643836975097656,0.0,0.29747724533081055,4.281891345977783,0.0,0.29359471797943115,1.0579994916915894,5.179989814758301,0.0,0.0,0.0,0.4974304437637329,0.0,0.0,0.0,0.0,0.0,0.0,0.0,0.0,0.0,0.0,0.0,0.0,0.0,0.0,0.0,0.0,0.0,0.0,0.0,0.0,0.0,0.0,0.0,0.0,0.0,0.0,0.0,0.0,0.0,0.0,0.0,0.0,0.0,0.0,0.0,0.0,0.0,0.0,0.0,0.0,0.0,0.0,0.0,0.0,0.0,0.0,0.0,0.0,0.0,0.0,0.0,0.0,0.0,0.0,0.0,0.0,0.0,0.0,0.0,0.0,0.0,0.0,0.0,0.0,0.0,0.0,0.0,0.0,0.0,0.0,0.0,0.0,0.0,0.0,0.0,0.0,0.0,0.0,0.0,0.0,0.0,0.0,0.0,0.0,0.0,0.0,0.0,0.0,0.0,0.0,0.0,0.0,0.0,0.0,0.0,0.0,0.0,0.0,0.0,0.0,0.0,0.0,0.0,0.0,0.0,0.0,0.0,0.0,0.0,0.0,0.0,0.0,0.0
5067,0.0,0.0,0.0,0.0,0.0,0.0,0.0,0.0,0.0,0.0,0.0,0.0,0.0,0.0,0.0,0.0,0.0,0.0,0.0,0.0,0.0,0.0,0.0,0.0,0.0,0.0,0.0,0.0,0.0,0.0,0.0,0.0,0.0,0.0,0.0,0.0,0.0,0.0,0.0,0.0,0.0,0.0,0.0,0.0,0.0,0.0,0.0,0.0,0.0,0.0,0.0,0.0,0.0,0.0,0.0,0.0,0.0,0.0,0.0,0.0,0.0,0.0,0.0,0.0,0.0,0.0,0.0,0.0,0.0,0.0,0.0,0.0,0.0,0.0,0.0,0.0,0.0,0.0,0.0,0.0,0.0,0.0,0.0,0.0,0.0,0.0,0.0,0.0,0.0,0.0,0.0,0.0,0.0,0.0,0.0,0.0,0.0,0.0,0.0,0.0,0.0,0.0,0.0,0.0,0.0,0.0,0.0,0.0,0.0,0.0,0.0,0.0,0.0,0.0,0.0,0.0,0.0,0.0,0.0,0.0,0.0,0.0,0.0,0.0,0.0,0.0,0.0,0.0,0.0,0.0,0.0,0.0,0.0,0.0,0.0,0.0,0.0,0.0,0.0,0.0,0.0,0.0,0.0,0.0,0.0,0.0,0.0,0.0,0.0,0.0,0.0,0.0,0.0,0.0,0.0,0.0,0.0,0.0,0.0,0.0,0.0,0.0,0.0,0.0,0.0,0.0,0.0,0.0,0.0,0.0,0.0,0.0,0.0,0.0,0.0,0.0,0.0,0.0,0.0,0.0,0.0,0.0,0.0,0.0,0.0,0.0,0.0,0.0,0.0,0.0,0.0,0.0,0.0,0.0,0.0,0.0,0.0,0.0,0.0,0.0,0.0,0.0,0.0,0.0,0.0,0.0,0.0,0.0,0.0,0.0,0.0,0.0,0.0,0.0,0.0,0.0,0.0,0.0,0.0,0.0,0.0,0.0,0.0,0.0,0.0,0.0,0.0,0.0,0.0,0.0,0.0,0.0,0.0,0.0,0.0,0.0,0.0,0.0,0.0,0.0,0.0,0.0,0.0,0.0,0.0,0.0,0.0,0.0,0.0,0.0,0.0,0.0,0.0,0.0,0.0,0.0,0.0,0.0,0.0,0.0,0.0,0.0,0.0,0.0,0.0,0.0,0.0,0.0,0.0,0.0,0.0,0.0,0.0,0.0,0.0,0.0,0.0,0.0,0.0,0.0,0.0,0.0,0.0,0.0,0.0,0.0,0.0,0.0,0.0,0.0,0.0,0.0,0.0,0.0,0.0,0.0,0.0,0.0,0.0,0.0,0.0,0.0,0.0,0.0,0.0,0.0,0.0,0.0,0.0,0.0,0.0,0.0,0.0,0.0,0.0,0.0,0.0,0.0,0.0,0.0,0.0,0.0,0.0,0.0,0.0,0.0,0.0,0.0,0.0,0.0,0.0,0.0,0.0,0.0,0.0,0.0,0.0,0.0,0.0,0.0,0.0,0.0,0.0,0.0,0.0,0.0,0.0,0.0,0.0,0.0,0.0,0.0,0.0,0.0,0.0,0.0,0.0,0.0,0.0,0.0,0.0,0.0,0.0,0.0,0.0,0.0,0.0,0.0,0.0,0.0,0.0,0.0,0.0,0.0,0.0,0.0
5068,21.704538345336914,23.14931869506836,26.249595642089844,22.328136444091797,49.95363235473633,59.2816276550293,75.5792236328125,19.150177001953125,56.23568344116211,114.72298431396484,36.079505920410156,46.869651794433594,208.79312133789062,5.329597473144531,10.324972152709961,8.044569969177246,1.591062307357788,0.8742403984069824,0.8413508534431458,0.0,7.711867332458496,7.23415994644165,0.0,43.315277099609375,13.411333084106445,63.315452575683594,22.1003360748291,33.8460807800293,0.0,6.178247928619385,0.0,9.248282432556152,0.0,0.0,0.0,23.082944869995117,0.0,0.0,0.0,24.88789176940918,17.266592025756836,48.08937072753906,0.0,240.84371948242188,9.518281936645508,2.555687665939331,0.3191983103752136,17.969816207885742,13.749909400939941,254.37445068359375,108.0980224609375,83.2598648071289,74.26156616210938,16.241273880004883,5.335622310638428,3.2655813694000244,0.0,10.803860664367676,3.944584608078003,4.487454891204834,2.7821972370147705,7.506025791168213,1.0545486211776733,47.98614501953125,5.324216365814209,4.91072940826416,27.48493194580078,27.277921676635742,0.0,22.788312911987305,4.274991989135742,7.551655292510986,4.462896823883057,0.0,0.0,28.387977600097656,0.0,0.0,27.482227325439453,11.354143142700195,3.164841890335083,0.0,2.3503217697143555,4.293868541717529,0.0,0.0,0.0,0.0,20.321210861206055,0.0,0.6364224553108215,8.680384635925293,8.769972801208496,0.15642963349819183,2.6066954135894775,0.0,1.339996576309204,3.1875176429748535,1.1426546573638916,0.2134052962064743,19.91282081604004,0.0,0.0,0.0,15.743227005004883,23.18413543701172,8.081871032714844,11.153396606445312,179.37432861328125,0.0,0.0,12.456938743591309,0.0,0.0,0.0,0.0,0.0,0.0,3.974998950958252,0.0,16.071861267089844,5.6036696434021,0.0,1.6700165271759033,0.04296838492155075,2.6412885189056396,0.0,0.0,0.0,0.0,7.633866310119629,7.925906181335449,0.0,0.0,0.0,0.0,0.0,1.282696008682251,2.4976930618286133,7.009068965911865,0.8298447728157043,0.8576805591583252,0.0,9.134879112243652,0.14528660476207733,3.2315473556518555,1.2506479024887085,1.8626189231872559,9.403018951416016,0.30881714820861816,0.0,0.0,7.124718189239502,0.0,0.0,4.0875115394592285,0.0,6.592906475067139,0.0,0.0,5.715668678283691,0.0,3.9963252544403076,0.0,0.8190156817436218,0.0,0.0,4.718482494354248,0.0,0.04050099477171898,0.0,0.0,0.0,1.3724143505096436,0.0,3.7150564193725586,0.0,0.07548654079437256,1.7533947229385376,0.0,0.0,0.0,1.108993649482727,0.09476564079523087,1.1416255235671997,0.0,0.0,4.780892372131348,15.741578102111816,0.0,0.0,0.0,0.1715869903564453,17.444120407104492,0.0,5.483794689178467,0.0,9.627765655517578,4.4329352378845215,1.921451449394226,8.774513244628906,0.0,0.0,0.11109402775764465,3.951570510864258,0.0,0.11109402775764465,0.0,4.65289831161499,0.0,0.0,0.0,0.0,0.0,0.0,0.0,82.19612884521484,0.0,0.0,0.0,0.0,0.0,0.0,0.0,0.0,0.0,0.0,0.0,0.0,0.0,0.0,0.0,0.0,0.0,0.0,1.0704118013381958,0.0,0.0,0.0,1.0882190465927124,0.0,0.0,0.9363154172897339,0.8813973069190979,0.0,0.0,0.0,0.0,12.999452590942383,49.16794204711914,2.5041284561157227,20.032560348510742,0.0,0.40788179636001587,26.108829498291016,0.0,0.8813973069190979,1.304849624633789,24.475488662719727,0.0,0.0,0.0,1.637459635734558,0.0,0.0,0.0,0.0,0.0,0.0,0.0,0.0,0.0,0.0,0.0,0.0,0.0,0.0,0.0,0.0,0.0,0.0,0.0,0.0,0.0,0.0,0.0,0.0,0.0,0.0,0.0,0.0,0.0,0.0,0.0,0.0,0.0,0.0,0.0,0.0,0.0,0.0,0.0,0.0,0.0,0.0,0.0,0.0,0.0,0.0,0.0,0.0,0.0,0.0,0.0,0.0,0.0,0.0,0.0,0.0,0.0,0.0,0.0,0.0,0.0,0.0,0.0,0.0,0.0,0.0,0.0,0.0,0.0,0.0,0.0,0.0,0.0,0.0,0.0,0.0,0.0,0.0,0.0,0.0,0.0,0.0,0.0,0.0,0.0,0.0,0.0,0.0,0.0,0.0,0.0,0.0,0.0,0.0,0.0,0.0,0.0,0.0,0.0,0.0,0.0,0.0,0.0,0.0,0.0,0.0,0.0,0.0,0.0,0.0,0.0,0.0,0.0
5069,0.6150670051574707,1.4744198322296143,0.45690277218818665,2.503326177597046,2.765665054321289,3.087388753890991,7.431943416595459,0.6434472799301147,3.3200604915618896,10.914118766784668,1.5436943769454956,1.221970796585083,5.062638759613037,0.0,0.04399946704506874,2.791013479232788,0.0,0.0,0.0,0.0,0.0,0.0,0.0,1.8596071004867554,0.3217236399650574,2.1572391986846924,1.221970796585083,1.3065159320831299,0.0,0.4148091971874237,0.0,0.44745469093322754,0.0,0.0,0.0,0.3591739237308502,0.0,0.0,0.0,0.4026246964931488,0.8704503178596497,2.564434766769409,0.0,9.518281936645508,9.219667434692383,0.21878448128700256,0.06824938952922821,0.7269416451454163,0.681270182132721,15.750370979309082,2.3279905319213867,1.2536828517913818,3.1435554027557373,0.0,1.8151683807373047,0.32975509762763977,0.0,0.2638745605945587,0.0,5.150053024291992,0.27757009863853455,8.61433219909668,0.08812911808490753,2.9920196533203125,5.8899054527282715,2.1221518516540527,8.3505220413208,7.238976001739502,0.0,10.545609474182129,6.848352909088135,11.434819221496582,6.848352909088135,0.0,0.0,18.02255630493164,0.0,0.0,17.996858596801758,5.540480136871338,1.5441663265228271,0.0,1.1328831911087036,2.904846429824829,0.0,0.0,0.0,0.0,10.099869728088379,0.0,0.3159259259700775,18.70846939086914,6.799366474151611,0.05661139264702797,3.6741998195648193,0.0,2.298365831375122,6.690261363983154,3.2251899242401123,0.07760617136955261,23.473163604736328,0.0,0.0,0.0,9.491473197937012,13.7369966506958,5.02935791015625,5.419321537017822,87.60326385498047,0.0,0.0,6.040988922119141,0.0,0.0,0.0,0.0,0.0,0.0,1.6611440181732178,0.0,14.875507354736328,3.3630170822143555,0.0,1.7252053022384644,0.0,2.1919190883636475,0.0,0.0,0.0,0.0,7.097360610961914,2.254478693008423,0.0,0.0,0.0,0.0,0.0,0.29089999198913574,0.5526553392410278,3.085968494415283,0.460774689912796,0.5877659320831299,0.0,0.730007529258728,0.0,1.8691915273666382,0.43776461482048035,1.0102580785751343,4.061654567718506,0.11706918478012085,0.0,0.0,3.720179557800293,0.0,0.0,2.3586978912353516,0.0,2.073183536529541,0.0,0.0,1.576513409614563,0.0,0.14355172216892242,0.0,0.19236689805984497,0.0,0.0,1.4174160957336426,0.0,0.0,0.0,0.0,0.0,0.0,0.0,0.7184179425239563,0.0,0.0,0.35379183292388916,0.0,0.0,0.0,0.18147841095924377,0.0,0.2215651273727417,0.0,0.0,0.18350107967853546,0.1873175948858261,0.0,0.0,0.0,0.0,0.4270106852054596,0.0,0.1362309753894806,0.0,0.5249338150024414,0.09310039132833481,0.0330905057489872,0.04830377921462059,0.0,0.0,0.0,0.0,0.0,0.0,0.0,0.24937671422958374,0.0,0.0,0.0,0.0,0.0,0.0,0.0,4.004715919494629,0.0,0.0,0.0,0.0,0.0,0.0,0.0,0.0,0.0,0.0,0.0,0.0,0.0,0.0,0.0,0.0,0.0,0.0,0.16723811626434326,0.0,0.0,0.0,0.0,0.0,0.0,0.17673468589782715,0.1684829443693161,0.0,0.0,0.0,0.0,0.9165975451469421,1.9867607355117798,0.0,0.9317716360092163,0.0,0.14913421869277954,5.467635631561279,0.0,0.1684829443693161,0.0,0.8619285225868225,0.0,0.0,0.0,0.7776563167572021,0.0,0.0,0.0,0.0,0.0,0.0,0.0,0.0,0.0,0.0,0.0,0.0,0.0,0.0,0.0,0.0,0.0,0.0,0.0,0.0,0.0,0.0,0.0,0.0,0.0,0.0,0.0,0.0,0.0,0.0,0.0,0.0,0.0,0.0,0.0,0.0,0.0,0.0,0.0,0.0,0.0,0.0,0.0,0.0,0.0,0.0,0.0,0.0,0.0,0.0,0.0,0.0,0.0,0.0,0.0,0.0,0.0,0.0,0.0,0.0,0.0,0.0,0.0,0.0,0.0,0.0,0.0,0.0,0.0,0.0,0.0,0.0,0.0,0.0,0.0,0.0,0.0,0.0,0.0,0.0,0.0,0.0,0.0,0.0,0.0,0.0,0.0,0.0,0.0,0.0,0.0,0.0,0.0,0.0,0.0,0.0,0.0,0.0,0.0,0.0,0.0,0.0,0.0,0.0,0.0,0.0,0.0,0.0,0.0,0.0,0.0,0.0,0.0
5070,6.005603313446045,18.51320457458496,0.0,0.0,0.0,0.0,0.0,0.0,0.0,0.30587518215179443,0.0,0.0,0.22125107049942017,0.0,0.0,0.0,0.0,0.0,0.0,0.0,0.0,0.0,0.0,0.0,0.0,0.0,0.0,0.0,0.0,0.0,0.0,0.0,0.0,0.0,0.0,0.0,0.0,0.0,0.0,7.301150321960449,0.0,0.0,0.0,2.555687665939331,0.21878448128700256,10.08012866973877,47.54340362548828,0.0,0.4929848909378052,5.150956630706787,3.719364643096924,6.8943891525268555,0.410444438457489,0.0,7.594632148742676,7.422194004058838,0.0,5.671597003936768,0.0,1.32262122631073,9.26647663116455,2.2325167655944824,0.0,2.3612093925476074,0.4455905258655548,0.6730237603187561,2.539884090423584,2.482943058013916,0.0,2.3443386554718018,0.45054784417152405,0.19554530084133148,0.45054784417152405,0.0,0.0,0.4334535002708435,0.0,0.0,0.4094581604003906,0.0,0.0,0.0,0.0,0.0,0.0,0.0,0.0,0.0,0.42150354385375977,0.0,0.0,0.0,0.0,0.0,0.0,0.0,0.0,0.0,0.0,0.0,0.0,0.0,0.0,0.0,0.0,0.0,0.0,0.0,2.263575792312622,0.0,0.0,0.0,0.0,0.0,0.0,0.0,0.0,0.0,0.0,0.0,0.0,0.0,0.0,0.0,0.0,0.0,0.0,0.0,0.0,0.0,0.0,0.0,0.0,0.0,0.0,0.0,0.0,0.0,0.0,0.0,0.0,0.0,0.0,0.0,0.0,0.0,0.0,0.0,0.0,0.0,0.0,0.0,0.0,0.0,0.0,0.0,0.0,0.0,0.0,0.0,0.0,0.0,0.0,0.0,0.0,0.0,0.0,0.0,0.0,0.0,0.0,0.0,0.0,0.0,0.0,0.0,0.0,0.0,0.0,0.0,0.0,0.0,0.0,0.0,0.0,0.0,0.0,0.0,0.0,0.0,0.0,0.0,0.0,0.0,0.0,0.0,0.0,0.0,0.0,0.0,0.0,0.0,0.0,0.0,0.0,0.0,0.0,0.0,0.0,0.0,0.0,0.0,0.0,0.0,0.0,0.0,0.0,0.0,0.0,0.0,0.0,0.0,0.0,0.0,0.0,0.0,0.0,0.0,0.0,0.0,0.0,0.0,0.0,0.0,0.0,0.0,0.0,0.0,0.0,0.0,0.0,0.0,0.0,0.0,0.0,0.0,0.0,0.0,0.0,0.0,0.0,0.0,0.0,0.0,7.6403703689575195,0.0,0.0,0.0,0.0,0.0,0.0,0.0,0.0,0.0,0.0,0.0,0.0,0.0,0.0,0.0,0.0,0.0,0.0,0.0,0.0,0.0,0.0,0.0,0.0,0.0,0.0,0.0,0.0,0.0,0.0,0.0,0.0,0.0,0.0,0.0,0.0,0.0,0.0,0.0,0.0,0.0,0.0,0.0,0.0,0.0,0.0,0.0,0.0,0.0,0.0,0.0,0.0,0.0,0.0,0.0,0.0,0.0,0.0,0.0,0.0,0.0,0.0,0.0,0.0,0.0,0.0,0.0,0.0,0.0,0.0,0.0,0.0,0.0,0.0,0.0,0.0,0.0,0.0,0.0,0.0,0.0,0.0,0.0,0.0,0.0,0.0,0.0,0.0,0.0,0.0,0.0,0.0,0.0,0.0,0.0,0.0,0.0,0.0,0.0,0.0,0.0,0.0,0.0,0.0,0.0,0.0,0.0,0.0,0.0,0.0,0.0,0.0,0.0,0.0,0.0,0.0,0.0,0.0,0.0,0.0,0.0
5071,25.271419525146484,86.22791290283203,0.0,0.0,0.0,0.0,0.0,0.0,0.0,1.207706093788147,0.0,0.0,0.07341831922531128,0.0,0.0,0.0,0.0,0.0,0.0,0.0,0.0,0.0,0.0,0.0,0.0,0.0,0.0,0.0,0.0,0.0,0.0,0.0,0.0,0.0,0.0,0.0,0.0,0.0,0.0,1.6442679166793823,0.0,0.0,0.0,0.3191983103752136,0.06824938952922821,47.54340362548828,10.08012866973877,0.0,0.4756106436252594,1.232840895652771,1.1566100120544434,10.07363510131836,0.7581667304039001,0.0,23.805130004882812,16.835124969482422,0.0,0.6193315982818604,0.0,7.721798419952393,83.24420166015625,17.871936798095703,0.0,2.2515130043029785,0.09741892665624619,2.0880677700042725,6.380054950714111,2.7986912727355957,0.0,12.319377899169922,1.6362617015838623,0.7101649045944214,1.6362617015838623,0.0,0.0,1.8180010318756104,0.0,0.0,1.717359185218811,0.0,0.0,0.0,0.0,0.0,0.0,0.0,0.0,0.0,1.7678802013397217,0.0,0.0,0.0,0.0,0.0,0.0,0.0,0.0,0.0,0.0,0.0,0.0,0.0,0.0,0.0,0.0,0.0,0.0,0.0,9.493943214416504,0.0,0.0,0.0,0.0,0.0,0.0,0.0,0.0,0.0,0.0,0.0,0.0,0.0,0.0,0.0,0.0,0.0,0.0,0.0,0.0,0.0,0.0,0.0,0.0,0.0,0.0,0.0,0.0,0.0,0.0,0.0,0.0,0.0,0.0,0.0,0.0,0.0,0.0,0.0,0.0,0.0,0.0,0.0,0.0,0.0,0.0,0.0,0.0,0.0,0.0,0.0,0.0,0.0,0.0,0.0,0.0,0.0,0.0,0.0,0.0,0.0,0.0,0.0,0.0,0.0,0.0,0.0,0.0,0.0,0.0,0.0,0.0,0.0,0.0,0.0,0.0,0.0,0.0,0.0,0.0,0.0,0.0,0.0,0.0,0.0,0.0,0.0,0.0,0.0,0.0,0.0,0.0,0.0,0.0,0.0,0.0,0.0,0.0,0.0,0.0,0.0,0.0,0.0,0.0,0.0,0.0,0.0,0.0,0.0,0.0,0.0,0.0,0.0,0.0,0.0,0.0,0.0,0.0,0.0,0.0,0.0,0.0,0.0,0.0,0.0,0.0,0.0,0.0,0.0,0.0,0.0,0.0,0.0,0.0,0.0,0.0,0.0,0.0,0.0,0.0,0.0,0.0,0.0,0.0,0.0,34.267398834228516,0.0,0.0,0.0,0.0,0.0,0.0,0.0,0.0,0.0,0.0,0.0,0.0,0.0,0.0,0.0,0.0,0.0,0.0,0.0,0.0,0.0,0.0,0.0,0.0,0.0,0.0,0.0,0.0,0.0,0.0,0.0,0.0,0.0,0.0,0.0,0.0,0.0,0.0,0.0,0.0,0.0,0.0,0.0,0.0,0.0,0.0,0.0,0.0,0.0,0.0,0.0,0.0,0.0,0.0,0.0,0.0,0.0,0.0,0.0,0.0,0.0,0.0,0.0,0.0,0.0,0.0,0.0,0.0,0.0,0.0,0.0,0.0,0.0,0.0,0.0,0.0,0.0,0.0,0.0,0.0,0.0,0.0,0.0,0.0,0.0,0.0,0.0,0.0,0.0,0.0,0.0,0.0,0.0,0.0,0.0,0.0,0.0,0.0,0.0,0.0,0.0,0.0,0.0,0.0,0.0,0.0,0.0,0.0,0.0,0.0,0.0,0.0,0.0,0.0,0.0,0.0,0.0,0.0,0.0,0.0,0.0
5072,2.1393823623657227,2.9601495265960693,0.6760913729667664,2.3326351642608643,3.1298484802246094,3.377152442932129,11.219319343566895,0.0,4.216348171234131,9.476621627807617,1.4651082754135132,2.1169800758361816,8.5613431930542,0.0,0.0,0.7305808067321777,0.0,0.0,0.0,0.0,0.3391605317592621,0.0,0.0,4.524905204772949,0.3391605317592621,2.990464448928833,1.1679410934448242,1.6280423402786255,0.0,0.0,0.0,0.0,0.0,0.0,0.0,5.474678039550781,0.0,0.0,0.0,6.068741798400879,0.0,2.3333170413970947,0.0,17.969816207885742,0.7269416451454163,0.0,0.0,0.8604609966278076,3.153796434402466,13.83139419555664,5.616593837738037,20.085126876831055,13.792049407958984,0.0,0.0,0.0,0.0,0.0,0.0,0.0,0.0,0.0,0.0,9.144627571105957,0.8349977135658264,0.39360398054122925,3.163829803466797,2.665886878967285,0.0,6.620795726776123,2.0316011905670166,1.2684869766235352,2.0316011905670166,0.0,0.0,1.8301421403884888,0.0,0.0,1.7288281917572021,0.0,0.0,0.0,0.0,0.0,0.0,0.0,0.0,0.0,1.4062891006469727,0.0,0.0,0.27742841839790344,0.0,0.0,0.0,0.0,0.0,0.0,0.0,0.0,0.0,0.0,0.0,0.0,1.3503057956695557,1.5184192657470703,0.0,0.0,13.788447380065918,0.0,0.0,1.2227649688720703,0.0,0.0,0.0,0.0,0.0,0.0,0.0,0.0,0.0,0.0,0.0,0.0,0.0,0.0,0.0,0.0,0.0,0.0,0.0,0.0,0.0,0.0,0.0,0.0,0.0,0.0,0.22685247659683228,0.0,0.0,0.0,0.0,0.0,0.0,0.0,0.0,0.0,0.2146051824092865,0.0,0.0,0.0,0.25798723101615906,0.0,0.0,0.0,0.0,0.0,0.0,0.0,0.0,0.0,0.0,0.0,0.0,0.0,0.0,0.0,0.0,0.0,0.0,0.0,0.0,0.0,0.0,0.0,0.0,0.0,0.0,0.0,0.0,0.0,0.13524296879768372,0.0,0.13524296879768372,0.0,0.0,0.0,1.2086941003799438,0.0,0.0,0.0,0.0,1.4182171821594238,0.0,0.447175532579422,0.0,0.7942230701446533,0.0,0.0,0.0,0.0,0.0,0.0,0.0,0.0,0.0,0.0,0.5348852276802063,0.0,0.0,0.0,0.0,0.0,0.0,0.0,1.3370498418807983,0.0,0.0,0.0,0.0,0.0,0.0,0.0,0.0,0.0,0.0,0.0,0.0,0.0,0.0,0.0,0.0,0.0,0.0,0.09740683436393738,0.0,0.0,0.0,0.0,0.0,0.0,0.14186672866344452,0.13524296879768372,0.0,0.0,0.0,0.0,0.0,0.9870510101318359,0.0,0.0,0.0,0.0,2.5659255981445312,0.0,0.13524296879768372,0.0,1.0921627283096313,0.0,0.0,0.0,0.0,0.0,0.0,0.0,0.0,0.0,0.0,0.0,0.0,0.0,0.0,0.0,0.0,0.0,0.0,0.0,0.0,0.0,0.0,0.0,0.0,0.0,0.0,0.0,0.0,0.0,0.0,0.0,0.0,0.0,0.0,0.0,0.0,0.0,0.0,0.0,0.0,0.0,0.0,0.0,0.0,0.0,0.0,0.0,0.0,0.0,0.0,0.0,0.0,0.0,0.0,0.0,0.0,0.0,0.0,0.0,0.0,0.0,0.0,0.0,0.0,0.0,0.0,0.0,0.0,0.0,0.0,0.0,0.0,0.0,0.0,0.0,0.0,0.0,0.0,0.0,0.0,0.0,0.0,0.0,0.0,0.0,0.0,0.0,0.0,0.0,0.0,0.0,0.0,0.0,0.0,0.0,0.0,0.0,0.0,0.0,0.0,0.0,0.0,0.0,0.0,0.0,0.0,0.0,0.0,0.0,0.0,0.0,0.0,0.0,0.0,0.0,0.0,0.0
5073,3.3059422969818115,3.346804618835449,0.0,0.0,0.9351083040237427,1.4065470695495605,10.785979270935059,0.0,3.3011534214019775,8.260472297668457,13.094273567199707,1.1232881546020508,7.045112133026123,0.0,0.0,0.0,0.0,0.0,0.0,0.0,0.0,0.0,0.0,2.6158697605133057,0.5616440773010254,2.192833185195923,0.3734642565250397,0.5616440773010254,0.0,0.0,0.0,0.0,0.0,0.0,0.0,5.968489646911621,0.0,0.0,0.0,17.48483657836914,3.107389450073242,10.103541374206543,0.0,13.749909400939941,0.681270182132721,0.4929848909378052,0.4756106436252594,3.153796434402466,16.137256622314453,46.85691833496094,22.974239349365234,9.273256301879883,8.558673858642578,0.0,3.3526551723480225,2.6186599731445312,0.0,4.278766632080078,14.011487007141113,3.9960107803344727,0.4693530797958374,4.987424373626709,0.8878616690635681,82.25878143310547,2.4510557651519775,13.451135635375977,42.88599395751953,28.63353729248047,0.0,73.77964782714844,13.52659797668457,5.87076997756958,13.52659797668457,0.0,0.0,9.195226669311523,0.0,0.0,8.686192512512207,0.0,0.0,0.0,0.0,1.6678780317306519,0.0,0.0,0.0,0.0,6.884864807128906,0.0,0.0,4.119361877441406,0.0,0.0,0.0,0.0,0.0,0.7014663219451904,0.0,0.0,4.221156597137451,0.0,0.0,0.0,5.176487445831299,7.648942470550537,2.788963794708252,3.525212287902832,62.48280334472656,0.0,0.0,2.195542573928833,0.0,0.0,0.0,0.0,0.0,0.0,0.0,0.0,6.6843156814575195,0.0,0.0,0.0,0.0,0.0,0.0,0.0,0.0,0.0,0.0,0.0,0.0,0.0,0.0,0.0,0.0,0.0,0.0,0.0,0.0,0.0,0.0,0.0,0.0,0.0,0.0,0.0,0.09670517593622208,0.0,0.0,0.0,0.0,0.0,0.0,0.0,0.0,0.0,0.0,0.0,0.0,0.0,0.0,0.0,0.0,0.0,0.0,0.0,0.0,0.0,0.0,0.0,0.0,0.0,0.0,0.0,0.0,0.0,0.0,0.0,0.0,0.0,0.0,0.0,0.0,0.0,0.0,0.0,8.057414054870605,0.0,0.0,0.0,0.0,1.2732439041137695,0.0,1.5122393369674683,0.0,1.4374936819076538,0.0,0.0,0.0,0.0,0.0,0.0,0.0,0.0,0.0,0.0,0.0,0.0,0.0,0.0,0.0,0.0,0.0,0.0,2.1344311237335205,0.0,0.0,0.0,0.0,0.0,0.0,0.0,0.0,0.0,0.0,0.0,0.0,0.0,0.0,0.0,0.0,0.0,0.0,0.11098066717386246,0.0,0.0,0.0,0.0,0.0,0.0,0.0,0.0,0.0,0.0,0.0,0.0,0.0,0.4131503999233246,0.0,0.0,0.0,0.0,1.6234681606292725,0.0,0.0,0.0,3.4392313957214355,0.0,0.0,0.0,0.0,0.0,0.0,0.0,0.0,0.0,0.0,0.0,0.0,0.0,0.0,0.0,0.0,0.0,0.0,0.0,0.0,0.0,0.0,0.0,0.0,0.0,0.0,0.0,0.0,0.0,0.0,0.0,0.0,0.0,0.0,0.0,0.0,0.0,0.0,0.0,0.0,0.0,0.0,0.0,0.0,0.0,0.0,0.0,0.0,0.0,0.0,0.0,0.0,0.0,0.0,0.0,0.0,0.0,0.0,0.0,0.0,0.0,0.0,0.0,0.0,0.0,0.0,0.0,0.0,0.0,0.0,0.0,0.0,0.0,0.0,0.0,0.0,0.0,0.0,0.0,0.0,0.0,0.0,0.0,0.0,0.0,0.0,0.0,0.0,0.0,0.0,0.0,0.0,0.0,0.0,0.0,0.0,0.0,0.0,0.0,0.0,0.0,0.0,0.0,0.0,0.0,0.0,0.0,0.0,0.0,0.0,0.0,0.0,0.0,0.0,0.0,0.0,0.0
5074,34.789459228515625,25.0538387298584,15.379596710205078,28.157588958740234,41.0814094543457,49.64422607421875,58.85838317871094,11.5614652633667,50.58110427856445,144.39407348632812,23.55266571044922,31.221357345581055,133.0783233642578,3.423304319381714,11.991819381713867,9.588173866271973,0.7136267423629761,1.3821715116500854,1.0536437034606934,0.0,5.284056663513184,3.9302279949188232,0.0,46.00669479370117,9.318154335021973,40.06083679199219,18.434791564941406,20.222946166992188,0.0,13.530426025390625,0.0,11.950319290161133,0.0,0.0,0.0,62.97691345214844,0.0,0.0,0.0,96.39260864257812,14.465630531311035,37.750205993652344,0.0,254.37445068359375,15.750370979309082,5.150956630706787,1.232840895652771,13.83139419555664,46.85691833496094,207.47865295410156,102.61309814453125,314.2354736328125,193.7459259033203,27.14840316772461,25.020780563354492,10.727240562438965,0.0,44.96089553833008,28.12275505065918,4.0042290687561035,11.041838645935059,13.34939956665039,2.970954179763794,122.4055404663086,6.1418352127075195,2.919809341430664,31.781681060791016,31.75616455078125,0.0,46.45302963256836,9.06893539428711,24.821910858154297,10.16524600982666,0.0,0.0,14.821167945861816,0.0,0.0,13.445174217224121,5.787520408630371,1.6250447034835815,0.0,0.998882532119751,1.7885059118270874,0.0,0.0,0.0,0.0,8.853975296020508,0.0,0.37274518609046936,8.975101470947266,2.3989195823669434,0.0,0.974753737449646,0.0,0.3098464906215668,2.561617612838745,0.13123862445354462,0.0,15.148224830627441,0.0,0.0,0.0,7.819427967071533,11.660192489624023,3.9127349853515625,5.89139986038208,91.35543060302734,0.0,0.0,7.1417059898376465,0.0,0.0,0.0,0.0,0.0,0.0,3.707845687866211,0.0,7.287702560424805,2.991609573364258,0.0,0.22230906784534454,0.0,0.2142120897769928,0.0,0.0,0.0,0.0,7.667078018188477,8.218788146972656,0.0,0.0,0.0,0.0,0.0,1.4496222734451294,2.6853888034820557,7.051451206207275,0.271090567111969,0.8645603060722351,0.0,9.55473804473877,0.0,2.441246509552002,0.0,0.6007542014122009,8.23509693145752,0.0,0.0,0.0,6.574328422546387,0.0,0.0,1.6709626913070679,0.0,3.4499757289886475,0.0,0.0,0.31932786107063293,0.0,0.0,0.0,0.0,0.0,0.0,0.9792439937591553,0.0,0.0,0.0,0.0,0.0,0.0,0.0,1.0155415534973145,0.0,0.0,0.5754342675209045,0.0,0.0,0.0,1.7617892026901245,0.13029004633426666,1.89207923412323,0.0,0.0,2.493985891342163,3.616687536239624,0.0,0.0,0.0,0.4161810874938965,10.95296859741211,0.0,7.106507778167725,0.0,7.654699802398682,2.0624897480010986,1.2765228748321533,3.6540682315826416,0.0,0.0,0.0,0.701399028301239,0.0,0.0,0.0,4.543519020080566,0.0,0.0,0.0,0.0,0.0,0.0,0.0,64.6810531616211,0.0,0.0,0.0,0.0,0.0,0.0,0.0,0.0,0.0,0.0,0.0,0.0,0.0,0.0,0.0,0.0,0.0,0.0,1.7761154174804688,0.0,0.0,0.0,1.8342390060424805,0.0,0.0,1.5689542293548584,1.4584723711013794,0.0,0.0,0.0,0.0,8.575119018554688,33.99605941772461,4.369148254394531,20.471149444580078,0.0,0.0,28.4841365814209,0.0,1.4584723711013794,2.097522497177124,16.56868553161621,0.0,0.0,0.0,0.6232906579971313,0.0,0.0,0.0,0.0,0.0,0.0,0.0,0.0,0.0,0.0,0.0,0.0,0.0,0.0,0.0,0.0,0.0,0.0,0.0,0.0,0.0,0.0,0.0,0.0,0.0,0.0,0.0,0.0,0.0,0.0,0.0,0.0,0.0,0.0,0.0,0.0,0.0,0.0,0.0,0.0,0.0,0.0,0.0,0.0,0.0,0.0,0.0,0.0,0.0,0.0,0.0,0.0,0.0,0.0,0.0,0.0,0.0,0.0,0.0,0.0,0.0,0.0,0.0,0.0,0.0,0.0,0.0,0.0,0.0,0.0,0.0,0.0,0.0,0.0,0.0,0.0,0.0,0.0,0.0,0.0,0.0,0.0,0.0,0.0,0.0,0.0,0.0,0.0,0.0,0.0,0.0,0.0,0.0,0.0,0.0,0.0,0.0,0.0,0.0,0.0,0.0,0.0,0.0,0.0,0.0,0.0,0.0,0.0,0.0,0.0,0.0,0.0,0.0
5075,12.696420669555664,12.68910026550293,5.702484607696533,7.59703254699707,11.432822227478027,14.42048454284668,15.050554275512695,3.2089343070983887,15.095789909362793,40.452362060546875,7.0103678703308105,12.361254692077637,52.018951416015625,1.7477104663848877,1.0077531337738037,3.4831104278564453,0.10924225300550461,0.08088725060224533,0.0,0.0,1.8124055862426758,1.8124055862426758,0.0,13.51268482208252,3.4905190467834473,13.655550956726074,5.163945198059082,7.362381458282471,0.0,2.583641529083252,0.0,3.21475887298584,0.0,0.0,0.0,17.70174217224121,0.0,0.0,0.0,20.98094367980957,3.346423387527466,8.510693550109863,0.0,108.0980224609375,2.3279905319213867,3.719364643096924,1.1566100120544434,5.616593837738037,22.974239349365234,102.61309814453125,62.20926284790039,116.17190551757812,64.00867462158203,8.849007606506348,5.457653045654297,5.812870979309082,0.0,16.51328468322754,4.476532459259033,1.254575252532959,1.318346381187439,2.1935670375823975,1.8142168521881104,57.02376937866211,0.7069435119628906,0.3367149531841278,5.86269474029541,8.635099411010742,0.0,1.7397913932800293,0.5515953302383423,7.558879852294922,0.8405565023422241,0.0,0.0,2.0751185417175293,0.0,0.0,2.0054352283477783,0.9660294651985168,0.2662786543369293,0.0,0.10630897432565689,0.28488677740097046,0.0,0.0,0.0,0.0,1.1860309839248657,0.0,0.0,0.6375365257263184,0.0,0.0,0.08853141218423843,0.0,0.06992455571889877,0.07399500161409378,0.024109946563839912,0.0,1.2862013578414917,0.0,0.0,0.0,1.098291039466858,1.6951984167099,0.6678114533424377,0.8456519842147827,13.08935260772705,0.0,0.0,0.8960359692573547,0.0,0.0,0.0,0.0,0.0,0.0,0.0,0.0,1.3794382810592651,0.17403022944927216,0.0,0.02617565728724003,0.0,0.0,0.0,0.0,0.0,0.0,1.5140223503112793,0.0,0.0,0.0,0.0,0.0,0.0,0.23214854300022125,0.515539824962616,1.1734274625778198,0.16094136238098145,0.0,0.0,2.0449435710906982,0.0,0.45333316922187805,0.0,0.3566564619541168,2.334238290786743,0.0,0.0,0.0,1.5908628702163696,0.0,0.0,0.7308377623558044,0.0,1.0795156955718994,0.0,0.0,0.18957895040512085,0.0,0.0,0.0,0.0,0.0,0.0,0.30641061067581177,0.0,0.0,0.0,0.0,0.0,0.0,0.0,0.19333887100219727,0.0,0.0,0.0,0.0,0.0,0.0,0.8871331214904785,0.0,0.8871331214904785,0.0,0.0,0.7907658219337463,1.550633192062378,0.0,0.0,0.0,0.11245480179786682,1.5804661512374878,0.0,0.4786737263202667,0.0,0.8995407819747925,0.43098658323287964,0.2585151493549347,0.9689890742301941,0.0,0.0,0.0,0.038985006511211395,0.0,0.0,0.0,0.42108237743377686,0.0,0.0,0.0,0.0,0.0,0.0,0.0,8.428485870361328,0.0,0.0,0.0,0.0,0.0,0.0,0.0,0.0,0.0,0.0,0.0,0.0,0.0,0.0,0.0,0.0,0.0,0.0,0.7983856201171875,0.0,0.0,0.0,0.5343132615089417,0.0,0.0,0.6971471905708313,0.656162440776825,0.0,0.0,0.0,0.0,1.9086259603500366,9.63125228881836,1.4864697456359863,6.121598243713379,0.0,0.0,4.120971202850342,0.0,0.656162440776825,0.31032252311706543,5.603567600250244,0.0,0.0,0.0,0.17776592075824738,0.0,0.0,0.0,0.0,0.0,0.0,0.0,0.0,0.0,0.0,0.0,0.0,0.0,0.0,0.0,0.0,0.0,0.0,0.0,0.0,0.0,0.0,0.0,0.0,0.0,0.0,0.0,0.0,0.0,0.0,0.0,0.0,0.0,0.0,0.0,0.0,0.0,0.0,0.0,0.0,0.0,0.0,0.0,0.0,0.0,0.0,0.0,0.0,0.0,0.0,0.0,0.0,0.0,0.0,0.0,0.0,0.0,0.0,0.0,0.0,0.0,0.0,0.0,0.0,0.0,0.0,0.0,0.0,0.0,0.0,0.0,0.0,0.0,0.0,0.0,0.0,0.0,0.0,0.0,0.0,0.0,0.0,0.0,0.0,0.0,0.0,0.0,0.0,0.0,0.0,0.0,0.0,0.0,0.0,0.0,0.0,0.0,0.0,0.0,0.0,0.0,0.0,0.0,0.0,0.0,0.0,0.0,0.0,0.0,0.0,0.0,0.0,0.0
5076,84.55425262451172,92.2114486694336,5.996298789978027,9.410674095153809,13.868084907531738,28.911340713500977,10.201464653015137,3.152909994125366,38.04646301269531,93.26873779296875,13.774237632751465,16.761653900146484,63.53310012817383,1.6029127836227417,0.9027808308601379,6.229856491088867,0.09614992886781693,0.18682511150836945,0.6104743480682373,0.0,2.7191851139068604,1.75680410861969,0.0,12.727202415466309,4.057858943939209,19.765213012695312,11.174062728881836,9.550537109375,0.0,2.99830961227417,0.0,8.284845352172852,0.0,0.0,0.0,23.96661376953125,0.0,0.0,0.0,197.3821258544922,13.613503456115723,36.99263000488281,0.0,83.2598648071289,1.2536828517913818,6.8943891525268555,10.07363510131836,20.085126876831055,9.273256301879883,314.2354736328125,116.17190551757812,1316.8992919921875,267.97869873046875,13.310708999633789,75.75170135498047,50.29624938964844,0.0,79.22027587890625,59.2963752746582,3.536916732788086,8.288785934448242,9.619264602661133,0.919988214969635,50.962310791015625,0.6489600539207458,1.5365122556686401,6.399209976196289,23.7853946685791,0.0,8.512153625488281,1.1547919511795044,0.5508429408073425,19.13014793395996,0.0,0.0,9.462576866149902,0.0,0.0,7.910935401916504,2.981198787689209,0.8308786749839783,0.0,0.8791700005531311,1.2072429656982422,0.0,0.0,0.0,0.0,3.3324999809265137,0.0,0.32807299494743347,0.6858644485473633,0.0,0.0,1.1030489206314087,0.0,0.5571261048316956,0.3885872960090637,0.02472858875989914,0.0,1.3197132349014282,0.0,0.0,0.0,5.09037446975708,7.099423408508301,2.567298650741577,3.3271305561065674,58.00287628173828,0.0,0.0,5.203235626220703,0.0,0.0,0.0,0.0,0.0,0.0,0.0,0.0,6.9080023765563965,2.2359769344329834,0.0,1.5137468576431274,0.0,0.0,0.0,0.0,0.0,0.0,2.894702672958374,1.8202738761901855,0.0,0.0,0.0,0.0,0.0,0.2386457622051239,0.46962952613830566,1.3533309698104858,0.16904334723949432,0.0,0.0,3.3631136417388916,0.0,1.0086092948913574,0.0,0.374610960483551,2.534057855606079,0.0,0.0,0.0,1.934489369392395,0.0,0.0,1.0419585704803467,0.0,1.5405133962631226,0.0,0.0,0.1991225779056549,0.0,0.0,0.0,0.0,0.0,0.0,0.49520009756088257,0.0,0.0,0.0,0.0,0.0,0.0,0.0,0.43018725514411926,0.0,0.0,0.3588222861289978,0.0,0.0,0.0,2.407604932785034,0.1994268149137497,2.407604932785034,0.0,0.0,1.1753672361373901,1.9407316446304321,0.0,0.0,0.0,0.41341662406921387,7.405945301055908,0.0,7.542698383331299,0.0,5.516782760620117,1.7370994091033936,1.449901819229126,4.2676167488098145,0.0,0.0,0.0,0.6514593958854675,0.0,0.0,0.0,4.943556785583496,0.0,0.0,0.0,0.0,0.0,0.0,0.0,59.70775604248047,0.0,0.0,0.0,0.0,0.0,0.0,0.0,0.0,0.0,0.0,0.0,0.0,0.0,0.0,0.0,0.0,0.0,0.0,2.37674880027771,0.0,0.0,0.0,2.945636749267578,0.0,0.0,1.879841685295105,1.7736214399337769,0.0,0.0,0.0,0.0,1.7510415315628052,4.955482006072998,0.2674049735069275,4.144952297210693,0.0,0.0,85.2289047241211,0.0,1.7736214399337769,0.6406200528144836,6.388303756713867,0.0,0.0,0.0,0.5485914945602417,0.0,0.0,0.0,0.0,0.0,0.0,0.0,0.0,0.0,0.0,0.0,0.0,0.0,0.0,0.0,0.0,0.0,0.0,0.0,0.0,0.0,0.0,0.0,0.0,0.0,0.0,0.0,0.0,0.0,0.0,0.0,0.0,0.0,0.0,0.0,0.0,0.0,0.0,0.0,0.0,0.0,0.0,0.0,0.0,0.0,0.0,0.0,0.0,0.0,0.0,0.0,0.0,0.0,0.0,0.0,0.0,0.0,0.0,0.0,0.0,0.0,0.0,0.0,0.0,0.0,0.0,0.0,0.0,0.0,0.0,0.0,0.0,0.0,0.0,0.0,0.0,0.0,0.0,0.0,0.0,0.0,0.0,0.0,0.0,0.0,0.0,0.0,0.0,0.0,0.0,0.0,0.0,0.0,0.0,0.0,0.0,0.0,0.0,0.0,0.0,0.0,0.0,0.0,0.0,0.0,0.0,0.0,0.0,0.0,0.0,0.0,0.0,0.0
5077,25.061845779418945,17.481197357177734,9.692989349365234,5.618719577789307,8.402400016784668,9.626771926879883,11.933806419372559,1.6663978099822998,19.992183685302734,39.13066482543945,6.023543357849121,16.91819953918457,65.49130249023438,0.9596600532531738,0.6444790363311768,3.833792209625244,0.0,0.0,0.0,0.0,2.9777469635009766,1.2648470401763916,0.0,15.202558517456055,3.3743696212768555,24.513166427612305,7.379640579223633,10.637157440185547,0.0,3.3132691383361816,0.0,21.804458618164062,0.0,0.0,0.0,135.667236328125,0.0,0.0,0.0,625.322509765625,31.14788246154785,73.36781311035156,0.0,74.26156616210938,3.1435554027557373,0.410444438457489,0.7581667304039001,13.792049407958984,8.558673858642578,193.7459259033203,64.00867462158203,267.97869873046875,364.87005615234375,1.3317887783050537,1.519601821899414,3.046433925628662,0.0,40.66939926147461,38.29710006713867,0.22533775866031647,0.6461787223815918,0.4090055227279663,0.7040166258811951,39.724090576171875,1.6853718757629395,0.42111578583717346,2.457543134689331,10.61391830444336,0.0,1.943454384803772,0.8176991939544678,0.6421043276786804,23.949403762817383,0.0,0.0,10.124001502990723,0.0,0.0,6.413970947265625,3.263267755508423,0.9094930291175842,0.0,0.3591139316558838,0.760746955871582,0.0,0.0,0.0,0.0,2.4838473796844482,0.0,0.3591139316558838,0.5326724648475647,0.0,0.0,0.6037074327468872,0.0,0.4788148105144501,0.13807500898838043,0.01047623623162508,0.0,0.6715861558914185,0.0,0.0,0.0,3.596611499786377,7.4111456871032715,1.8725898265838623,2.8829100131988525,45.64873504638672,0.0,0.0,4.74861478805542,0.0,0.0,0.0,0.0,0.0,0.0,0.0,0.0,3.048827648162842,0.8313878178596497,0.0,0.0,0.0,0.0,0.0,0.0,0.0,0.0,8.563288688659668,5.258557319641113,0.0,0.0,0.0,0.0,0.0,1.1070090532302856,2.385587215423584,7.4551472663879395,0.8951106071472168,0.6883388757705688,0.0,3.5138258934020996,0.0,2.428417921066284,0.925129234790802,1.8585928678512573,8.732832908630371,0.3591403067111969,0.0,0.0,7.131026744842529,0.0,0.0,4.802177906036377,0.0,4.194488525390625,0.0,0.0,0.5084799528121948,0.0,0.0,0.0,1.1408928632736206,0.0,0.0,1.0431923866271973,0.0,0.0,0.0,0.0,0.0,5.123188018798828,0.0,1.2440884113311768,0.0,0.0,0.45814475417137146,0.0,0.0,0.0,0.6301106214523315,0.0,0.6301106214523315,0.0,0.0,0.6415840983390808,1.6550438404083252,0.0,0.0,0.0,0.0,2.896026611328125,0.0,9.574151039123535,0.0,2.1382739543914795,0.19095514714717865,0.2177400141954422,0.6479314565658569,0.0,0.0,0.0,0.0,0.0,0.0,0.0,4.62589168548584,0.0,0.0,0.0,0.0,0.0,0.0,0.0,33.259456634521484,0.0,0.0,0.0,0.0,0.0,0.0,0.0,0.0,0.0,0.0,0.0,0.0,0.0,0.0,0.0,0.0,0.0,0.0,1.005578875541687,0.0,0.0,0.0,0.0,0.0,0.0,1.0555694103240967,0.9235904216766357,0.0,0.0,0.0,0.0,1.5818500518798828,6.670344352722168,0.0,2.397944450378418,0.0,0.0,14.803581237792969,0.0,0.9235904216766357,1.3882896900177002,4.313999652862549,0.0,0.0,0.0,0.6004970073699951,0.0,0.0,0.0,0.0,0.0,0.0,0.0,0.0,0.0,0.0,0.0,0.0,0.0,0.0,0.0,0.0,0.0,0.0,0.0,0.0,0.0,0.0,0.0,0.0,0.0,0.0,0.0,0.0,0.0,0.0,0.0,0.0,0.0,0.0,0.0,0.0,0.0,0.0,0.0,0.0,0.0,0.0,0.0,0.0,0.0,0.0,0.0,0.0,0.0,0.0,0.0,0.0,0.0,0.0,0.0,0.0,0.0,0.0,0.0,0.0,0.0,0.0,0.0,0.0,0.0,0.0,0.0,0.0,0.0,0.0,0.0,0.0,0.0,0.0,0.0,0.0,0.0,0.0,0.0,0.0,0.0,0.0,0.0,0.0,0.0,0.0,0.0,0.0,0.0,0.0,0.0,0.0,0.0,0.0,0.0,0.0,0.0,0.0,0.0,0.0,0.0,0.0,0.0,0.0,0.0,0.0,0.0,0.0,0.0,0.0,0.0,0.0,0.0
5078,0.44606536626815796,2.0115578174591064,0.0,0.0,0.0,0.0,0.0,0.0,0.0,24.080984115600586,0.0,0.0,4.230773448944092,0.0,0.0,0.0,0.0,0.0,0.0,0.0,0.0,0.0,0.0,0.0,0.0,0.0,0.0,0.0,0.0,0.0,0.0,0.0,0.0,0.0,0.0,18.83855628967285,0.0,0.0,0.0,73.18794250488281,0.0,0.0,0.0,16.241273880004883,0.0,0.0,0.0,0.0,0.0,27.14840316772461,8.849007606506348,13.310708999633789,1.3317887783050537,0.0,17.3590087890625,29.846097946166992,0.0,0.0,0.0,0.0,0.0,0.0,0.0,6.988099575042725,0.0,0.0,9.356812477111816,4.916802406311035,0.0,19.86003303527832,0.0,0.0,0.0,0.0,0.0,0.0,0.0,0.0,0.0,0.0,0.0,0.0,0.0,0.0,0.0,0.0,0.0,0.0,0.0,0.0,0.0,0.0,0.0,0.0,0.0,0.0,0.0,0.0,0.0,0.0,0.0,0.0,0.0,0.0,0.0,0.0,0.0,0.0,13.554171562194824,0.0,0.0,0.0,0.0,0.0,0.0,0.0,0.0,0.0,0.0,0.0,0.0,0.0,0.0,0.0,0.0,0.0,0.0,0.0,0.0,0.0,0.0,0.0,0.0,0.0,0.0,0.0,0.0,0.0,0.0,0.0,0.0,0.0,0.0,0.0,0.0,0.0,0.0,0.0,0.0,0.0,0.0,0.0,0.0,0.0,0.0,0.0,0.0,0.0,0.0,0.0,0.0,0.0,0.0,0.0,0.0,0.0,0.0,0.0,0.0,0.0,0.0,0.0,0.0,0.0,0.0,0.0,0.0,0.0,0.0,0.0,0.0,0.0,0.0,0.0,0.0,0.0,0.0,0.0,0.0,0.0,0.0,0.0,0.0,0.0,0.0,0.0,0.0,0.0,0.0,0.0,0.0,0.0,0.0,0.0,0.0,0.0,0.0,0.0,0.0,0.0,0.0,0.0,0.0,0.0,0.0,0.0,0.0,0.0,0.0,0.0,0.0,0.0,0.0,0.0,0.0,0.0,0.0,0.0,0.0,0.0,0.0,0.0,0.0,0.0,0.0,0.0,0.0,0.0,0.0,0.0,0.0,0.0,0.0,0.0,0.0,0.0,0.0,0.0,0.0,0.0,0.0,0.0,0.0,0.0,0.7235835194587708,0.0,0.0,0.0,0.0,0.0,0.0,0.0,0.0,0.0,0.0,0.0,0.0,0.0,0.0,0.0,0.0,0.0,0.0,0.0,0.0,0.0,0.0,0.0,0.0,0.0,0.0,0.0,0.0,0.0,0.0,0.0,0.0,0.0,0.0,0.0,0.0,0.0,0.0,0.0,0.0,0.0,0.0,0.0,0.0,0.0,0.0,0.0,0.0,0.0,0.0,0.0,0.0,0.0,0.0,0.0,0.0,0.0,0.0,0.0,0.0,0.0,0.0,0.0,0.0,0.0,0.0,0.0,0.0,0.0,0.0,0.0,0.0,0.0,0.0,0.0,0.0,0.0,0.0,0.0,0.0,0.0,0.0,0.0,0.0,0.0,0.0,0.0,0.0,0.0,0.0,0.0,0.0,0.0,0.0,0.0,0.0,0.0,0.0,0.0,0.0,0.0,0.0,0.0,0.0,0.0,0.0,0.0,0.0,0.0,0.0,0.0,0.0,0.0,0.0,0.0,0.0,0.0,0.0,0.0,0.0,0.0
5079,2.0478129386901855,6.654060363769531,0.0,0.0,0.5354605317115784,0.058677297085523605,0.16722172498703003,0.0,0.0,1.1187320947647095,0.0,0.0,1.3117659091949463,0.0,0.0,0.0,0.0,0.0,0.0,0.0,0.0,0.0,0.0,0.0,0.0,0.0,0.0,0.0,0.0,0.0,0.0,0.0,0.0,0.0,0.0,1.6855714321136475,0.0,0.0,0.0,45.36064910888672,3.894289493560791,14.544196128845215,0.0,5.335622310638428,1.8151683807373047,7.594632148742676,23.805130004882812,0.0,3.3526551723480225,25.020780563354492,5.457653045654297,75.75170135498047,1.519601821899414,17.3590087890625,24.771984100341797,56.864952087402344,0.0,81.22825622558594,26.726598739624023,14.537193298339844,17.134248733520508,24.602529525756836,0.0,13.86587142944336,3.6968886852264404,7.699123382568359,22.88550567626953,23.643630981445312,0.0,22.392683029174805,3.7380173206329346,1.6223621368408203,3.7380173206329346,0.0,0.0,2.1920392513275146,0.0,0.0,1.5676335096359253,1.348243236541748,0.37576377391815186,0.0,0.0,0.39760348200798035,0.0,0.0,0.0,0.0,0.8422832489013672,0.0,0.0,1.0490491390228271,0.0,0.0,0.0,0.0,0.0,0.16722172498703003,0.0,0.0,0.0,0.0,0.0,0.0,1.2196263074874878,1.816306710243225,0.664857804775238,0.8403712511062622,14.452116966247559,0.0,0.0,0.9411649703979492,0.0,0.0,0.0,0.0,0.0,0.0,0.0,0.0,1.5934661626815796,0.0,0.0,0.0,0.0,0.0,0.0,0.0,0.0,0.0,0.0,0.0,0.0,0.0,0.0,0.0,0.0,0.0,0.0,0.0,0.0,0.0,0.0,0.0,0.0,0.0,0.0,0.0,0.0,0.0,0.0,0.0,0.0,0.0,0.0,0.0,0.0,0.0,0.0,0.0,0.0,0.0,0.0,0.0,0.0,0.0,0.0,0.0,0.0,0.0,0.0,0.0,0.0,0.0,0.0,0.0,0.0,0.0,0.0,0.0,0.0,0.0,0.0,0.0,0.0,0.0,0.0,0.0,0.0,0.0,0.0,0.0,0.0,0.0,0.0,0.0,0.0,0.0,0.0,0.0,0.0,0.0,0.0,0.0,0.0,0.0,0.0,0.0,0.0,0.0,0.0,0.0,0.0,0.0,0.0,0.0,0.0,0.0,0.0,0.0,0.0,0.0,0.0,0.0,0.0,0.0,0.0,0.0,0.0,0.0,0.0,0.0,0.0,0.0,0.0,0.026456551626324654,0.0,0.0,0.0,0.0,0.0,0.0,0.0,0.0,0.0,0.0,0.0,0.0,0.0,0.0,0.0,0.0,0.0,0.0,2.795151472091675,0.0,0.0,0.0,0.0,0.0,0.0,0.0,0.0,0.0,0.0,0.0,0.0,0.0,0.0,0.0,0.0,0.0,0.0,0.0,0.0,0.0,0.0,0.0,0.0,0.0,0.0,0.0,0.0,0.0,0.0,0.0,0.0,0.0,0.0,0.0,0.0,0.0,0.0,0.0,0.0,0.0,0.0,0.0,0.0,0.0,0.0,0.0,0.0,0.0,0.0,0.0,0.0,0.0,0.0,0.0,0.0,0.0,0.0,0.0,0.0,0.0,0.0,0.0,0.0,0.0,0.0,0.0,0.0,0.0,0.0,0.0,0.0,0.0,0.0,0.0,0.0,0.0,0.0,0.0,0.0,0.0,0.0,0.0,0.0,0.0,0.0,0.0,0.0,0.0,0.0,0.0,0.0,0.0,0.0,0.0,0.0,0.0,0.0,0.0,0.0,0.0,0.0,0.0,0.0,0.0,0.0,0.0,0.0,0.0,0.0,0.0,0.0,0.0,0.0,0.0,0.0,0.0,0.0,0.0,0.0,0.0
5080,2.9419493675231934,8.961878776550293,0.0,0.0,0.0,0.07158715277910233,0.25394460558891296,0.0,0.0,1.1554396152496338,0.0,0.0,1.0261832475662231,0.0,0.0,0.0,0.0,0.0,0.0,0.0,0.0,0.0,0.0,0.0,0.0,0.0,0.0,0.0,0.0,0.0,0.0,0.0,0.0,0.0,0.0,2.2833850383758545,0.0,0.0,0.0,22.54534339904785,1.4972106218338013,7.029022216796875,0.0,3.2655813694000244,0.32975509762763977,7.422194004058838,16.835124969482422,0.0,2.6186599731445312,10.727240562438965,5.812870979309082,50.29624938964844,3.046433925628662,29.846097946166992,56.864952087402344,18.92239761352539,0.0,39.01396179199219,39.6083869934082,10.493181228637695,7.574944019317627,15.651647567749023,0.0,8.401068687438965,1.0316108465194702,6.3655242919921875,17.297945022583008,14.926401138305664,0.0,19.86578369140625,2.0487213134765625,0.8891792893409729,2.0487213134765625,0.0,0.0,2.379281759262085,0.0,0.0,2.380624294281006,0.0,0.0,0.0,0.0,0.6038047075271606,0.0,0.0,0.0,0.0,1.2076094150543213,0.0,0.0,1.0425034761428833,0.0,0.0,0.0,0.0,0.0,0.25394460558891296,0.0,0.0,0.0,0.0,0.0,0.0,0.8743093013763428,2.0881645679473877,1.009659767150879,1.2761962413787842,18.593311309814453,0.0,0.0,0.7948296070098877,0.0,0.0,0.0,0.0,0.0,0.0,0.0,0.0,2.419853687286377,0.0,0.0,0.0,0.0,0.0,0.0,0.0,0.0,0.0,0.0,0.0,0.0,0.0,0.0,0.0,0.0,0.0,0.0,0.0,0.0,0.0,0.0,0.0,0.0,0.0,0.0,0.0,0.0,0.0,0.0,0.0,0.0,0.0,0.0,0.0,0.0,0.0,0.0,0.0,0.0,0.0,0.0,0.0,0.0,0.0,0.0,0.0,0.0,0.0,0.0,0.0,0.0,0.0,0.0,0.0,0.0,0.0,0.0,0.0,0.0,0.0,0.0,0.0,0.0,0.0,0.0,0.0,0.0,0.0,0.0,0.0,0.0,0.0,0.0,0.0,0.0,0.0,0.0,0.0,0.0,0.0,0.0,0.0,0.0,0.0,0.0,0.0,0.0,0.0,0.0,0.0,0.0,0.0,0.0,0.0,0.0,0.0,0.0,0.0,0.0,0.0,0.0,0.0,0.0,0.0,0.0,0.0,0.0,0.0,0.0,0.0,0.0,0.0,0.0,0.0,0.0,0.0,0.0,0.0,0.0,0.0,0.0,0.0,0.0,0.0,0.0,0.0,0.0,0.0,0.0,0.0,0.0,0.0,5.601931095123291,0.0,0.0,0.0,0.0,0.0,0.0,0.0,0.0,0.0,0.0,0.0,0.0,0.0,0.0,0.0,0.0,0.0,0.0,0.0,0.0,0.0,0.0,0.0,0.0,0.0,0.0,0.0,0.0,0.0,0.0,0.0,0.0,0.0,0.0,0.0,0.0,0.0,0.0,0.0,0.0,0.0,0.0,0.0,0.0,0.0,0.0,0.0,0.0,0.0,0.0,0.0,0.0,0.0,0.0,0.0,0.0,0.0,0.0,0.0,0.0,0.0,0.0,0.0,0.0,0.0,0.0,0.0,0.0,0.0,0.0,0.0,0.0,0.0,0.0,0.0,0.0,0.0,0.0,0.0,0.0,0.0,0.0,0.0,0.0,0.0,0.0,0.0,0.0,0.0,0.0,0.0,0.0,0.0,0.0,0.0,0.0,0.0,0.0,0.0,0.0,0.0,0.0,0.0,0.0,0.0,0.0,0.0,0.0,0.0,0.0,0.0,0.0,0.0,0.0,0.0,0.0,0.0,0.0,0.0,0.0,0.0
5081,0.0,0.0,0.0,0.0,0.0,0.0,0.0,0.0,0.0,0.0,0.0,0.0,0.0,0.0,0.0,0.0,0.0,0.0,0.0,0.0,0.0,0.0,0.0,0.0,0.0,0.0,0.0,0.0,0.0,0.0,0.0,0.0,0.0,0.0,0.0,0.0,0.0,0.0,0.0,0.0,0.0,0.0,0.0,0.0,0.0,0.0,0.0,0.0,0.0,0.0,0.0,0.0,0.0,0.0,0.0,0.0,0.0,0.0,0.0,0.0,0.0,0.0,0.0,0.0,0.0,0.0,0.0,0.0,0.0,0.0,0.0,0.0,0.0,0.0,0.0,0.0,0.0,0.0,0.0,0.0,0.0,0.0,0.0,0.0,0.0,0.0,0.0,0.0,0.0,0.0,0.0,0.0,0.0,0.0,0.0,0.0,0.0,0.0,0.0,0.0,0.0,0.0,0.0,0.0,0.0,0.0,0.0,0.0,0.0,0.0,0.0,0.0,0.0,0.0,0.0,0.0,0.0,0.0,0.0,0.0,0.0,0.0,0.0,0.0,0.0,0.0,0.0,0.0,0.0,0.0,0.0,0.0,0.0,0.0,0.0,0.0,0.0,0.0,0.0,0.0,0.0,0.0,0.0,0.0,0.0,0.0,0.0,0.0,0.0,0.0,0.0,0.0,0.0,0.0,0.0,0.0,0.0,0.0,0.0,0.0,0.0,0.0,0.0,0.0,0.0,0.0,0.0,0.0,0.0,0.0,0.0,0.0,0.0,0.0,0.0,0.0,0.0,0.0,0.0,0.0,0.0,0.0,0.0,0.0,0.0,0.0,0.0,0.0,0.0,0.0,0.0,0.0,0.0,0.0,0.0,0.0,0.0,0.0,0.0,0.0,0.0,0.0,0.0,0.0,0.0,0.0,0.0,0.0,0.0,0.0,0.0,0.0,0.0,0.0,0.0,0.0,0.0,0.0,0.0,0.0,0.0,0.0,0.0,0.0,0.0,0.0,0.0,0.0,0.0,0.0,0.0,0.0,0.0,0.0,0.0,0.0,0.0,0.0,0.0,0.0,0.0,0.0,0.0,0.0,0.0,0.0,0.0,0.0,0.0,0.0,0.0,0.0,0.0,0.0,0.0,0.0,0.0,0.0,0.0,0.0,0.0,0.0,0.0,0.0,0.0,0.0,0.0,0.0,0.0,0.0,0.0,0.0,0.0,0.0,0.0,0.0,0.0,0.0,0.0,0.0,0.0,0.0,0.0,0.0,0.0,0.0,0.0,0.0,0.0,0.0,0.0,0.0,0.0,0.0,0.0,0.0,0.0,0.0,0.0,0.0,0.0,0.0,0.0,0.0,0.0,0.0,0.0,0.0,0.0,0.0,0.0,0.0,0.0,0.0,0.0,0.0,0.0,0.0,0.0,0.0,0.0,0.0,0.0,0.0,0.0,0.0,0.0,0.0,0.0,0.0,0.0,0.0,0.0,0.0,0.0,0.0,0.0,0.0,0.0,0.0,0.0,0.0,0.0,0.0,0.0,0.0,0.0,0.0,0.0,0.0,0.0,0.0,0.0,0.0,0.0,0.0,0.0,0.0,0.0,0.0,0.0,0.0,0.0,0.0,0.0,0.0,0.0,0.0,0.0,0.0,0.0,0.0,0.0,0.0,0.0,0.0
5082,22.671977996826172,72.52545166015625,0.0,0.0,2.3328332901000977,2.8409032821655273,14.79901123046875,0.0,3.646407127380371,10.962153434753418,0.0,0.4257299602031708,4.906309127807617,0.0,0.0,0.0,0.0,0.0,0.0,0.0,0.0,0.0,0.0,0.0,0.0,1.0380553007125854,0.0,0.4257299602031708,0.0,0.0,0.0,0.0,0.0,0.0,0.0,10.960177421569824,0.0,0.0,0.0,74.87713623046875,0.0,14.515176773071289,0.0,10.803860664367676,0.2638745605945587,5.671597003936768,0.6193315982818604,0.0,4.278766632080078,44.96089553833008,16.51328468322754,79.22027587890625,40.66939926147461,0.0,81.22825622558594,39.01396179199219,0.0,0.8604609966278076,1.3338896036148071,10.813820838928223,6.72623348236084,21.733638763427734,0.0,21.189525604248047,1.2060728073120117,2.9633333683013916,19.21331214904785,8.688535690307617,0.0,35.62692642211914,4.243358612060547,1.8416885137557983,4.243358612060547,0.0,0.0,0.0,0.0,0.0,0.0,0.0,0.0,0.0,0.0,0.0,0.0,0.0,0.0,0.0,0.0,0.0,0.0,0.0,0.0,0.0,0.0,0.0,0.0,0.0,0.0,0.0,0.0,0.0,0.0,0.0,0.0,0.0,0.0,0.0,6.983430862426758,0.0,0.0,0.0,0.0,0.0,0.0,0.0,0.0,0.0,0.0,0.0,0.0,0.0,0.0,0.0,0.0,0.0,0.0,0.0,0.0,0.0,0.0,0.0,0.0,0.0,0.0,0.0,0.0,0.0,0.0,0.0,0.0,0.0,0.0,0.0,0.0,0.0,0.0,0.0,0.0,0.0,0.0,0.0,0.0,0.0,0.0,0.0,0.0,0.0,0.0,0.0,0.0,0.0,0.0,0.0,0.0,0.0,0.0,0.0,0.0,0.0,0.0,0.0,0.0,0.0,0.0,0.0,0.0,0.0,0.0,0.0,0.0,0.0,0.0,0.0,0.0,0.0,0.0,0.0,0.0,0.0,0.0,0.0,0.0,1.979933738708496,0.0,0.0,0.0,3.2880897521972656,0.0,0.0,0.0,0.0,0.0,0.0,0.0,0.0,0.0,0.0,0.0,0.0,0.0,0.0,0.0,0.0,0.0,0.0,4.788884162902832,0.0,0.0,0.0,0.0,0.0,0.0,0.0,0.0,0.0,0.0,0.0,0.0,0.0,0.0,0.0,0.0,0.0,0.0,0.15009765326976776,0.0,0.0,0.0,0.0,0.0,0.0,0.0,0.0,0.0,0.0,0.0,0.0,0.0,0.0,0.0,0.0,0.0,0.0,20.45807456970215,0.0,0.0,0.0,0.0,0.0,0.0,0.0,0.0,0.0,0.0,0.0,0.0,0.0,0.0,0.0,0.0,0.0,0.0,0.0,0.0,0.0,0.0,0.0,0.0,0.0,0.0,0.0,0.0,0.0,0.0,0.0,0.0,0.0,0.0,0.0,0.0,0.0,0.0,0.0,0.0,0.0,0.0,0.0,0.0,0.0,0.0,0.0,0.0,0.0,0.0,0.0,0.0,0.0,0.0,0.0,0.0,0.0,0.0,0.0,0.0,0.0,0.0,0.0,0.0,0.0,0.0,0.0,0.0,0.0,0.0,0.0,0.0,0.0,0.0,0.0,0.0,0.0,0.0,0.0,0.0,0.0,0.0,0.0,0.0,0.0,0.0,0.0,0.0,0.0,0.0,0.0,0.0,0.0,0.0,0.0,0.0,0.0,0.0,0.0,0.0,0.0,0.0,0.0,0.0,0.0,0.0,0.0,0.0,0.0,0.0,0.0,0.0,0.0,0.0,0.0,0.0,0.0,0.0,0.0,0.0,0.0
5083,17.943758010864258,38.801856994628906,0.0,0.0,1.033324122428894,1.033324122428894,3.4738621711730957,0.0,1.600653886795044,3.039560079574585,0.0,0.4351554811000824,2.6820714473724365,0.0,0.0,0.0,0.0,0.0,0.0,0.0,0.0,0.0,0.0,0.0,0.0,0.8328787684440613,0.0,0.0,0.0,0.0,0.0,0.0,0.0,0.0,0.0,2.495997905731201,0.0,0.0,0.0,33.07656478881836,0.0,4.758057594299316,0.0,3.944584608078003,0.0,0.0,0.0,0.0,14.011487007141113,28.12275505065918,4.476532459259033,59.2963752746582,38.29710006713867,0.0,26.726598739624023,39.6083869934082,0.0,1.3338896036148071,0.8604609966278076,1.5301333665847778,0.0,4.922478675842285,0.0,33.7839469909668,0.0,0.0,28.581525802612305,11.661456108093262,0.0,63.39448928833008,0.0,0.0,0.0,0.0,0.0,0.0,0.0,0.0,0.0,0.0,0.0,0.0,0.0,0.0,0.0,0.0,0.0,0.0,0.0,0.0,0.0,0.0,0.0,0.0,0.0,0.0,0.0,0.0,0.0,0.0,0.0,0.0,0.0,0.0,0.0,0.0,0.0,0.0,16.39855194091797,0.0,0.0,0.0,0.0,0.0,0.0,0.0,0.0,0.0,0.0,0.0,0.0,0.0,0.0,0.0,0.0,0.0,0.0,0.0,0.0,0.0,0.0,0.0,0.0,0.0,0.0,0.0,0.0,0.0,0.0,0.0,0.0,0.0,0.0,0.0,0.0,0.0,0.0,0.0,0.0,0.0,0.0,0.0,0.0,0.0,0.0,0.0,0.0,0.0,0.0,0.0,0.0,0.0,0.0,0.0,0.0,0.0,0.0,0.0,0.0,0.0,0.0,0.0,0.0,0.0,0.0,0.0,0.0,0.0,0.0,0.0,0.0,0.0,0.0,0.0,0.0,0.0,0.0,0.0,0.0,0.0,0.0,0.0,0.0,0.0,0.0,0.0,0.0,0.0,0.0,0.0,0.0,0.0,0.0,0.0,0.0,0.0,0.0,0.0,0.0,0.0,0.0,0.0,0.0,0.0,0.0,0.0,0.0,0.0,0.0,0.0,0.0,0.0,0.0,0.0,0.0,0.0,0.0,0.0,0.0,0.0,0.0,0.0,0.0,0.0,0.0,0.0,0.0,0.0,0.0,0.0,0.0,0.0,0.0,0.0,0.0,0.0,0.0,0.0,0.0,0.0,0.0,0.0,0.0,0.0,14.600852966308594,0.0,0.0,0.0,0.0,0.0,0.0,0.0,0.0,0.0,0.0,0.0,0.0,0.0,0.0,0.0,0.0,0.0,0.0,0.0,0.0,0.0,0.0,0.0,0.0,0.0,0.0,0.0,0.0,0.0,0.0,0.0,0.0,0.0,0.0,0.0,0.0,0.0,0.0,0.0,0.0,0.0,0.0,0.0,0.0,0.0,0.0,0.0,0.0,0.0,0.0,0.0,0.0,0.0,0.0,0.0,0.0,0.0,0.0,0.0,0.0,0.0,0.0,0.0,0.0,0.0,0.0,0.0,0.0,0.0,0.0,0.0,0.0,0.0,0.0,0.0,0.0,0.0,0.0,0.0,0.0,0.0,0.0,0.0,0.0,0.0,0.0,0.0,0.0,0.0,0.0,0.0,0.0,0.0,0.0,0.0,0.0,0.0,0.0,0.0,0.0,0.0,0.0,0.0,0.0,0.0,0.0,0.0,0.0,0.0,0.0,0.0,0.0,0.0,0.0,0.0,0.0,0.0,0.0,0.0,0.0,0.0
5084,2.742962121963501,14.087455749511719,0.0,0.0,0.29029130935668945,0.31676581501960754,2.4032490253448486,0.0,2.4032490253448486,0.7721590399742126,0.0,0.29029130935668945,0.9730268120765686,0.0,0.0,0.0,0.0,0.0,0.0,0.0,0.0,0.0,0.0,2.62026309967041,0.0,0.6001042723655701,0.0,0.29029130935668945,0.0,0.0,0.0,0.0,0.0,0.0,0.0,6.706689834594727,0.0,0.0,0.0,3.353682518005371,0.5683677196502686,1.1723203659057617,0.0,4.487454891204834,5.150053024291992,1.32262122631073,7.721798419952393,0.0,3.9960107803344727,4.0042290687561035,1.254575252532959,3.536916732788086,0.22533775866031647,0.0,14.537193298339844,10.493181228637695,0.0,10.813820838928223,1.5301333665847778,15.174918174743652,1.3632248640060425,8.911348342895508,0.0,14.406025886535645,10.488929748535156,16.424636840820312,70.95409393310547,66.7369613647461,0.0,60.107582092285156,10.605621337890625,4.6030168533325195,10.605621337890625,0.0,0.0,3.254284381866455,0.0,0.0,3.128699541091919,1.188002109527588,0.3311035633087158,0.0,0.3503475785255432,0.3503475785255432,0.0,0.0,0.0,0.0,2.5495002269744873,0.0,0.0,2.605370283126831,0.0,0.0,0.0,0.0,0.0,0.1473471224308014,0.0,0.0,2.1370656490325928,0.0,0.0,0.0,2.2685728073120117,2.51412034034729,0.585838258266449,0.7404915690422058,18.036392211914062,0.0,0.0,0.9223732352256775,0.0,0.0,0.0,0.0,0.0,0.0,0.0,0.0,3.027113199234009,0.326783686876297,0.0,0.254276305437088,0.0,0.0,0.0,0.0,0.0,0.0,0.0,0.0,0.0,0.0,0.0,0.0,0.0,0.0,0.5820309519767761,0.0,0.0,0.0,0.0,0.0,0.0,0.0,0.0,0.0,0.0,0.0,0.0,0.0,0.0,0.0,0.0,0.0,0.0,0.0,0.0,0.0,0.0,0.0,0.0,0.0,0.0,0.0,0.0,0.0,0.0,0.0,0.0,0.0,0.0,0.0,0.0,0.0,0.0,0.0,0.0,0.0,0.0,0.0,0.0,0.0,0.0,0.0,0.0,0.0,1.473327398300171,0.0,0.0,0.0,0.0,0.0,0.0,0.0,0.0,0.0,0.0,0.0,0.0,0.0,0.0,0.0,0.0,0.0,0.0,0.0,0.0,0.0,0.0,0.0,0.0,0.0,0.0,0.0,0.3406790792942047,0.0,0.0,0.0,0.0,0.0,0.0,0.0,0.0,0.0,0.0,0.0,0.0,0.0,0.0,0.0,0.0,0.0,0.0,0.0,0.0,0.0,0.0,0.0,0.0,0.0,0.0,0.0,0.0,0.0,0.0,0.0,0.0,0.0,0.0,0.0,0.0,0.0,3.6812164783477783,0.0,0.0,0.0,0.0,0.0,0.0,0.0,0.0,0.0,0.0,0.0,0.0,0.0,0.0,0.0,0.0,0.0,0.0,0.0,0.0,0.0,0.0,0.0,0.0,0.0,0.0,0.0,0.0,0.0,0.0,0.0,0.0,0.0,0.0,0.0,0.0,0.0,0.0,0.0,0.0,0.0,0.0,0.0,0.0,0.0,0.0,0.0,0.0,0.0,0.0,0.0,0.0,0.0,0.0,0.0,0.0,0.0,0.0,0.0,0.0,0.0,0.0,0.0,0.0,0.0,0.0,0.0,0.0,0.0,0.0,0.0,0.0,0.0,0.0,0.0,0.0,0.0,0.0,0.0,0.0,0.0,0.0,0.0,0.0,0.0,0.0,0.0,0.0,0.0,0.0,0.0,0.0,0.0,0.0,0.0,0.0,0.0,0.0,0.0,0.0,0.0,0.0,0.0,0.0,0.0,0.0,0.0,0.0,0.0,0.0,0.0,0.0,0.0,0.0,0.0,0.0,0.0,0.0,0.0,0.0,0.0
5085,6.076427936553955,17.217212677001953,0.0,0.0,0.0,0.0,0.0,0.0,0.0,0.3549518585205078,0.0,0.0,0.2806994318962097,0.0,0.0,0.0,0.0,0.0,0.0,0.0,0.0,0.0,0.0,0.0,0.0,0.0,0.0,0.0,0.0,0.0,0.0,0.0,0.0,0.0,0.0,0.0,0.0,0.0,0.0,28.240835189819336,0.0,0.0,0.0,2.7821972370147705,0.27757009863853455,9.26647663116455,83.24420166015625,0.0,0.4693530797958374,11.041838645935059,1.318346381187439,8.288785934448242,0.6461787223815918,0.0,17.134248733520508,7.574944019317627,0.0,6.72623348236084,0.0,1.3632248640060425,10.08012866973877,2.305863380432129,0.0,2.602396249771118,0.5653170943260193,0.7487703561782837,2.811887264251709,2.7964627742767334,0.0,2.56380033493042,0.5716063976287842,0.24808673560619354,0.5716063976287842,0.0,0.0,0.4126754105091095,0.0,0.0,0.3898303210735321,0.0,0.0,0.0,0.0,0.0,0.0,0.0,0.0,0.0,0.40129828453063965,0.0,0.0,0.0,0.0,0.0,0.0,0.0,0.0,0.0,0.0,0.0,0.0,0.0,0.0,0.0,0.0,0.0,0.0,0.0,2.196943759918213,0.0,0.0,0.0,0.0,0.0,0.0,0.0,0.0,0.0,0.0,0.0,0.0,0.0,0.0,0.0,0.0,0.0,0.0,0.0,0.0,0.0,0.0,0.0,0.0,0.0,0.0,0.0,0.0,0.0,0.0,0.0,0.0,0.0,0.0,0.0,0.0,0.0,0.0,0.0,0.0,0.0,0.0,0.0,0.0,0.0,0.0,0.0,0.0,0.0,0.0,0.0,0.0,0.0,0.0,0.0,0.0,0.0,0.0,0.0,0.0,0.0,0.0,0.0,0.0,0.0,0.0,0.0,0.0,0.0,0.0,0.0,0.0,0.0,0.0,0.0,0.0,0.0,0.0,0.0,0.0,0.0,0.0,0.0,0.0,0.0,0.0,0.0,0.0,0.0,0.0,0.0,0.0,0.0,0.0,0.0,0.0,0.0,0.0,0.0,0.0,0.0,0.0,0.0,0.0,0.0,0.0,0.0,0.0,0.0,0.0,0.0,0.0,0.0,0.0,0.0,0.0,0.0,0.0,0.0,0.0,0.0,0.0,0.0,0.0,0.0,0.0,0.0,0.0,0.0,0.0,0.0,0.0,0.0,0.0,0.0,0.0,0.0,0.0,0.0,0.0,0.0,0.0,0.0,0.0,0.0,7.34539794921875,0.0,0.0,0.0,0.0,0.0,0.0,0.0,0.0,0.0,0.0,0.0,0.0,0.0,0.0,0.0,0.0,0.0,0.0,0.0,0.0,0.0,0.0,0.0,0.0,0.0,0.0,0.0,0.0,0.0,0.0,0.0,0.0,0.0,0.0,0.0,0.0,0.0,0.0,0.0,0.0,0.0,0.0,0.0,0.0,0.0,0.0,0.0,0.0,0.0,0.0,0.0,0.0,0.0,0.0,0.0,0.0,0.0,0.0,0.0,0.0,0.0,0.0,0.0,0.0,0.0,0.0,0.0,0.0,0.0,0.0,0.0,0.0,0.0,0.0,0.0,0.0,0.0,0.0,0.0,0.0,0.0,0.0,0.0,0.0,0.0,0.0,0.0,0.0,0.0,0.0,0.0,0.0,0.0,0.0,0.0,0.0,0.0,0.0,0.0,0.0,0.0,0.0,0.0,0.0,0.0,0.0,0.0,0.0,0.0,0.0,0.0,0.0,0.0,0.0,0.0,0.0,0.0,0.0,0.0,0.0,0.0
5086,4.615569114685059,23.699289321899414,0.0,0.0,0.48556119203567505,0.7183218598365784,2.678701162338257,0.0,4.019839286804199,1.1542437076568604,0.0,0.48556119203567505,1.627551555633545,0.0,0.0,0.0,0.0,0.0,0.0,0.0,0.0,0.0,0.0,7.569344520568848,0.0,1.1061275005340576,0.0,0.48556119203567505,0.0,0.0,0.0,0.0,0.0,0.0,0.0,17.26372528076172,0.0,0.0,0.0,7.500455856323242,1.2561113834381104,3.067777633666992,0.0,7.506025791168213,8.61433219909668,2.2325167655944824,17.871936798095703,0.0,4.987424373626709,13.34939956665039,2.1935670375823975,9.619264602661133,0.4090055227279663,0.0,24.602529525756836,15.651647567749023,0.0,21.733638763427734,4.922478675842285,8.911348342895508,2.305863380432129,15.174918174743652,0.0,13.746644020080566,17.544504165649414,11.431867599487305,47.20071792602539,45.325592041015625,0.0,39.951255798339844,17.73969078063965,7.69932222366333,17.73969078063965,0.0,0.0,2.6253931522369385,0.0,0.0,1.8704837560653687,0.7102435231208801,0.19794929027557373,0.0,0.2094542682170868,0.2094542682170868,0.0,0.0,0.0,0.0,0.7955491542816162,0.0,0.0,3.6832661628723145,0.0,0.0,0.0,0.0,0.0,0.08809103816747665,0.0,0.0,3.5746028423309326,0.0,0.0,0.0,1.7303378582000732,1.8754496574401855,0.35024166107177734,0.44270068407058716,13.202767372131348,0.0,0.0,0.5514380931854248,0.0,0.0,0.0,0.0,0.0,0.0,0.0,0.0,2.7006146907806396,0.475101113319397,0.0,0.425320029258728,0.0,0.0,0.0,0.0,0.0,0.0,0.0,0.0,0.0,0.0,0.0,0.0,0.0,0.0,1.3519184589385986,0.0,0.0,0.0,0.0,0.0,0.0,0.0,0.0,0.0,0.0,0.0,0.0,0.0,0.0,0.0,0.0,0.0,0.0,0.0,0.0,0.0,0.0,0.0,0.0,0.0,0.0,0.0,0.0,0.0,0.0,0.0,0.0,0.0,0.0,0.0,0.0,0.0,0.0,0.0,0.0,0.0,0.0,0.0,0.0,0.0,0.0,0.0,0.0,0.0,2.464388608932495,0.0,0.0,0.0,0.0,0.0,0.0,0.0,0.0,0.0,0.0,0.0,0.0,0.0,0.0,0.0,0.0,0.0,0.0,0.0,0.0,0.0,0.0,0.0,0.0,0.0,0.0,0.0,0.6744908690452576,0.0,0.0,0.0,0.0,0.0,0.0,0.0,0.0,0.0,0.0,0.0,0.0,0.0,0.0,0.0,0.0,0.0,0.0,0.0,0.0,0.0,0.0,0.0,0.0,0.0,0.0,0.0,0.0,0.0,0.0,0.0,0.0,0.0,0.0,0.0,0.0,0.0,6.170456886291504,0.0,0.0,0.0,0.0,0.0,0.0,0.0,0.0,0.0,0.0,0.0,0.0,0.0,0.0,0.0,0.0,0.0,0.0,0.0,0.0,0.0,0.0,0.0,0.0,0.0,0.0,0.0,0.0,0.0,0.0,0.0,0.0,0.0,0.0,0.0,0.0,0.0,0.0,0.0,0.0,0.0,0.0,0.0,0.0,0.0,0.0,0.0,0.0,0.0,0.0,0.0,0.0,0.0,0.0,0.0,0.0,0.0,0.0,0.0,0.0,0.0,0.0,0.0,0.0,0.0,0.0,0.0,0.0,0.0,0.0,0.0,0.0,0.0,0.0,0.0,0.0,0.0,0.0,0.0,0.0,0.0,0.0,0.0,0.0,0.0,0.0,0.0,0.0,0.0,0.0,0.0,0.0,0.0,0.0,0.0,0.0,0.0,0.0,0.0,0.0,0.0,0.0,0.0,0.0,0.0,0.0,0.0,0.0,0.0,0.0,0.0,0.0,0.0,0.0,0.0,0.0,0.0,0.0,0.0,0.0,0.0
5087,0.0,0.0,0.0,0.0,0.0,0.0,0.0,0.0,0.0,0.0,0.0,0.0,0.42697378993034363,0.0,0.0,0.0,0.0,0.0,0.0,0.0,0.0,0.0,0.0,0.0,0.0,0.0,0.0,0.0,0.0,0.0,0.0,0.0,0.0,0.0,0.0,0.0,0.0,0.0,0.0,2.293174982070923,0.0,0.0,0.0,1.0545486211776733,0.08812911808490753,0.0,0.0,0.0,0.8878616690635681,2.970954179763794,1.8142168521881104,0.919988214969635,0.7040166258811951,0.0,0.0,0.0,0.0,0.0,0.0,0.0,0.0,0.0,0.0,7.396866798400879,0.23738746345043182,0.0,2.2121551036834717,2.986034393310547,0.0,5.80171012878418,1.9996477365493774,0.8678805828094482,1.9996477365493774,0.0,0.0,0.0,0.0,0.0,0.0,0.0,0.0,0.0,0.0,0.0,0.0,0.0,0.0,0.0,0.0,0.0,0.0,0.0,0.0,0.0,0.0,0.0,0.0,0.0,0.0,0.0,0.0,0.0,0.0,0.0,0.0,0.0,0.0,0.0,0.819410502910614,0.0,0.0,0.0,0.0,0.0,0.0,0.0,0.0,0.0,0.0,0.0,0.0,0.0,0.0,0.0,0.0,0.0,0.0,0.0,0.0,0.0,0.0,0.0,0.0,0.0,0.0,0.0,0.0,0.0,0.0,0.0,0.0,0.0,0.0,0.0,0.0,0.0,0.0,0.0,0.0,0.0,0.0,0.0,0.0,0.0,0.0,0.0,0.0,0.0,0.0,0.0,0.0,0.0,0.0,0.0,0.0,0.0,0.0,0.0,0.0,0.0,0.0,0.0,0.0,0.0,0.0,0.0,0.0,0.0,0.0,0.0,0.0,0.0,0.0,0.0,0.0,0.0,0.0,0.0,0.0,0.0,0.0,0.0,0.0,0.0,0.0,0.0,0.0,0.0,0.0,0.0,0.0,0.0,0.0,0.0,0.0,0.0,0.0,0.0,0.0,0.0,0.0,0.0,0.0,0.0,0.0,0.0,0.0,0.0,0.0,0.0,0.0,0.0,0.0,0.0,0.0,0.0,0.0,0.0,0.0,0.0,0.0,0.0,0.0,0.0,0.0,0.0,0.0,0.0,0.0,0.0,0.0,0.0,0.0,0.0,0.0,0.0,0.0,0.0,0.0,0.0,0.0,0.0,0.0,0.0,0.0,0.0,0.0,0.0,0.0,0.0,0.0,0.0,0.0,0.0,0.0,0.0,0.0,0.0,0.0,0.0,0.0,0.0,0.0,0.0,0.0,0.0,0.0,0.0,0.0,0.0,0.0,0.0,0.0,0.0,0.0,0.0,0.0,0.0,0.0,0.0,0.0,0.0,0.0,0.0,0.0,0.0,0.0,0.0,0.0,0.0,0.0,0.0,0.0,0.0,0.0,0.0,0.0,0.0,0.0,0.0,0.0,0.0,0.0,0.0,0.0,0.0,0.0,0.0,0.0,0.0,0.0,0.0,0.0,0.0,0.0,0.0,0.0,0.0,0.0,0.0,0.0,0.0,0.0,0.0,0.0,0.0,0.0,0.0,0.0,0.0,0.0,0.0,0.0,0.0,0.0,0.0,0.0,0.0,0.0,0.0,0.0,0.0,0.0,0.0,0.0,0.0,0.0,0.0,0.0,0.0,0.0,0.0,0.0,0.0,0.0,0.0,0.0,0.0,0.0,0.0,0.0,0.0,0.0,0.0,0.0,0.0
5088,10.427217483520508,11.942435264587402,0.6940313577651978,2.1304216384887695,1.249170184135437,1.5955688953399658,5.107637405395508,1.032458782196045,2.062790632247925,4.216740608215332,3.694911479949951,1.2570706605911255,5.847773551940918,0.11803320795297623,0.9561176300048828,0.421640008687973,0.0,0.0,0.0,0.0,0.10203546285629272,0.10203546285629272,0.0,2.26983904838562,0.46340110898017883,1.7513015270233154,0.597003161907196,0.8352851271629333,0.0,0.1750548928976059,0.0,0.462910920381546,0.0,0.0,0.0,2.9633357524871826,0.0,0.0,0.0,12.04873275756836,2.5172324180603027,6.8649139404296875,0.0,47.98614501953125,2.9920196533203125,2.3612093925476074,2.2515130043029785,9.144627571105957,82.25878143310547,122.4055404663086,57.02376937866211,50.962310791015625,39.724090576171875,6.988099575042725,13.86587142944336,8.401068687438965,0.0,21.189525604248047,33.7839469909668,14.406025886535645,2.602396249771118,13.746644020080566,7.396866798400879,401.3897399902344,4.5457658767700195,12.211759567260742,122.09329223632812,127.71910095214844,0.0,78.19905090332031,4.639848709106445,22.381004333496094,4.639848709106445,0.0,0.0,4.2202043533325195,0.0,0.0,4.621493816375732,1.372397780418396,0.3790612816810608,0.0,0.4226085841655731,0.5736373066902161,0.0,0.0,0.0,0.0,2.1302127838134766,0.0,0.14974337816238403,1.7022936344146729,0.0,0.0,0.20698364078998566,0.0,0.13898155093193054,0.31305038928985596,0.0659123957157135,0.0,3.3312160968780518,0.0,0.0,0.0,2.5057928562164307,3.7161378860473633,1.2117596864700317,1.531647801399231,28.539133071899414,0.0,0.0,1.7332978248596191,0.0,0.0,0.0,0.0,0.0,0.0,0.0,0.0,2.6811718940734863,0.9585949778556824,0.0,0.0,0.0,0.0,0.0,0.0,0.0,0.0,0.5374433398246765,0.0,0.0,0.0,0.0,0.0,0.0,0.04629863053560257,0.10126488655805588,0.42428135871887207,0.0,0.0,0.0,0.1497993767261505,0.0,0.0,0.0,0.22699712216854095,0.5726153254508972,0.0,0.0,0.0,0.2727724611759186,0.0,0.0,0.166231170296669,0.0,0.46674033999443054,0.0,0.0,0.12065917998552322,0.0,0.0,0.0,0.0,0.0,0.0,0.1324799656867981,0.0,0.0,0.0,0.0,0.0,0.0,0.0,0.1230522096157074,0.0,0.0,0.0,0.0,0.0,0.0,0.0702340304851532,0.0,0.0711488276720047,0.0,0.0,0.5251122117042542,3.2581636905670166,0.0,0.0,0.0,0.0,1.7734837532043457,0.0,0.6231401562690735,0.0,0.8200988173484802,0.18451736867427826,0.07079263031482697,0.49713367223739624,0.0,0.0,0.0,0.0,0.0,0.0,0.0,0.5209015607833862,0.0,0.0,0.0,0.0,0.0,0.0,0.0,1.0298515558242798,0.0,0.0,0.0,0.0,0.0,0.0,0.0,0.0,0.0,0.0,0.0,0.0,0.0,0.0,0.0,0.0,0.0,0.0,0.07407576590776443,0.0,0.0,0.0,0.0,0.0,0.0,0.0706649199128151,0.06736557185649872,0.0,0.0,0.0,0.0,0.2178451120853424,0.8472391963005066,0.0,0.6767172813415527,0.0,0.15038467943668365,8.801295280456543,0.0,0.06736557185649872,0.0,1.4148333072662354,0.0,0.0,0.0,0.252544641494751,0.0,0.0,0.0,0.0,0.0,0.0,0.0,0.0,0.0,0.0,0.0,0.0,0.0,0.0,0.0,0.0,0.0,0.0,0.0,0.0,0.0,0.0,0.0,0.0,0.0,0.0,0.0,0.0,0.0,0.0,0.0,0.0,0.0,0.0,0.0,0.0,0.0,0.0,0.0,0.0,0.0,0.0,0.0,0.0,0.0,0.0,0.0,0.0,0.0,0.0,0.0,0.0,0.0,0.0,0.0,0.0,0.0,0.0,0.0,0.0,0.0,0.0,0.0,0.0,0.0,0.0,0.0,0.0,0.0,0.0,0.0,0.0,0.0,0.0,0.0,0.0,0.0,0.0,0.0,0.0,0.0,0.0,0.0,0.0,0.0,0.0,0.0,0.0,0.0,0.0,0.0,0.0,0.0,0.0,0.0,0.0,0.0,0.0,0.0,0.0,0.0,0.0,0.0,0.0,0.0,0.0,0.0,0.0,0.0,0.0,0.0,0.0,0.0
5089,1.8861252069473267,3.0028984546661377,0.2786337733268738,0.4064789116382599,2.129876136779785,0.3613455891609192,1.2101787328720093,0.23224151134490967,0.8820996880531311,3.7375614643096924,1.2040505409240723,0.9410561919212341,2.3011832237243652,0.0,0.10218622535467148,0.2994600832462311,0.0,0.0,0.0,0.0,0.0,0.0,0.0,1.8971856832504272,0.2477637231349945,1.6613191366195679,0.9410561919212341,0.9901217222213745,0.0,0.26830148696899414,0.0,0.3250630497932434,0.0,0.0,0.0,0.2391987442970276,0.0,0.0,0.0,0.23050443828105927,0.5181246399879456,1.5107499361038208,0.0,5.324216365814209,5.8899054527282715,0.4455905258655548,0.09741892665624619,0.8349977135658264,2.4510557651519775,6.1418352127075195,0.7069435119628906,0.6489600539207458,1.6853718757629395,0.0,3.6968886852264404,1.0316108465194702,0.0,1.2060728073120117,0.0,10.488929748535156,0.5653170943260193,17.544504165649414,0.23738746345043182,4.5457658767700195,9.219667434692383,4.227523326873779,16.32219696044922,13.529023170471191,0.0,20.61795997619629,7.847085475921631,14.981644630432129,7.847085475921631,0.0,0.0,26.325138092041016,0.0,0.0,26.032936096191406,9.558565139770508,2.661029577255249,0.0,1.9544763565063477,4.0933942794799805,0.0,0.0,0.0,0.0,11.652551651000977,0.0,0.5444607734680176,12.845348358154297,4.849661350250244,0.11529839783906937,3.562282085418701,0.0,2.0555107593536377,4.69714879989624,2.5684072971343994,0.15805771946907043,27.16758155822754,0.0,0.0,0.0,14.200860977172852,20.985837936401367,7.754454135894775,9.349538803100586,161.90957641601562,0.0,0.0,10.399023056030273,0.0,0.0,0.0,0.0,0.0,0.0,2.6126081943511963,0.0,18.6310977935791,4.515270233154297,0.0,1.783157229423523,0.0,3.4636731147766113,0.0,0.0,0.0,0.0,4.4715070724487305,1.1041923761367798,0.0,0.0,0.0,0.0,0.0,0.13856934010982513,0.2632557153701782,3.7883381843566895,0.5028663277626038,0.535033643245697,0.0,0.4372650980949402,0.0,1.5399035215377808,0.23858709633350372,1.327714204788208,3.409681558609009,0.08793733268976212,0.0,0.0,2.292511224746704,0.0,0.0,1.1493628025054932,0.0,4.171797752380371,0.0,0.0,1.2572824954986572,0.0,0.2524396479129791,0.0,0.0916333943605423,0.0,0.0,1.5837032794952393,0.0,0.0,0.0,0.0,0.0,0.0,0.0,1.1737686395645142,0.0,0.0,0.2964840233325958,0.0,0.0,0.0,0.14531411230564117,0.0,0.14531411230564117,0.0,0.0,0.04302540048956871,0.14998967945575714,0.0,0.0,0.0,0.0,1.452614665031433,0.0,0.4166486859321594,0.0,1.072143316268921,0.3159005343914032,0.12248380482196808,0.8511111736297607,0.0,0.0,0.0,0.0,0.0,0.0,0.0,0.4302304983139038,0.0,0.0,0.0,0.0,0.0,0.0,0.0,0.609630286693573,0.0,0.0,0.0,0.0,0.0,0.0,0.0,0.0,0.0,0.0,0.0,0.0,0.0,0.0,0.0,0.0,0.0,0.0,0.10968358814716339,0.0,0.0,0.0,0.0,0.0,0.0,0.11591193825006485,0.11050000786781311,0.0,0.0,0.0,0.0,0.23859144747257233,1.2115895748138428,0.0,0.43147310614585876,0.0,0.2566998600959778,5.92305850982666,0.0,0.11050000786781311,0.0,0.16738390922546387,0.0,0.0,0.0,1.3392696380615234,0.0,0.0,0.0,0.0,0.0,0.0,0.0,0.0,0.0,0.0,0.0,0.0,0.0,0.0,0.0,0.0,0.0,0.0,0.0,0.0,0.0,0.0,0.0,0.0,0.0,0.0,0.0,0.0,0.0,0.0,0.0,0.0,0.0,0.0,0.0,0.0,0.0,0.0,0.0,0.0,0.0,0.0,0.0,0.0,0.0,0.0,0.0,0.0,0.0,0.0,0.0,0.0,0.0,0.0,0.0,0.0,0.0,0.0,0.0,0.0,0.0,0.0,0.0,0.0,0.0,0.0,0.0,0.0,0.0,0.0,0.0,0.0,0.0,0.0,0.0,0.0,0.0,0.0,0.0,0.0,0.0,0.0,0.0,0.0,0.0,0.0,0.0,0.0,0.0,0.0,0.0,0.0,0.0,0.0,0.0,0.0,0.0,0.0,0.0,0.0,0.0,0.0,0.0,0.0,0.0,0.0,0.0,0.0,0.0,0.0,0.0,0.0,0.0
5090,1.7813987731933594,6.7265214920043945,0.0,0.0,0.6542714834213257,0.5700952410697937,1.9296492338180542,0.0,3.143021821975708,1.321670651435852,0.2490762621164322,0.3654669225215912,1.137850284576416,0.0,0.0,0.0,0.0,0.0,0.0,0.0,0.0,0.0,0.0,0.37084126472473145,0.0,0.37775546312332153,0.0,0.3654669225215912,0.0,0.0,0.0,0.0,0.0,0.0,0.0,0.9501380920410156,0.0,0.0,0.0,0.16209189593791962,0.06205364689230919,0.16125823557376862,0.0,4.91072940826416,2.1221518516540527,0.6730237603187561,2.0880677700042725,0.39360398054122925,13.451135635375977,2.919809341430664,0.3367149531841278,1.5365122556686401,0.42111578583717346,0.0,7.699123382568359,6.3655242919921875,0.0,2.9633333683013916,0.0,16.424636840820312,0.7487703561782837,11.431867599487305,0.0,12.211759567260742,4.227523326873779,2.305863380432129,7.947680950164795,6.663055419921875,0.0,8.155448913574219,4.370195388793945,5.368898391723633,4.370195388793945,0.0,0.0,0.5069230198860168,0.0,0.0,0.478860467672348,0.0,0.0,0.0,0.0,0.0,0.0,0.0,0.0,0.0,0.2572898268699646,0.0,0.0,1.0780407190322876,0.0,0.0,0.0,0.0,0.0,0.0,0.0,0.0,1.0039902925491333,0.0,0.0,0.0,0.3725557029247284,0.42003247141838074,0.4302304983139038,0.5438054800033569,6.941565990447998,0.0,0.0,0.33868828415870667,0.0,0.0,0.0,0.0,0.0,0.0,0.0,0.0,0.0,0.0,0.0,0.0,0.0,0.0,0.0,0.0,0.0,0.0,0.0,0.0,0.0,0.0,0.0,0.0,0.0,0.0,0.03098539635539055,0.0,0.0,0.0,0.0,0.0,0.0,0.0,0.0,0.0,0.4497762620449066,0.0,0.0,0.0,0.5406977534294128,0.0,0.0,0.0,0.0,0.0,0.0,0.0,0.0,0.0,0.0,0.0,0.0,0.0,0.0,0.0,0.0,0.0,0.0,0.0,0.0,0.0,0.0,0.0,0.0,0.0,0.0,0.0,0.0,0.0,0.0,0.0,0.0,0.0,0.0,0.0,1.8548693656921387,0.0,0.0,0.0,0.0,0.1964128464460373,0.0,0.0,0.0,0.22175031900405884,0.0,0.0,0.0,0.0,0.0,0.0,0.0,0.0,0.0,0.0,0.0,0.0,0.0,0.0,0.0,0.0,0.0,0.0,0.5076684951782227,0.0,0.0,0.0,0.0,0.0,0.0,0.0,0.0,0.0,0.0,0.0,0.0,0.0,0.0,0.0,0.0,0.0,0.0,0.01712007448077202,0.0,0.0,0.0,0.0,0.0,0.0,0.0,0.0,0.0,0.0,0.0,0.0,0.0,0.0,0.0,0.0,0.0,0.0,1.4870332479476929,0.0,0.0,0.0,0.0,0.0,0.0,0.0,0.0,0.0,0.0,0.0,0.0,0.0,0.0,0.0,0.0,0.0,0.0,0.0,0.0,0.0,0.0,0.0,0.0,0.0,0.0,0.0,0.0,0.0,0.0,0.0,0.0,0.0,0.0,0.0,0.0,0.0,0.0,0.0,0.0,0.0,0.0,0.0,0.0,0.0,0.0,0.0,0.0,0.0,0.0,0.0,0.0,0.0,0.0,0.0,0.0,0.0,0.0,0.0,0.0,0.0,0.0,0.0,0.0,0.0,0.0,0.0,0.0,0.0,0.0,0.0,0.0,0.0,0.0,0.0,0.0,0.0,0.0,0.0,0.0,0.0,0.0,0.0,0.0,0.0,0.0,0.0,0.0,0.0,0.0,0.0,0.0,0.0,0.0,0.0,0.0,0.0,0.0,0.0,0.0,0.0,0.0,0.0,0.0,0.0,0.0,0.0,0.0,0.0,0.0,0.0,0.0,0.0,0.0,0.0,0.0,0.0,0.0,0.0,0.0,0.0
5091,6.630971431732178,24.132158279418945,1.0544915199279785,1.67018461227417,2.2137603759765625,1.9625276327133179,8.017402648925781,2.174983501434326,8.45302963256836,4.739565372467041,4.773299694061279,1.870016098022461,4.613017559051514,0.1451720893383026,0.08847853541374207,0.3371793329715729,0.0,0.0,0.0,0.0,0.22316846251487732,0.22316846251487732,0.0,2.401869535446167,0.6227730512619019,3.0850467681884766,0.9191505312919617,1.570633053779602,0.0,0.2163202166557312,0.0,0.36307018995285034,0.0,0.0,0.0,5.667076587677002,0.0,0.0,0.0,2.3479461669921875,0.8601172566413879,2.312486410140991,0.0,27.48493194580078,8.3505220413208,2.539884090423584,6.380054950714111,3.163829803466797,42.88599395751953,31.781681060791016,5.86269474029541,6.399209976196289,2.457543134689331,9.356812477111816,22.88550567626953,17.297945022583008,0.0,19.21331214904785,28.581525802612305,70.95409393310547,2.811887264251709,47.20071792602539,2.2121551036834717,122.09329223632812,16.32219696044922,7.947680950164795,56.63898468017578,45.82264709472656,0.0,36.47871780395508,17.150279998779297,17.609025955200195,17.150279998779297,0.0,0.0,5.071939468383789,0.0,0.0,4.654067039489746,1.9116829633712769,0.5327979326248169,0.0,0.2103756219148636,0.5637645721435547,0.0,0.0,0.0,0.0,2.406963348388672,0.0,0.0,3.8980512619018555,2.3360166549682617,0.0,0.14003339409828186,0.0,0.1895679086446762,1.7502480745315552,0.08938592672348022,0.0,6.697871685028076,0.0,0.0,0.0,2.8692243099212646,3.891368865966797,1.6317628622055054,1.6888622045516968,29.66837501525879,0.0,0.0,1.7742773294448853,0.0,0.0,0.0,0.0,0.0,0.0,0.0,0.0,3.672628402709961,0.7243384122848511,0.0,0.21996693313121796,0.0,0.0,0.0,0.0,0.0,0.0,0.530987024307251,0.0,0.0,0.0,0.0,0.0,0.0,0.05279802158474922,0.1422845721244812,0.6128022074699402,0.0,0.0,0.0,0.20701424777507782,0.0,0.0,0.0,0.22427019476890564,0.5937054753303528,0.0,0.0,0.0,0.6928173303604126,0.0,0.0,0.1642342358827591,0.0,0.4611333906650543,0.0,0.0,0.11920969933271408,0.0,0.0,0.0,0.0,0.0,0.0,0.12357296049594879,0.0,0.0,0.0,0.0,0.0,0.0,0.0,0.12157398462295532,0.0,0.0,0.0,0.0,0.0,0.0,0.08749106526374817,0.0,0.08749106526374817,0.0,0.0,1.0487922430038452,4.932284355163574,0.0,0.0,0.0,0.0,3.0032405853271484,0.0,0.8401291370391846,0.0,0.6886758804321289,0.25022995471954346,0.0960041731595993,0.6741790175437927,0.0,0.0,0.0,0.0,0.0,0.0,0.0,0.6474056243896484,0.0,0.0,0.0,0.0,0.0,0.0,0.0,2.14007306098938,0.0,0.0,0.0,0.0,0.0,0.0,0.0,0.0,0.0,0.0,0.0,0.0,0.0,0.0,0.0,0.0,0.0,0.0,0.08236696571111679,0.0,0.0,0.0,0.0,0.0,0.0,0.09177608788013458,0.08749106526374817,0.0,0.0,0.0,0.0,0.0,1.7637099027633667,0.0,0.9674826264381409,0.0,0.0,6.081212997436523,0.0,0.08749106526374817,0.0,1.432210922241211,0.0,0.0,0.0,0.35178232192993164,0.0,0.0,0.0,0.0,0.0,0.0,0.0,0.0,0.0,0.0,0.0,0.0,0.0,0.0,0.0,0.0,0.0,0.0,0.0,0.0,0.0,0.0,0.0,0.0,0.0,0.0,0.0,0.0,0.0,0.0,0.0,0.0,0.0,0.0,0.0,0.0,0.0,0.0,0.0,0.0,0.0,0.0,0.0,0.0,0.0,0.0,0.0,0.0,0.0,0.0,0.0,0.0,0.0,0.0,0.0,0.0,0.0,0.0,0.0,0.0,0.0,0.0,0.0,0.0,0.0,0.0,0.0,0.0,0.0,0.0,0.0,0.0,0.0,0.0,0.0,0.0,0.0,0.0,0.0,0.0,0.0,0.0,0.0,0.0,0.0,0.0,0.0,0.0,0.0,0.0,0.0,0.0,0.0,0.0,0.0,0.0,0.0,0.0,0.0,0.0,0.0,0.0,0.0,0.0,0.0,0.0,0.0,0.0,0.0,0.0,0.0,0.0,0.0
5092,17.50290870666504,25.91286849975586,0.7082927227020264,1.2410550117492676,1.5786652565002441,1.257218360900879,6.155920505523682,1.6280468702316284,2.751654863357544,4.385659217834473,4.627235412597656,1.2906345129013062,4.118406295776367,0.10745666176080704,1.6211198568344116,0.3443383276462555,0.0,0.0,0.0,0.0,0.12334804236888885,0.12334804236888885,0.0,1.7762672901153564,0.3786587417125702,1.8754208087921143,0.747916579246521,1.0960804224014282,0.0,0.15683923661708832,0.0,0.423123836517334,0.0,0.0,0.0,5.13399076461792,0.0,0.0,0.0,3.840721845626831,1.5576235055923462,4.004883766174316,0.0,27.277921676635742,7.238976001739502,2.482943058013916,2.7986912727355957,2.665886878967285,28.63353729248047,31.75616455078125,8.635099411010742,23.7853946685791,10.61391830444336,4.916802406311035,23.643630981445312,14.926401138305664,0.0,8.688535690307617,11.661456108093262,66.7369613647461,2.7964627742767334,45.325592041015625,2.986034393310547,127.71910095214844,13.529023170471191,6.663055419921875,45.82264709472656,64.89630889892578,0.0,32.275020599365234,13.815132141113281,17.200336456298828,13.815132141113281,0.0,0.0,4.853513240814209,0.0,0.0,4.728316783905029,1.7785359621047974,0.49744558334350586,0.0,0.19365713000297546,0.7126194834709167,0.0,0.0,0.0,0.0,2.103508234024048,0.0,0.0,3.1292150020599365,1.7300316095352173,0.0,0.12890498340129852,0.0,0.17450299859046936,1.3566874265670776,0.08228244632482529,0.0,5.445834159851074,0.0,0.0,0.0,2.843285322189331,3.8010520935058594,1.4488927125930786,1.5546488761901855,28.803958892822266,0.0,0.0,1.6029433012008667,0.0,0.0,0.0,0.0,0.0,0.0,0.0,0.0,3.278177499771118,0.6223037838935852,0.0,0.16290540993213654,0.0,0.15697205066680908,0.0,0.0,0.0,0.0,0.19107401371002197,0.0,0.0,0.0,0.0,0.0,0.0,0.04055807366967201,0.12794174253940582,0.2995743453502655,0.0,0.0,0.0,0.16592028737068176,0.0,0.0,0.0,0.08070293068885803,0.5691766738891602,0.0,0.0,0.0,0.3828357756137848,0.0,0.0,0.05909917131066322,0.0,0.1659374088048935,0.0,0.0,0.04289723560214043,0.0,0.0,0.0,0.0,0.0,0.0,0.044467344880104065,0.0,0.0,0.0,0.0,0.0,0.0,0.0,0.04374801740050316,0.0,0.0,0.0,0.0,0.0,0.0,0.08053816854953766,0.0,0.08053816854953766,0.0,0.0,0.8120232820510864,4.613147735595703,0.0,0.0,0.0,0.0,2.492227554321289,0.0,0.6791555881500244,0.0,0.8008542060852051,0.2303442358970642,0.08837474882602692,0.6206021904945374,0.0,0.0,0.0,0.0,0.0,0.0,0.0,0.542762041091919,0.0,0.0,0.0,0.0,0.0,0.0,0.0,1.512550711631775,0.0,0.0,0.0,0.0,0.0,0.0,0.0,0.0,0.0,0.0,0.0,0.0,0.0,0.0,0.0,0.0,0.0,0.0,0.07450032234191895,0.0,0.0,0.0,0.0,0.0,0.0,0.08448266237974167,0.08053816854953766,0.0,0.0,0.0,0.0,0.0,1.1439998149871826,0.0,0.7264722585678101,0.0,0.0,15.015726089477539,0.0,0.08053816854953766,0.0,1.0845078229904175,0.0,0.0,0.0,0.32382625341415405,0.0,0.0,0.0,0.0,0.0,0.0,0.0,0.0,0.0,0.0,0.0,0.0,0.0,0.0,0.0,0.0,0.0,0.0,0.0,0.0,0.0,0.0,0.0,0.0,0.0,0.0,0.0,0.0,0.0,0.0,0.0,0.0,0.0,0.0,0.0,0.0,0.0,0.0,0.0,0.0,0.0,0.0,0.0,0.0,0.0,0.0,0.0,0.0,0.0,0.0,0.0,0.0,0.0,0.0,0.0,0.0,0.0,0.0,0.0,0.0,0.0,0.0,0.0,0.0,0.0,0.0,0.0,0.0,0.0,0.0,0.0,0.0,0.0,0.0,0.0,0.0,0.0,0.0,0.0,0.0,0.0,0.0,0.0,0.0,0.0,0.0,0.0,0.0,0.0,0.0,0.0,0.0,0.0,0.0,0.0,0.0,0.0,0.0,0.0,0.0,0.0,0.0,0.0,0.0,0.0,0.0,0.0,0.0,0.0,0.0,0.0,0.0,0.0
5093,0.0,0.0,0.0,0.0,0.0,0.0,0.0,0.0,0.0,0.0,0.0,0.0,0.0,0.0,0.0,0.0,0.0,0.0,0.0,0.0,0.0,0.0,0.0,0.0,0.0,0.0,0.0,0.0,0.0,0.0,0.0,0.0,0.0,0.0,0.0,0.0,0.0,0.0,0.0,0.0,0.0,0.0,0.0,0.0,0.0,0.0,0.0,0.0,0.0,0.0,0.0,0.0,0.0,0.0,0.0,0.0,0.0,0.0,0.0,0.0,0.0,0.0,0.0,0.0,0.0,0.0,0.0,0.0,0.0,0.0,0.0,0.0,0.0,0.0,0.0,0.0,0.0,0.0,0.0,0.0,0.0,0.0,0.0,0.0,0.0,0.0,0.0,0.0,0.0,0.0,0.0,0.0,0.0,0.0,0.0,0.0,0.0,0.0,0.0,0.0,0.0,0.0,0.0,0.0,0.0,0.0,0.0,0.0,0.0,0.0,0.0,0.0,0.0,0.0,0.0,0.0,0.0,0.0,0.0,0.0,0.0,0.0,0.0,0.0,0.0,0.0,0.0,0.0,0.0,0.0,0.0,0.0,0.0,0.0,0.0,0.0,0.0,0.0,0.0,0.0,0.0,0.0,0.0,0.0,0.0,0.0,0.0,0.0,0.0,0.0,0.0,0.0,0.0,0.0,0.0,0.0,0.0,0.0,0.0,0.0,0.0,0.0,0.0,0.0,0.0,0.0,0.0,0.0,0.0,0.0,0.0,0.0,0.0,0.0,0.0,0.0,0.0,0.0,0.0,0.0,0.0,0.0,0.0,0.0,0.0,0.0,0.0,0.0,0.0,0.0,0.0,0.0,0.0,0.0,0.0,0.0,0.0,0.0,0.0,0.0,0.0,0.0,0.0,0.0,0.0,0.0,0.0,0.0,0.0,0.0,0.0,0.0,0.0,0.0,0.0,0.0,0.0,0.0,0.0,0.0,0.0,0.0,0.0,0.0,0.0,0.0,0.0,0.0,0.0,0.0,0.0,0.0,0.0,0.0,0.0,0.0,0.0,0.0,0.0,0.0,0.0,0.0,0.0,0.0,0.0,0.0,0.0,0.0,0.0,0.0,0.0,0.0,0.0,0.0,0.0,0.0,0.0,0.0,0.0,0.0,0.0,0.0,0.0,0.0,0.0,0.0,0.0,0.0,0.0,0.0,0.0,0.0,0.0,0.0,0.0,0.0,0.0,0.0,0.0,0.0,0.0,0.0,0.0,0.0,0.0,0.0,0.0,0.0,0.0,0.0,0.0,0.0,0.0,0.0,0.0,0.0,0.0,0.0,0.0,0.0,0.0,0.0,0.0,0.0,0.0,0.0,0.0,0.0,0.0,0.0,0.0,0.0,0.0,0.0,0.0,0.0,0.0,0.0,0.0,0.0,0.0,0.0,0.0,0.0,0.0,0.0,0.0,0.0,0.0,0.0,0.0,0.0,0.0,0.0,0.0,0.0,0.0,0.0,0.0,0.0,0.0,0.0,0.0,0.0,0.0,0.0,0.0,0.0,0.0,0.0,0.0,0.0,0.0,0.0,0.0,0.0,0.0,0.0,0.0,0.0,0.0,0.0,0.0,0.0,0.0,0.0,0.0,0.0,0.0,0.0,0.0,0.0,0.0,0.0,0.0,0.0
5094,4.136983394622803,20.298782348632812,2.168506622314453,2.448150396347046,3.2535345554351807,2.2242088317871094,9.548822402954102,3.143021821975708,12.055237770080566,5.408023834228516,6.748183250427246,2.762497663497925,5.457075119018555,0.0,0.10820943117141724,0.3286864459514618,0.0,0.0,0.0,0.0,0.3654669225215912,0.3654669225215912,0.0,3.4875175952911377,0.3654669225215912,3.8176040649414062,1.2276219129562378,2.102346897125244,0.0,0.33032602071762085,0.0,0.43679481744766235,0.0,0.0,0.0,4.481531143188477,0.0,0.0,0.0,0.7411872744560242,0.2423555552959442,0.6933992505073547,0.0,22.788312911987305,10.545609474182129,2.3443386554718018,12.319377899169922,6.620795726776123,73.77964782714844,46.45302963256836,1.7397913932800293,8.512153625488281,1.943454384803772,19.86003303527832,22.392683029174805,19.86578369140625,0.0,35.62692642211914,63.39448928833008,60.107582092285156,2.56380033493042,39.951255798339844,5.80171012878418,78.19905090332031,20.61795997619629,8.155448913574219,36.47871780395508,32.275020599365234,0.0,40.603607177734375,21.660385131835938,22.2214298248291,21.660385131835938,0.0,0.0,5.093994140625,0.0,0.0,5.364694595336914,1.465541958808899,0.40845566987991333,0.0,0.2572898268699646,0.6894852519035339,0.0,0.0,0.0,0.0,2.831266403198242,0.0,0.0,4.685525417327881,0.0,0.0,0.17126113176345825,0.0,0.23184195160865784,2.360908031463623,0.10931917279958725,0.0,8.116847038269043,0.0,0.0,0.0,2.672515630722046,4.473124027252197,1.6341015100479126,2.0654821395874023,31.430824279785156,0.0,0.0,1.8704208135604858,0.0,0.0,0.0,0.0,0.0,0.0,0.0,0.0,3.5929558277130127,0.5836055874824524,0.0,0.3201252520084381,0.0,0.0,0.0,0.0,0.0,0.0,2.9810240268707275,0.0,0.0,0.0,0.0,0.0,0.0,0.06866203248500824,0.1454968899488449,2.605144500732422,0.0,0.0,0.0,0.30240824818611145,0.0,0.0,0.0,0.0,1.9805234670639038,0.0,0.0,0.0,1.938247561454773,0.0,0.0,0.9220304489135742,0.0,2.588857412338257,0.0,0.0,0.0,0.0,0.0,0.0,0.0,0.0,0.0,0.3468766212463379,0.0,0.0,0.0,0.0,0.0,0.0,0.0,0.6825307607650757,0.0,0.0,0.0,0.0,0.0,0.0,0.07985801249742508,0.0,0.07985801249742508,0.0,0.0,1.526342511177063,7.125022888183594,0.0,0.0,0.0,0.0,0.9424281716346741,0.0,1.149118423461914,0.0,0.8422520756721497,0.306031733751297,0.11741330474615097,0.8245223164558411,0.0,0.0,0.0,0.0,0.0,0.0,0.0,0.4302304983139038,0.0,0.0,0.0,0.0,0.0,0.0,0.0,2.2607808113098145,0.0,0.0,0.0,0.0,0.0,0.0,0.0,0.0,0.0,0.0,0.0,0.0,0.0,0.0,0.0,0.0,0.0,0.0,0.09080231934785843,0.0,0.0,0.0,0.0,0.0,0.0,0.04188459739089012,0.03992900624871254,0.0,0.0,0.0,0.0,0.0,2.899822473526001,0.0,0.33017006516456604,0.0,0.0,5.08370304107666,0.0,0.03992900624871254,0.0,0.8982635736465454,0.0,0.0,0.0,0.4302304983139038,0.0,0.0,0.0,0.0,0.0,0.0,0.0,0.0,0.0,0.0,0.0,0.0,0.0,0.0,0.0,0.0,0.0,0.0,0.0,0.0,0.0,0.0,0.0,0.0,0.0,0.0,0.0,0.0,0.0,0.0,0.0,0.0,0.0,0.0,0.0,0.0,0.0,0.0,0.0,0.0,0.0,0.0,0.0,0.0,0.0,0.0,0.0,0.0,0.0,0.0,0.0,0.0,0.0,0.0,0.0,0.0,0.0,0.0,0.0,0.0,0.0,0.0,0.0,0.0,0.0,0.0,0.0,0.0,0.0,0.0,0.0,0.0,0.0,0.0,0.0,0.0,0.0,0.0,0.0,0.0,0.0,0.0,0.0,0.0,0.0,0.0,0.0,0.0,0.0,0.0,0.0,0.0,0.0,0.0,0.0,0.0,0.0,0.0,0.0,0.0,0.0,0.0,0.0,0.0,0.0,0.0,0.0,0.0,0.0,0.0,0.0,0.0,0.0
5095,0.9069077968597412,3.036306142807007,0.09994307905435562,0.3813817799091339,2.765665054321289,0.28248485922813416,0.9429224729537964,0.21641886234283447,0.8919132351875305,3.2455856800079346,1.195117712020874,1.221970796585083,1.6108343601226807,0.0,0.10711723566055298,0.3285439908504486,0.0,0.0,0.0,0.0,0.0,0.0,0.0,4.173836708068848,0.3217236399650574,2.1572391986846924,1.221970796585083,1.2768542766571045,0.0,1.2946302890777588,0.0,0.354604035615921,0.0,0.0,0.0,0.2509966790676117,0.0,0.0,0.0,0.1745452880859375,0.3821565806865692,1.1220639944076538,0.0,4.274991989135742,6.848352909088135,0.45054784417152405,1.6362617015838623,2.0316011905670166,13.52659797668457,9.06893539428711,0.5515953302383423,1.1547919511795044,0.8176991939544678,0.0,3.7380173206329346,2.0487213134765625,0.0,4.243358612060547,0.0,10.605621337890625,0.5716063976287842,17.73969078063965,1.9996477365493774,4.639848709106445,7.847085475921631,4.370195388793945,17.150279998779297,13.815132141113281,0.0,21.660385131835938,9.219667434692383,16.898466110229492,9.219667434692383,0.0,0.0,27.67612075805664,0.0,0.0,27.454153060913086,9.558565139770508,2.664031505584717,0.0,1.9544763565063477,4.3535475730896,0.0,0.0,0.0,0.0,23.526519775390625,0.0,0.5450427532196045,16.438499450683594,6.799366474151611,0.11658111959695816,4.210154056549072,0.0,2.961599111557007,7.515926361083984,3.4408252239227295,0.15981614589691162,31.406564712524414,0.0,0.0,0.0,14.740912437438965,21.708391189575195,8.015796661376953,9.349538803100586,144.24928283691406,0.0,0.0,10.060174942016602,0.0,0.0,0.0,0.0,0.0,0.0,2.687443256378174,0.0,8.099339485168457,2.650721788406372,0.0,2.122053384780884,0.0,3.5578434467315674,0.0,0.0,0.0,0.0,39.3505973815918,6.801641464233398,0.0,0.0,0.0,0.0,0.0,0.5134546756744385,0.9754673838615417,25.39463233947754,3.818464756011963,4.855724334716797,0.0,0.730007529258728,0.0,12.125105857849121,2.7454285621643066,9.587066650390625,25.883785247802734,0.5668933987617493,0.0,0.0,24.44761848449707,0.0,0.0,16.520992279052734,0.0,27.11603355407715,0.0,0.0,7.11124324798584,0.0,1.8755836486816406,0.0,0.33953824639320374,0.0,0.0,9.195541381835938,0.0,0.0,0.0,0.0,0.0,0.0,0.0,9.3865327835083,0.0,0.0,3.760831594467163,0.0,0.0,0.0,0.11271275579929352,0.0,0.11271275579929352,0.0,0.0,0.044969942420721054,0.11633936315774918,0.0,0.0,0.0,0.0,1.4687752723693848,0.0,0.24880360066890717,0.0,1.0640023946762085,0.306031733751297,0.11741330474615097,0.8245223164558411,0.0,0.0,0.0,0.0,0.0,0.0,0.0,0.4302304983139038,0.0,0.0,0.0,0.0,0.0,0.0,0.0,6.90902853012085,0.0,0.0,0.0,0.0,0.0,0.0,0.0,0.0,0.0,0.0,0.0,0.0,0.0,0.0,0.0,0.0,0.0,0.0,0.09293661266565323,0.0,0.0,0.0,0.0,0.0,0.0,0.10474509000778198,0.08570923656225204,0.0,0.0,0.0,0.0,0.09650223702192307,0.43458476662635803,0.0,0.33017006516456604,0.0,0.2572898268699646,3.9420390129089355,0.0,0.11172934621572495,0.0,0.15251171588897705,0.0,0.0,0.0,1.3416308164596558,0.0,0.0,0.0,0.0,0.0,0.0,0.0,0.0,0.0,0.0,0.0,0.0,0.0,0.0,0.0,0.0,0.0,0.0,0.0,0.0,0.0,0.0,0.0,0.0,0.0,0.0,0.0,0.0,0.0,0.0,0.0,0.0,0.0,0.0,0.0,0.0,0.0,0.0,0.0,0.0,0.0,0.0,0.0,0.0,0.0,0.0,0.0,0.0,0.0,0.0,0.0,0.0,0.0,0.0,0.0,0.0,0.0,0.0,0.0,0.0,0.0,0.0,0.0,0.0,0.0,0.0,0.0,0.0,0.0,0.0,0.0,0.0,0.0,0.0,0.0,0.0,0.0,0.0,0.0,0.0,0.0,0.0,0.0,0.0,0.0,0.0,0.0,0.0,0.0,0.0,0.0,0.0,0.0,0.0,0.0,0.0,0.0,0.0,0.0,0.0,0.0,0.0,0.0,0.0,0.0,0.0,0.0,0.0,0.0,0.0,0.0,0.0,0.0
5096,0.39361315965652466,1.317807674407959,0.136090949177742,0.5596538186073303,3.765963554382324,0.38465529680252075,1.2745732069015503,0.3197579085826874,1.2145044803619385,5.383406639099121,1.6407114267349243,1.6639387607574463,2.392547369003296,0.0,0.14585988223552704,0.44737330079078674,0.0,0.0,0.0,0.0,0.0,0.0,0.0,2.936464309692383,0.4380861222743988,2.9374794960021973,1.6639387607574463,1.70907723903656,0.0,0.6665074825286865,0.0,0.2829465866088867,0.0,0.0,0.0,1.169313669204712,0.0,0.0,0.0,13.276041030883789,2.4918534755706787,6.325839996337891,0.0,7.551655292510986,11.434819221496582,0.19554530084133148,0.7101649045944214,1.2684869766235352,5.87076997756958,24.821910858154297,7.558879852294922,0.5508429408073425,0.6421043276786804,0.0,1.6223621368408203,0.8891792893409729,0.0,1.8416885137557983,0.0,4.6030168533325195,0.24808673560619354,7.69932222366333,0.8678805828094482,22.381004333496094,14.981644630432129,5.368898391723633,17.609025955200195,17.200336456298828,0.0,22.2214298248291,16.898466110229492,9.219667434692383,16.898466110229492,0.0,0.0,42.126041412353516,0.0,0.0,42.05461502075195,13.015750885009766,3.627570629119873,0.0,2.6613802909851074,6.783130168914795,0.0,0.0,0.0,0.0,38.47745895385742,0.0,0.7421762943267822,34.04570770263672,15.666139602661133,0.15874671936035156,8.58415699005127,0.0,5.993860244750977,12.23112678527832,7.536574363708496,0.21761919558048248,57.44321823120117,0.0,0.0,0.0,22.02718734741211,31.95879554748535,11.773866653442383,12.731123924255371,202.0721435546875,0.0,0.0,14.808079719543457,0.0,0.0,0.0,0.0,0.0,0.0,3.8912689685821533,0.0,20.12881088256836,7.520781517028809,0.0,3.999681234359741,0.0,5.135350704193115,0.0,0.0,0.0,0.0,16.2429256439209,8.268228530883789,0.0,0.0,0.0,0.0,0.0,1.1830296516418457,2.2475340366363525,12.286444664001465,1.680992603302002,1.7984760999679565,0.0,0.9940400123596191,0.0,6.1451263427734375,1.549249291419983,3.882838010787964,14.111312866210938,0.41664427518844604,0.0,0.0,12.178342819213867,0.0,0.0,7.552999973297119,0.0,10.043309211730957,0.0,0.0,6.707240581512451,0.0,0.6946836709976196,0.0,0.7823160290718079,0.0,0.0,6.221896648406982,0.0,0.0,0.0,0.0,0.0,0.0,0.0,3.476609230041504,0.0,0.0,1.3929468393325806,0.0,0.0,0.0,0.20007334649562836,0.0,0.20007334649562836,0.0,0.0,0.06123487651348114,0.20651084184646606,0.0,0.0,0.0,0.0,2.0000088214874268,0.0,0.33879202604293823,0.0,1.4488356113433838,0.4167186915874481,0.1598798781633377,1.122739315032959,0.0,0.0,0.0,0.0,0.0,0.0,0.0,0.585838258266449,0.0,0.0,0.0,0.0,0.0,0.0,0.0,9.407917976379395,0.0,0.0,0.0,0.0,0.0,0.0,0.0,0.0,0.0,0.0,0.0,0.0,0.0,0.0,0.0,0.0,0.0,0.0,0.1265503466129303,0.0,0.0,0.0,0.0,0.0,0.0,0.1595914512872696,0.15214012563228607,0.0,0.0,0.0,0.0,0.13140560686588287,0.5917673707008362,0.0,0.3246816396713257,0.0,0.3503475785255432,1.7109109163284302,0.0,0.15214012563228607,0.0,0.24782179296016693,0.0,0.0,0.0,1.8268779516220093,0.0,0.0,0.0,0.0,0.0,0.0,0.0,0.0,0.0,0.0,0.0,0.0,0.0,0.0,0.0,0.0,0.0,0.0,0.0,0.0,0.0,0.0,0.0,0.0,0.0,0.0,0.0,0.0,0.0,0.0,0.0,0.0,0.0,0.0,0.0,0.0,0.0,0.0,0.0,0.0,0.0,0.0,0.0,0.0,0.0,0.0,0.0,0.0,0.0,0.0,0.0,0.0,0.0,0.0,0.0,0.0,0.0,0.0,0.0,0.0,0.0,0.0,0.0,0.0,0.0,0.0,0.0,0.0,0.0,0.0,0.0,0.0,0.0,0.0,0.0,0.0,0.0,0.0,0.0,0.0,0.0,0.0,0.0,0.0,0.0,0.0,0.0,0.0,0.0,0.0,0.0,0.0,0.0,0.0,0.0,0.0,0.0,0.0,0.0,0.0,0.0,0.0,0.0,0.0,0.0,0.0,0.0,0.0,0.0,0.0,0.0,0.0,0.0
5097,8.893960952758789,3.036306142807007,0.09994307905435562,0.4110010862350464,2.765665054321289,0.28248485922813416,0.9360267519950867,0.2348252385854721,0.8220021724700928,3.81109881401062,1.296762228012085,1.221970796585083,1.6108343601226807,0.0,0.10711723566055298,0.30648356676101685,0.0,0.0,0.0,0.0,0.0,0.0,0.0,6.027044773101807,0.3217236399650574,3.149674415588379,1.221970796585083,1.2449750900268555,0.0,1.865588665008545,0.0,0.3072160482406616,0.0,0.0,0.0,0.3210671842098236,0.0,0.0,0.0,0.24207718670368195,0.4239038825035095,2.248734712600708,0.0,4.462896823883057,6.848352909088135,0.45054784417152405,1.6362617015838623,2.0316011905670166,13.52659797668457,10.16524600982666,0.8405565023422241,19.13014793395996,23.949403762817383,0.0,3.7380173206329346,2.0487213134765625,0.0,4.243358612060547,0.0,10.605621337890625,0.5716063976287842,17.73969078063965,1.9996477365493774,4.639848709106445,7.847085475921631,4.370195388793945,17.150279998779297,13.815132141113281,0.0,21.660385131835938,9.219667434692383,16.898466110229492,9.219667434692383,0.0,0.0,27.67612075805664,0.0,0.0,27.739526748657227,10.295650482177734,2.9414005279541016,0.0,1.9544763565063477,4.3535475730896,0.0,0.0,0.0,0.0,22.069541931152344,0.0,0.5450427532196045,16.438499450683594,6.799366474151611,0.1384844034910202,3.1316378116607666,0.0,2.775437116622925,5.339752674102783,3.436610221862793,0.15981614589691162,24.76787757873535,0.0,0.0,0.0,14.740912437438965,21.708391189575195,8.015796661376953,9.349538803100586,141.26895141601562,0.0,0.0,12.272656440734863,0.0,0.0,0.0,0.0,0.0,0.0,2.687443256378174,0.0,17.450096130371094,4.686831474304199,0.0,2.122053384780884,0.0,3.5578434467315674,0.0,0.0,0.0,0.0,39.3505973815918,6.801641464233398,0.0,0.0,0.0,0.0,0.0,0.5134546756744385,0.9754673838615417,25.39463233947754,3.818464756011963,4.855724334716797,0.0,1.5319758653640747,0.0,12.125105857849121,2.7454285621643066,9.587066650390625,25.883785247802734,0.5668933987617493,0.0,0.0,24.44761848449707,0.0,0.0,16.520992279052734,0.0,27.11603355407715,0.0,0.0,7.11124324798584,0.0,1.8755836486816406,0.0,0.33953824639320374,0.0,0.0,9.195541381835938,0.0,0.0,0.0,0.0,0.0,0.0,0.0,9.3865327835083,0.0,0.0,3.760831594467163,0.0,0.0,0.0,0.22071322798728943,0.0,0.22071322798728943,0.0,0.0,0.04340805858373642,0.15165835618972778,0.0,0.0,0.0,0.0,1.4687752723693848,0.0,0.310772567987442,0.0,1.5157947540283203,0.3845093250274658,0.15605255961418152,1.0359596014022827,0.0,0.0,0.0,0.0,0.0,0.0,0.0,0.4302304983139038,0.0,0.0,0.0,0.0,0.0,0.0,0.0,6.90902853012085,0.0,0.0,0.0,0.0,0.0,0.0,0.0,0.0,0.0,0.0,0.0,0.0,0.0,0.0,0.0,0.0,0.0,0.0,0.16659511625766754,0.0,0.0,0.0,0.0,0.0,0.0,0.1760551482439041,0.16783514618873596,0.0,0.0,0.0,0.0,0.09650223702192307,0.43458476662635803,0.0,0.3641008138656616,0.0,0.2572898268699646,23.009374618530273,0.0,0.16783514618873596,0.0,0.15251171588897705,0.0,0.0,0.0,1.3416308164596558,0.0,0.0,0.0,0.0,0.0,0.0,0.0,0.0,0.0,0.0,0.0,0.0,0.0,0.0,0.0,0.0,0.0,0.0,0.0,0.0,0.0,0.0,0.0,0.0,0.0,0.0,0.0,0.0,0.0,0.0,0.0,0.0,0.0,0.0,0.0,0.0,0.0,0.0,0.0,0.0,0.0,0.0,0.0,0.0,0.0,0.0,0.0,0.0,0.0,0.0,0.0,0.0,0.0,0.0,0.0,0.0,0.0,0.0,0.0,0.0,0.0,0.0,0.0,0.0,0.0,0.0,0.0,0.0,0.0,0.0,0.0,0.0,0.0,0.0,0.0,0.0,0.0,0.0,0.0,0.0,0.0,0.0,0.0,0.0,0.0,0.0,0.0,0.0,0.0,0.0,0.0,0.0,0.0,0.0,0.0,0.0,0.0,0.0,0.0,0.0,0.0,0.0,0.0,0.0,0.0,0.0,0.0,0.0,0.0,0.0,0.0,0.0,0.0
5098,0.0,0.0,0.0,0.0,0.0,0.0,0.0,0.0,0.0,0.0,0.0,0.0,0.0,0.0,0.0,0.0,0.0,0.0,0.0,0.0,0.0,0.0,0.0,0.0,0.0,0.0,0.0,0.0,0.0,0.0,0.0,0.0,0.0,0.0,0.0,0.0,0.0,0.0,0.0,0.0,0.0,0.0,0.0,0.0,0.0,0.0,0.0,0.0,0.0,0.0,0.0,0.0,0.0,0.0,0.0,0.0,0.0,0.0,0.0,0.0,0.0,0.0,0.0,0.0,0.0,0.0,0.0,0.0,0.0,0.0,0.0,0.0,0.0,0.0,0.0,0.0,0.0,0.0,0.0,0.0,0.0,0.0,0.0,0.0,0.0,0.0,0.0,0.0,0.0,0.0,0.0,0.0,0.0,0.0,0.0,0.0,0.0,0.0,0.0,0.0,0.0,0.0,0.0,0.0,0.0,0.0,0.0,0.0,0.0,0.0,0.0,0.0,0.0,0.0,0.0,0.0,0.0,0.0,0.0,0.0,0.0,0.0,0.0,0.0,0.0,0.0,0.0,0.0,0.0,0.0,0.0,0.0,0.0,0.0,0.0,0.0,0.0,0.0,0.0,0.0,0.0,0.0,0.0,0.0,0.0,0.0,0.0,0.0,0.0,0.0,0.0,0.0,0.0,0.0,0.0,0.0,0.0,0.0,0.0,0.0,0.0,0.0,0.0,0.0,0.0,0.0,0.0,0.0,0.0,0.0,0.0,0.0,0.0,0.0,0.0,0.0,0.0,0.0,0.0,0.0,0.0,0.0,0.0,0.0,0.0,0.0,0.0,0.0,0.0,0.0,0.0,0.0,0.0,0.0,0.0,0.0,0.0,0.0,0.0,0.0,0.0,0.0,0.0,0.0,0.0,0.0,0.0,0.0,0.0,0.0,0.0,0.0,0.0,0.0,0.0,0.0,0.0,0.0,0.0,0.0,0.0,0.0,0.0,0.0,0.0,0.0,0.0,0.0,0.0,0.0,0.0,0.0,0.0,0.0,0.0,0.0,0.0,0.0,0.0,0.0,0.0,0.0,0.0,0.0,0.0,0.0,0.0,0.0,0.0,0.0,0.0,0.0,0.0,0.0,0.0,0.0,0.0,0.0,0.0,0.0,0.0,0.0,0.0,0.0,0.0,0.0,0.0,0.0,0.0,0.0,0.0,0.0,0.0,0.0,0.0,0.0,0.0,0.0,0.0,0.0,0.0,0.0,0.0,0.0,0.0,0.0,0.0,0.0,0.0,0.0,0.0,0.0,0.0,0.0,0.0,0.0,0.0,0.0,0.0,0.0,0.0,0.0,0.0,0.0,0.0,0.0,0.0,0.0,0.0,0.0,0.0,0.0,0.0,0.0,0.0,0.0,0.0,0.0,0.0,0.0,0.0,0.0,0.0,0.0,0.0,0.0,0.0,0.0,0.0,0.0,0.0,0.0,0.0,0.0,0.0,0.0,0.0,0.0,0.0,0.0,0.0,0.0,0.0,0.0,0.0,0.0,0.0,0.0,0.0,0.0,0.0,0.0,0.0,0.0,0.0,0.0,0.0,0.0,0.0,0.0,0.0,0.0,0.0,0.0,0.0,0.0,0.0,0.0,0.0,0.0,0.0,0.0,0.0,0.0,0.0,0.0
5099,0.0,0.0,0.0,0.0,0.0,0.0,0.0,0.0,0.0,0.0,0.0,0.0,0.0,0.0,0.0,0.0,0.0,0.0,0.0,0.0,0.0,0.0,0.0,0.0,0.0,0.0,0.0,0.0,0.0,0.0,0.0,0.0,0.0,0.0,0.0,0.0,0.0,0.0,0.0,0.0,0.0,0.0,0.0,0.0,0.0,0.0,0.0,0.0,0.0,0.0,0.0,0.0,0.0,0.0,0.0,0.0,0.0,0.0,0.0,0.0,0.0,0.0,0.0,0.0,0.0,0.0,0.0,0.0,0.0,0.0,0.0,0.0,0.0,0.0,0.0,0.0,0.0,0.0,0.0,0.0,0.0,0.0,0.0,0.0,0.0,0.0,0.0,0.0,0.0,0.0,0.0,0.0,0.0,0.0,0.0,0.0,0.0,0.0,0.0,0.0,0.0,0.0,0.0,0.0,0.0,0.0,0.0,0.0,0.0,0.0,0.0,0.0,0.0,0.0,0.0,0.0,0.0,0.0,0.0,0.0,0.0,0.0,0.0,0.0,0.0,0.0,0.0,0.0,0.0,0.0,0.0,0.0,0.0,0.0,0.0,0.0,0.0,0.0,0.0,0.0,0.0,0.0,0.0,0.0,0.0,0.0,0.0,0.0,0.0,0.0,0.0,0.0,0.0,0.0,0.0,0.0,0.0,0.0,0.0,0.0,0.0,0.0,0.0,0.0,0.0,0.0,0.0,0.0,0.0,0.0,0.0,0.0,0.0,0.0,0.0,0.0,0.0,0.0,0.0,0.0,0.0,0.0,0.0,0.0,0.0,0.0,0.0,0.0,0.0,0.0,0.0,0.0,0.0,0.0,0.0,0.0,0.0,0.0,0.0,0.0,0.0,0.0,0.0,0.0,0.0,0.0,0.0,0.0,0.0,0.0,0.0,0.0,0.0,0.0,0.0,0.0,0.0,0.0,0.0,0.0,0.0,0.0,0.0,0.0,0.0,0.0,0.0,0.0,0.0,0.0,0.0,0.0,0.0,0.0,0.0,0.0,0.0,0.0,0.0,0.0,0.0,0.0,0.0,0.0,0.0,0.0,0.0,0.0,0.0,0.0,0.0,0.0,0.0,0.0,0.0,0.0,0.0,0.0,0.0,0.0,0.0,0.0,0.0,0.0,0.0,0.0,0.0,0.0,0.0,0.0,0.0,0.0,0.0,0.0,0.0,0.0,0.0,0.0,0.0,0.0,0.0,0.0,0.0,0.0,0.0,0.0,0.0,0.0,0.0,0.0,0.0,0.0,0.0,0.0,0.0,0.0,0.0,0.0,0.0,0.0,0.0,0.0,0.0,0.0,0.0,0.0,0.0,0.0,0.0,0.0,0.0,0.0,0.0,0.0,0.0,0.0,0.0,0.0,0.0,0.0,0.0,0.0,0.0,0.0,0.0,0.0,0.0,0.0,0.0,0.0,0.0,0.0,0.0,0.0,0.0,0.0,0.0,0.0,0.0,0.0,0.0,0.0,0.0,0.0,0.0,0.0,0.0,0.0,0.0,0.0,0.0,0.0,0.0,0.0,0.0,0.0,0.0,0.0,0.0,0.0,0.0,0.0,0.0,0.0,0.0,0.0,0.0,0.0,0.0,0.0,0.0,0.0,0.0,0.0,0.0,0.0
5100,1.510339617729187,2.2441508769989014,0.7050505876541138,0.3030688166618347,3.10223388671875,2.3380634784698486,1.0626693964004517,1.121629238128662,2.4840495586395264,44.930721282958984,3.3206968307495117,14.363597869873047,31.868408203125,0.6486610174179077,0.5855857133865356,4.211349964141846,0.6831779479980469,0.5072948932647705,0.0,0.0,1.5634593963623047,1.2219915390014648,0.0,42.53874206542969,3.671114206314087,18.929927825927734,1.712228536605835,1.0841528177261353,0.0,7.486006259918213,0.0,0.457991361618042,0.0,0.0,0.0,27.208593368530273,0.0,0.0,0.0,2.5681817531585693,2.8652563095092773,9.536294937133789,0.0,28.387977600097656,18.02255630493164,0.4334535002708435,1.8180010318756104,1.8301421403884888,9.195226669311523,14.821167945861816,2.0751185417175293,9.462576866149902,10.124001502990723,0.0,2.1920392513275146,2.379281759262085,0.0,0.0,0.0,3.254284381866455,0.4126754105091095,2.6253931522369385,0.0,4.2202043533325195,26.325138092041016,0.5069230198860168,5.071939468383789,4.853513240814209,0.0,5.093994140625,27.67612075805664,42.126041412353516,27.67612075805664,0.0,0.0,4352.04150390625,0.0,0.0,498.9178771972656,258.7561950683594,105.9738998413086,0.0,68.85124969482422,86.1434097290039,0.0,0.0,0.0,0.3245445191860199,259.8579406738281,0.0,79.21644592285156,19.581815719604492,2.993065118789673,1.1492903232574463,11.022381782531738,0.0,5.6517558097839355,29.93303680419922,0.3946358859539032,0.01699458807706833,0.05472403019666672,0.2589235305786133,0.0,0.0,302.4994812011719,271.8896179199219,147.591552734375,9.602696418762207,128.7766571044922,0.0,0.0,30.242555618286133,0.0,0.0,5.763080596923828,6.3462395668029785,0.7397440075874329,0.4556424915790558,25.967863082885742,0.0,61.32683563232422,8.511682510375977,8.107011795043945,23.410093307495117,2.1959197521209717,15.878312110900879,0.0,0.0,0.0,0.0,2.983860731124878,1.6536469459533691,0.0,0.0,0.0,0.0,0.0,0.0,0.12484544515609741,1.1268413066864014,0.0,0.0,0.0,6.14431095123291,0.0,0.5307580232620239,0.32440462708473206,0.0,1.7635207176208496,0.0,0.0,0.0,1.0007615089416504,0.0,0.0,0.0,0.0,2.2619147300720215,0.0,0.0,0.0,0.0,0.0,0.0,0.0,0.0,0.0,0.718039333820343,0.0,0.0,0.0,0.0,0.0,0.0,0.0,1.2632761001586914,0.0,0.0,0.0,0.0,0.0,0.0,5.860340595245361,0.3193570375442505,6.1796979904174805,0.0,0.0,0.4918762445449829,1.1075818538665771,0.0,0.0,0.0,1.0659613609313965,19.80269432067871,0.0,13.241230964660645,0.0,11.071849822998047,3.609996795654297,3.017975091934204,12.086714744567871,0.0,0.0,0.5418508052825928,8.115113258361816,0.0,0.5418508052825928,0.0,21.33268928527832,0.0,0.0,0.0,0.5329254269599915,0.0,0.0,0.0,19.678621292114258,0.0,0.0,0.0,0.0,0.0,0.0,0.0,0.0,0.0,0.0,0.0,0.0,0.0,1.1325446367263794,0.0,0.0,0.0,0.0,4.029835224151611,0.0,0.0,0.0,3.583317279815674,0.0,0.0,1.081172227859497,1.0224285125732422,0.0,0.0,0.0,0.0,4.624879837036133,7.968871593475342,6.318238258361816,10.298264503479004,0.0,3.7636823654174805,0.45529335737228394,0.0,1.0224285125732422,0.0,3.0872435569763184,0.0,0.0,0.0,17.925756454467773,0.0,0.0,0.0,0.0,0.0,0.0,0.0,0.0,0.0,0.0,0.0,0.0,0.0,0.0,0.0,0.0,0.0,0.0,0.0,0.0,0.0,0.0,0.0,0.0,0.0,0.0,0.0,0.0,0.0,0.0,0.0,0.0,0.0,0.0,0.0,0.0,0.0,0.0,0.0,0.0,0.0,0.0,0.0,0.0,0.0,0.0,0.0,0.0,0.0,0.0,0.0,0.0,0.0,0.0,0.0,0.0,0.0,0.0,0.0,0.0,0.0,0.0,0.0,0.0,0.0,0.0,0.0,0.0,0.0,0.0,0.0,0.0,0.0,0.0,0.0,0.0,0.0,0.0,0.0,0.0,0.0,0.0,0.0,0.0,0.0,0.0,0.0,0.0,0.0,0.0,0.0,0.0,0.0,0.0,0.0,0.0,0.0,0.0,0.0,0.0,0.0,0.0,0.0,0.0,0.0,0.0,0.0,0.0,0.0,0.0,0.0,0.0,0.0
5101,0.0,0.0,0.0,0.0,0.0,0.0,0.0,0.0,0.0,0.0,0.0,0.0,0.0,0.0,0.0,0.0,0.0,0.0,0.0,0.0,0.0,0.0,0.0,0.0,0.0,0.0,0.0,0.0,0.0,0.0,0.0,0.0,0.0,0.0,0.0,0.0,0.0,0.0,0.0,0.0,0.0,0.0,0.0,0.0,0.0,0.0,0.0,0.0,0.0,0.0,0.0,0.0,0.0,0.0,0.0,0.0,0.0,0.0,0.0,0.0,0.0,0.0,0.0,0.0,0.0,0.0,0.0,0.0,0.0,0.0,0.0,0.0,0.0,0.0,0.0,0.0,0.0,0.0,0.0,0.0,0.0,0.0,0.0,0.0,0.0,0.0,0.0,0.0,0.0,0.0,0.0,0.0,0.0,0.0,0.0,0.0,0.0,0.0,0.0,0.0,0.0,0.0,0.0,0.0,0.0,0.0,0.0,0.0,0.0,0.0,0.0,0.0,0.0,0.0,0.0,0.0,0.0,0.0,0.0,0.0,0.0,0.0,0.0,0.0,0.0,0.0,0.0,0.0,0.0,0.0,0.0,0.0,0.0,0.0,0.0,0.0,0.0,0.0,0.0,0.0,0.0,0.0,0.0,0.0,0.0,0.0,0.0,0.0,0.0,0.0,0.0,0.0,0.0,0.0,0.0,0.0,0.0,0.0,0.0,0.0,0.0,0.0,0.0,0.0,0.0,0.0,0.0,0.0,0.0,0.0,0.0,0.0,0.0,0.0,0.0,0.0,0.0,0.0,0.0,0.0,0.0,0.0,0.0,0.0,0.0,0.0,0.0,0.0,0.0,0.0,0.0,0.0,0.0,0.0,0.0,0.0,0.0,0.0,0.0,0.0,0.0,0.0,0.0,0.0,0.0,0.0,0.0,0.0,0.0,0.0,0.0,0.0,0.0,0.0,0.0,0.0,0.0,0.0,0.0,0.0,0.0,0.0,0.0,0.0,0.0,0.0,0.0,0.0,0.0,0.0,0.0,0.0,0.0,0.0,0.0,0.0,0.0,0.0,0.0,0.0,0.0,0.0,0.0,0.0,0.0,0.0,0.0,0.0,0.0,0.0,0.0,0.0,0.0,0.0,0.0,0.0,0.0,0.0,0.0,0.0,0.0,0.0,0.0,0.0,0.0,0.0,0.0,0.0,0.0,0.0,0.0,0.0,0.0,0.0,0.0,0.0,0.0,0.0,0.0,0.0,0.0,0.0,0.0,0.0,0.0,0.0,0.0,0.0,0.0,0.0,0.0,0.0,0.0,0.0,0.0,0.0,0.0,0.0,0.0,0.0,0.0,0.0,0.0,0.0,0.0,0.0,0.0,0.0,0.0,0.0,0.0,0.0,0.0,0.0,0.0,0.0,0.0,0.0,0.0,0.0,0.0,0.0,0.0,0.0,0.0,0.0,0.0,0.0,0.0,0.0,0.0,0.0,0.0,0.0,0.0,0.0,0.0,0.0,0.0,0.0,0.0,0.0,0.0,0.0,0.0,0.0,0.0,0.0,0.0,0.0,0.0,0.0,0.0,0.0,0.0,0.0,0.0,0.0,0.0,0.0,0.0,0.0,0.0,0.0,0.0,0.0,0.0,0.0,0.0,0.0,0.0,0.0,0.0,0.0,0.0,0.0
5102,0.0,0.0,0.0,0.0,0.0,0.0,0.0,0.0,0.0,0.0,0.0,0.0,0.0,0.0,0.0,0.0,0.0,0.0,0.0,0.0,0.0,0.0,0.0,0.0,0.0,0.0,0.0,0.0,0.0,0.0,0.0,0.0,0.0,0.0,0.0,0.0,0.0,0.0,0.0,0.0,0.0,0.0,0.0,0.0,0.0,0.0,0.0,0.0,0.0,0.0,0.0,0.0,0.0,0.0,0.0,0.0,0.0,0.0,0.0,0.0,0.0,0.0,0.0,0.0,0.0,0.0,0.0,0.0,0.0,0.0,0.0,0.0,0.0,0.0,0.0,0.0,0.0,0.0,0.0,0.0,0.0,0.0,0.0,0.0,0.0,0.0,0.0,0.0,0.0,0.0,0.0,0.0,0.0,0.0,0.0,0.0,0.0,0.0,0.0,0.0,0.0,0.0,0.0,0.0,0.0,0.0,0.0,0.0,0.0,0.0,0.0,0.0,0.0,0.0,0.0,0.0,0.0,0.0,0.0,0.0,0.0,0.0,0.0,0.0,0.0,0.0,0.0,0.0,0.0,0.0,0.0,0.0,0.0,0.0,0.0,0.0,0.0,0.0,0.0,0.0,0.0,0.0,0.0,0.0,0.0,0.0,0.0,0.0,0.0,0.0,0.0,0.0,0.0,0.0,0.0,0.0,0.0,0.0,0.0,0.0,0.0,0.0,0.0,0.0,0.0,0.0,0.0,0.0,0.0,0.0,0.0,0.0,0.0,0.0,0.0,0.0,0.0,0.0,0.0,0.0,0.0,0.0,0.0,0.0,0.0,0.0,0.0,0.0,0.0,0.0,0.0,0.0,0.0,0.0,0.0,0.0,0.0,0.0,0.0,0.0,0.0,0.0,0.0,0.0,0.0,0.0,0.0,0.0,0.0,0.0,0.0,0.0,0.0,0.0,0.0,0.0,0.0,0.0,0.0,0.0,0.0,0.0,0.0,0.0,0.0,0.0,0.0,0.0,0.0,0.0,0.0,0.0,0.0,0.0,0.0,0.0,0.0,0.0,0.0,0.0,0.0,0.0,0.0,0.0,0.0,0.0,0.0,0.0,0.0,0.0,0.0,0.0,0.0,0.0,0.0,0.0,0.0,0.0,0.0,0.0,0.0,0.0,0.0,0.0,0.0,0.0,0.0,0.0,0.0,0.0,0.0,0.0,0.0,0.0,0.0,0.0,0.0,0.0,0.0,0.0,0.0,0.0,0.0,0.0,0.0,0.0,0.0,0.0,0.0,0.0,0.0,0.0,0.0,0.0,0.0,0.0,0.0,0.0,0.0,0.0,0.0,0.0,0.0,0.0,0.0,0.0,0.0,0.0,0.0,0.0,0.0,0.0,0.0,0.0,0.0,0.0,0.0,0.0,0.0,0.0,0.0,0.0,0.0,0.0,0.0,0.0,0.0,0.0,0.0,0.0,0.0,0.0,0.0,0.0,0.0,0.0,0.0,0.0,0.0,0.0,0.0,0.0,0.0,0.0,0.0,0.0,0.0,0.0,0.0,0.0,0.0,0.0,0.0,0.0,0.0,0.0,0.0,0.0,0.0,0.0,0.0,0.0,0.0,0.0,0.0,0.0,0.0,0.0,0.0,0.0,0.0,0.0,0.0,0.0,0.0,0.0
5103,1.426729440689087,2.0538344383239746,0.46450433135032654,0.22879213094711304,1.7364580631256104,3.671876907348633,0.7459619641304016,0.4933530390262604,2.3578128814697266,33.34495544433594,1.1409239768981934,13.448981285095215,26.020076751708984,0.47337332367897034,0.653598427772522,2.6507387161254883,0.0,0.0,0.0,0.0,3.042266607284546,2.270517587661743,0.0,29.619964599609375,4.075404644012451,16.085163116455078,3.2234745025634766,3.515550136566162,0.0,5.621734142303467,0.0,0.4143754541873932,0.0,0.0,0.0,25.772192001342773,0.0,0.0,0.0,2.426010847091675,2.6427977085113525,8.731745719909668,0.0,27.482227325439453,17.996858596801758,0.4094581604003906,1.717359185218811,1.7288281917572021,8.686192512512207,13.445174217224121,2.0054352283477783,7.910935401916504,6.413970947265625,0.0,1.5676335096359253,2.380624294281006,0.0,0.0,0.0,3.128699541091919,0.3898303210735321,1.8704837560653687,0.0,4.621493816375732,26.032936096191406,0.478860467672348,4.654067039489746,4.728316783905029,0.0,5.364694595336914,27.454153060913086,42.05461502075195,27.739526748657227,0.0,0.0,498.9178771972656,0.0,0.0,125.0373764038086,516.480712890625,241.83694458007812,0.0,166.2580108642578,35.8182373046875,0.0,0.0,0.0,2.6286461353302,257.0356140136719,0.0,331.22900390625,58.76475143432617,3.306471347808838,1.2721225023269653,7.281091213226318,0.0,5.012600898742676,6.085106372833252,0.3457763195037842,0.010913179256021976,1.2949200868606567,0.3364493250846863,0.0,0.0,224.65687561035156,245.85089111328125,101.99634552001953,8.717379570007324,85.79296875,0.0,0.0,94.31415557861328,0.0,0.0,3.2553892135620117,3.5847980976104736,0.9246551990509033,0.11527211219072342,97.4747314453125,0.0,11.527514457702637,2.2866878509521484,4.579404830932617,37.34872055053711,14.898305892944336,48.40141677856445,0.0,0.0,0.0,0.0,0.0,1.562103509902954,0.0,0.0,0.0,0.0,0.0,0.0,0.11793418228626251,8.482574462890625,0.0,0.0,0.0,4.091485977172852,0.0,0.5310574769973755,0.3064460754394531,0.0,1.364199161529541,0.1189640611410141,0.0,0.0,0.0,0.0,0.0,0.0,0.0,0.0,0.0,0.0,0.0,0.0,0.0,0.0,0.0,0.0,0.0,1.0520981550216675,0.0,0.0,0.0,0.0,0.0,0.0,0.0,2.125011444091797,0.0,0.0,0.0,0.0,0.0,0.0,7.871084690093994,0.5434302091598511,7.871084690093994,0.0,0.0,0.14926204085350037,0.8534381985664368,0.0,0.0,0.0,1.6143132448196411,24.917373657226562,0.0,11.713534355163574,0.0,14.260148048400879,4.6104936599731445,4.532144069671631,11.338604927062988,0.0,0.0,0.5975356698036194,85.4214859008789,0.0,0.5975356698036194,0.0,28.328899383544922,0.0,0.0,0.0,0.8496330976486206,0.0,0.0,0.0,19.470102310180664,0.0,0.0,0.0,0.0,0.0,0.0,0.0,0.0,0.0,0.0,0.0,0.0,0.0,1.867156982421875,0.0,0.0,0.0,0.0,6.2356648445129395,0.0,0.0,0.0,16.28311538696289,0.0,0.0,0.745725154876709,0.5434302091598511,0.0,0.0,0.0,0.0,2.639117956161499,4.064176082611084,2.7259843349456787,6.851278781890869,0.0,13.88764762878418,0.43008899688720703,0.0,0.5434302091598511,0.0,1.7962708473205566,0.0,0.0,0.0,24.46109962463379,0.0,0.0,0.0,0.0,0.0,0.0,0.0,0.0,0.0,0.0,0.0,0.0,0.0,0.0,0.0,0.0,0.0,0.0,0.0,0.0,0.0,0.0,0.0,0.0,0.0,0.0,0.0,0.0,0.0,0.0,0.0,0.0,0.0,0.0,0.0,0.0,0.0,0.0,0.0,0.0,0.0,0.0,0.0,0.0,0.0,0.0,0.0,0.0,0.0,0.0,0.0,0.0,0.0,0.0,0.0,0.0,0.0,0.0,0.0,0.0,0.0,0.0,0.0,0.0,0.0,0.0,0.0,0.0,0.0,0.0,0.0,0.0,0.0,0.0,0.0,0.0,0.0,0.0,0.0,0.0,0.0,0.0,0.0,0.0,0.0,0.0,0.0,0.0,0.0,0.0,0.0,0.0,0.0,0.0,0.0,0.0,0.0,0.0,0.0,0.0,0.0,0.0,0.0,0.0,0.0,0.0,0.0,0.0,0.0,0.0,0.0,0.0,0.0
5104,0.0,0.0,0.0,3.6861753463745117,8.857423782348633,13.622101783752441,8.569052696228027,0.2255043387413025,10.978025436401367,36.104461669921875,4.658740043640137,1.4358623027801514,3.2413923740386963,0.0,0.0,1.4672480821609497,0.0,0.0,0.0,0.0,10.594551086425781,10.361807823181152,0.0,3.859224319458008,4.019168853759766,21.42597198486328,5.108663082122803,2.3517487049102783,0.0,0.0,0.0,0.0,0.0,0.0,0.0,9.179251670837402,0.0,0.0,0.0,0.5583232641220093,1.5025227069854736,3.9981322288513184,0.0,11.354143142700195,5.540480136871338,0.0,0.0,0.0,0.0,5.787520408630371,0.9660294651985168,2.981198787689209,3.263267755508423,0.0,1.348243236541748,0.0,0.0,0.0,0.0,1.188002109527588,0.0,0.7102435231208801,0.0,1.372397780418396,9.558565139770508,0.0,1.9116829633712769,1.7785359621047974,0.0,1.465541958808899,9.558565139770508,13.015750885009766,10.295650482177734,0.0,0.0,258.7561950683594,0.0,0.0,516.480712890625,186.8728485107422,261.0573425292969,0.0,10.789363861083984,23.158470153808594,0.0,0.0,0.0,42.7939338684082,54.01128005981445,0.0,456.789794921875,9.717610359191895,0.6891025304794312,0.0,11.861326217651367,0.0,3.1973085403442383,243.0834503173828,3.3971996307373047,3.666795492172241,0.022585606202483177,0.0,0.0,0.0,62.81612777709961,81.54582977294922,28.114343643188477,19.501928329467773,54.63710403442383,0.0,0.0,55.52860641479492,0.0,0.0,25.793132781982422,26.40868377685547,5.001580715179443,1.136699914932251,91.45957946777344,0.0,50.4753303527832,7.476168632507324,35.94096374511719,22.191377639770508,2.4346752166748047,9.386905670166016,0.0,0.0,0.0,0.0,0.0,0.0,0.0,0.0,0.0,0.0,0.0,0.0,0.0,0.5459069013595581,0.0,0.0,0.0,0.0,0.0,0.0,0.0,0.0,0.0,0.0,0.0,0.0,0.0,0.0,0.0,0.0,0.0,0.0,0.0,0.0,0.0,0.0,0.0,0.0,0.0,0.0,0.0,0.0,0.0,0.0,0.0,0.0,0.0,0.0,0.0,0.0,0.0,0.0,0.0,0.0,0.0,0.0,1.1234980821609497,0.08454146981239319,13.782188415527344,0.0,0.0,0.1452282816171646,5.163890838623047,0.0,0.0,0.0,0.15558424592018127,161.7131805419922,0.0,3.071535587310791,0.0,21.728628158569336,1.8673701286315918,1.006920576095581,1.2180562019348145,0.0,0.0,0.0,9.163893699645996,0.0,0.0,0.0,52.84220504760742,0.0,0.0,0.0,0.48428669571876526,0.0,0.0,0.0,38.86393737792969,0.0,0.0,0.0,0.0,0.0,0.0,0.0,0.0,0.0,0.0,0.0,0.0,0.0,1.900036334991455,0.0,0.0,0.0,0.0,1.113080382347107,0.0,0.0,0.0,13.931366920471191,0.0,0.0,0.0684434175491333,0.09771396964788437,0.0,0.0,0.0,0.0,12.088682174682617,13.33543872833252,0.0,20.067474365234375,0.0,144.9442596435547,0.17460095882415771,0.0,0.09771396964788437,0.0,4.845008373260498,0.0,0.0,0.0,122.84654235839844,0.0,0.0,0.0,0.0,0.0,0.0,0.0,0.0,0.0,0.0,0.0,0.0,0.0,0.0,0.0,0.0,0.0,0.0,0.0,0.0,0.0,0.0,0.0,0.0,0.0,0.0,0.0,0.0,0.0,0.0,0.0,0.0,0.0,0.0,0.0,0.0,0.0,0.0,0.0,0.0,0.0,0.0,0.0,0.0,0.0,0.0,0.0,0.0,0.0,0.0,0.0,0.0,0.0,0.0,0.0,0.0,0.0,0.0,0.0,0.0,0.0,0.0,0.0,0.0,0.0,0.0,0.0,0.0,0.0,0.0,0.0,0.0,0.0,0.0,0.0,0.0,0.0,0.0,0.0,0.0,0.0,0.0,0.0,0.0,0.0,0.0,0.0,0.0,0.0,0.0,0.0,0.0,0.0,0.0,0.0,0.0,0.0,0.0,0.0,0.0,0.0,0.0,0.0,0.0,0.0,0.0,0.0,0.0,0.0,0.0,0.0,0.0,0.0
5105,0.0,0.0,0.0,2.4469096660614014,3.989572048187256,6.974338531494141,5.390973091125488,0.033397432416677475,7.522233009338379,8.452775955200195,2.665494441986084,10.39674186706543,17.579206466674805,0.0,0.0,1.33458411693573,0.0,0.0,0.0,0.0,3.0639405250549316,3.0639405250549316,0.0,12.479100227355957,2.7943801879882812,11.461414337158203,2.8725719451904297,4.796257972717285,0.0,0.0,0.0,0.0,0.0,0.0,0.0,3.113990306854248,0.0,0.0,0.0,0.1556081622838974,0.4292609989643097,1.1422404050827026,0.0,3.164841890335083,1.5441663265228271,0.0,0.0,0.0,0.0,1.6250447034835815,0.2662786543369293,0.8308786749839783,0.9094930291175842,0.0,0.37576377391815186,0.0,0.0,0.0,0.0,0.3311035633087158,0.0,0.19794929027557373,0.0,0.3790612816810608,2.661029577255249,0.0,0.5327979326248169,0.49744558334350586,0.0,0.40845566987991333,2.664031505584717,3.627570629119873,2.9414005279541016,0.0,0.0,105.9738998413086,0.0,0.0,241.83694458007812,261.0573425292969,186.8728485107422,0.0,6.2614569664001465,14.170991897583008,0.0,0.0,0.0,24.57981300354004,29.906763076782227,0.0,237.04812622070312,5.386913299560547,0.33164238929748535,0.0,2.141824960708618,0.0,1.282840371131897,9.104771614074707,0.10913824290037155,0.13260240852832794,0.005719402339309454,0.0,0.0,0.0,51.11505889892578,72.01487731933594,26.502531051635742,11.148337364196777,34.978782653808594,0.0,0.0,30.350494384765625,0.0,0.0,3.281672477722168,3.6137406826019287,2.7249033451080322,0.5925131440162659,50.872047424316406,0.0,32.806400299072266,5.507589340209961,5.214020729064941,7.070998191833496,1.2371500730514526,4.769839763641357,0.0,0.0,0.0,0.0,0.0,0.0,0.0,0.0,0.0,0.0,0.0,0.0,0.0,0.15557636320590973,0.0,0.0,0.0,0.0,0.0,0.0,0.0,0.0,0.0,0.0,0.0,0.0,0.0,0.0,0.0,0.0,0.0,0.0,0.0,0.0,0.0,0.0,0.0,0.0,0.0,0.0,0.0,0.0,0.0,0.0,0.0,0.0,0.0,0.0,0.0,0.0,0.0,0.0,0.0,0.0,0.0,0.0,0.5581691265106201,0.047919679433107376,10.829633712768555,0.0,0.0,0.0703568086028099,3.6409108638763428,0.0,0.0,0.0,0.07370962202548981,110.98438262939453,0.0,1.4193590879440308,0.0,16.180295944213867,1.1285063028335571,0.6385245323181152,0.6157824397087097,0.0,0.0,0.0,5.219985485076904,0.0,0.0,0.0,28.24949836730957,0.0,0.0,0.0,0.37038788199424744,0.0,0.0,0.0,38.69032287597656,0.0,0.0,0.0,0.0,0.0,0.0,0.0,0.0,0.0,0.0,0.0,0.0,0.0,2.9574458599090576,0.0,0.0,0.0,0.0,0.6216351389884949,0.0,0.0,0.0,16.99993896484375,0.0,0.0,0.030440712347626686,0.07601188868284225,0.0,0.0,0.0,0.0,6.2392578125,7.911342144012451,0.0,13.618229866027832,0.0,78.2951431274414,0.04975900053977966,0.0,0.07601188868284225,0.0,2.8660428524017334,0.0,0.0,0.0,72.96111297607422,0.0,0.0,0.0,0.0,0.0,0.0,0.0,0.0,0.0,0.0,0.0,0.0,0.0,0.0,0.0,0.0,0.0,0.0,0.0,0.0,0.0,0.0,0.0,0.0,0.0,0.0,0.0,0.0,0.0,0.0,0.0,0.0,0.0,0.0,0.0,0.0,0.0,0.0,0.0,0.0,0.0,0.0,0.0,0.0,0.0,0.0,0.0,0.0,0.0,0.0,0.0,0.0,0.0,0.0,0.0,0.0,0.0,0.0,0.0,0.0,0.0,0.0,0.0,0.0,0.0,0.0,0.0,0.0,0.0,0.0,0.0,0.0,0.0,0.0,0.0,0.0,0.0,0.0,0.0,0.0,0.0,0.0,0.0,0.0,0.0,0.0,0.0,0.0,0.0,0.0,0.0,0.0,0.0,0.0,0.0,0.0,0.0,0.0,0.0,0.0,0.0,0.0,0.0,0.0,0.0,0.0,0.0,0.0,0.0,0.0,0.0,0.0,0.0
5106,0.0,0.0,0.0,0.0,0.0,0.0,0.0,0.0,0.0,0.0,0.0,0.0,0.0,0.0,0.0,0.0,0.0,0.0,0.0,0.0,0.0,0.0,0.0,0.0,0.0,0.0,0.0,0.0,0.0,0.0,0.0,0.0,0.0,0.0,0.0,0.0,0.0,0.0,0.0,0.0,0.0,0.0,0.0,0.0,0.0,0.0,0.0,0.0,0.0,0.0,0.0,0.0,0.0,0.0,0.0,0.0,0.0,0.0,0.0,0.0,0.0,0.0,0.0,0.0,0.0,0.0,0.0,0.0,0.0,0.0,0.0,0.0,0.0,0.0,0.0,0.0,0.0,0.0,0.0,0.0,0.0,0.0,0.0,0.0,0.0,0.0,0.0,0.0,0.0,0.0,0.0,0.0,0.0,0.0,0.0,0.0,0.0,0.0,0.0,0.0,0.0,0.0,0.0,0.0,0.0,0.0,0.0,0.0,0.0,0.0,0.0,0.0,0.0,0.0,0.0,0.0,0.0,0.0,0.0,0.0,0.0,0.0,0.0,0.0,0.0,0.0,0.0,0.0,0.0,0.0,0.0,0.0,0.0,0.0,0.0,0.0,0.0,0.0,0.0,0.0,0.0,0.0,0.0,0.0,0.0,0.0,0.0,0.0,0.0,0.0,0.0,0.0,0.0,0.0,0.0,0.0,0.0,0.0,0.0,0.0,0.0,0.0,0.0,0.0,0.0,0.0,0.0,0.0,0.0,0.0,0.0,0.0,0.0,0.0,0.0,0.0,0.0,0.0,0.0,0.0,0.0,0.0,0.0,0.0,0.0,0.0,0.0,0.0,0.0,0.0,0.0,0.0,0.0,0.0,0.0,0.0,0.0,0.0,0.0,0.0,0.0,0.0,0.0,0.0,0.0,0.0,0.0,0.0,0.0,0.0,0.0,0.0,0.0,0.0,0.0,0.0,0.0,0.0,0.0,0.0,0.0,0.0,0.0,0.0,0.0,0.0,0.0,0.0,0.0,0.0,0.0,0.0,0.0,0.0,0.0,0.0,0.0,0.0,0.0,0.0,0.0,0.0,0.0,0.0,0.0,0.0,0.0,0.0,0.0,0.0,0.0,0.0,0.0,0.0,0.0,0.0,0.0,0.0,0.0,0.0,0.0,0.0,0.0,0.0,0.0,0.0,0.0,0.0,0.0,0.0,0.0,0.0,0.0,0.0,0.0,0.0,0.0,0.0,0.0,0.0,0.0,0.0,0.0,0.0,0.0,0.0,0.0,0.0,0.0,0.0,0.0,0.0,0.0,0.0,0.0,0.0,0.0,0.0,0.0,0.0,0.0,0.0,0.0,0.0,0.0,0.0,0.0,0.0,0.0,0.0,0.0,0.0,0.0,0.0,0.0,0.0,0.0,0.0,0.0,0.0,0.0,0.0,0.0,0.0,0.0,0.0,0.0,0.0,0.0,0.0,0.0,0.0,0.0,0.0,0.0,0.0,0.0,0.0,0.0,0.0,0.0,0.0,0.0,0.0,0.0,0.0,0.0,0.0,0.0,0.0,0.0,0.0,0.0,0.0,0.0,0.0,0.0,0.0,0.0,0.0,0.0,0.0,0.0,0.0,0.0,0.0,0.0,0.0,0.0,0.0,0.0,0.0,0.0,0.0,0.0,0.0
5107,0.0,0.2998850345611572,0.0,0.0,0.4794188439846039,1.0738035440444946,0.5569007396697998,0.0,0.9789890646934509,2.9429638385772705,0.3218136131763458,1.818078637123108,2.866124391555786,0.0,0.0,0.0,0.0,0.0,0.0,0.0,0.0,0.0,0.0,0.0,0.0,1.9712038040161133,0.0,0.0,0.0,0.0,0.0,0.0,0.0,0.0,0.0,2.3724427223205566,0.0,0.0,0.0,0.1646522432565689,0.2448974847793579,0.7971795797348022,0.0,2.3503217697143555,1.1328831911087036,0.0,0.0,0.0,0.0,0.998882532119751,0.10630897432565689,0.8791700005531311,0.3591139316558838,0.0,0.0,0.0,0.0,0.0,0.0,0.3503475785255432,0.0,0.2094542682170868,0.0,0.4226085841655731,1.9544763565063477,0.0,0.2103756219148636,0.19365713000297546,0.0,0.2572898268699646,1.9544763565063477,2.6613802909851074,1.9544763565063477,0.0,0.0,68.85124969482422,0.0,0.0,166.2580108642578,10.789363861083984,6.2614569664001465,0.0,3.268203020095825,9.444822311401367,0.0,0.0,0.0,0.0,15.709248542785645,0.0,7.534626483917236,3.9403557777404785,0.2782553434371948,0.0,0.8405576348304749,0.0,0.0,0.40982556343078613,0.0,0.0,0.004017280880361795,0.0,0.0,0.0,19.75904655456543,23.666545867919922,8.110535621643066,2.8403849601745605,11.749330520629883,0.0,0.0,5.720181465148926,0.0,0.0,0.2572898268699646,0.283324658870697,0.0,0.0,6.229366779327393,0.0,7.694268226623535,1.5464543104171753,0.3737041652202606,4.960837364196777,0.41415783762931824,8.476609230041504,0.0,0.0,0.0,0.0,0.0,0.0,0.0,0.0,0.0,0.0,0.0,0.0,0.0,0.15057939291000366,0.0,0.0,0.0,0.0,0.0,0.0,0.0,0.0,0.0,0.0,0.0,0.0,0.0,0.0,0.0,0.0,0.0,0.0,0.0,0.0,0.0,0.0,0.0,0.0,0.0,0.0,0.0,0.0,0.0,0.0,0.0,0.0,0.0,0.0,0.0,0.0,0.0,0.0,0.0,0.0,0.0,0.0,0.17411039769649506,0.0,0.8455783724784851,0.0,0.0,0.03264745697379112,0.05234295502305031,0.0,0.0,0.0,0.0,6.357638835906982,0.0,0.7228565812110901,0.0,1.4131931066513062,0.19582119584083557,0.13219784200191498,0.14544285833835602,0.0,0.0,0.0,0.9566306471824646,0.0,0.0,0.0,3.049034357070923,0.0,0.0,0.0,0.0,0.0,0.0,0.0,0.9580966234207153,0.0,0.0,0.0,0.0,0.0,0.0,0.0,0.0,0.0,0.0,0.0,0.0,0.0,0.0,0.0,0.0,0.0,0.0,0.2266378551721573,0.0,0.0,0.0,0.0,0.0,0.0,0.0,0.0,0.0,0.0,0.0,0.0,0.0,0.7721663117408752,0.0,2.3343117237091064,0.0,0.4302304983139038,0.04816078767180443,0.0,0.0,0.0,0.0,0.0,0.0,0.0,2.087683916091919,0.0,0.0,0.0,0.0,0.0,0.0,0.0,0.0,0.0,0.0,0.0,0.0,0.0,0.0,0.0,0.0,0.0,0.0,0.0,0.0,0.0,0.0,0.0,0.0,0.0,0.0,0.0,0.0,0.0,0.0,0.0,0.0,0.0,0.0,0.0,0.0,0.0,0.0,0.0,0.0,0.0,0.0,0.0,0.0,0.0,0.0,0.0,0.0,0.0,0.0,0.0,0.0,0.0,0.0,0.0,0.0,0.0,0.0,0.0,0.0,0.0,0.0,0.0,0.0,0.0,0.0,0.0,0.0,0.0,0.0,0.0,0.0,0.0,0.0,0.0,0.0,0.0,0.0,0.0,0.0,0.0,0.0,0.0,0.0,0.0,0.0,0.0,0.0,0.0,0.0,0.0,0.0,0.0,0.0,0.0,0.0,0.0,0.0,0.0,0.0,0.0,0.0,0.0,0.0,0.0,0.0,0.0,0.0,0.0,0.0,0.0,0.0,0.0
5108,0.3618655502796173,0.2998850345611572,0.0,0.06581560522317886,0.29136791825294495,0.7078311443328857,0.1836148351430893,0.0,0.3657958209514618,5.89475679397583,0.057019416242837906,2.795403242111206,5.4061150550842285,0.0,0.0,0.359108030796051,0.0,0.0,0.0,0.0,0.0,0.0,0.0,5.373508930206299,0.6784381866455078,3.717336416244507,0.8969975709915161,0.9206418395042419,0.0,0.0,0.0,0.0,0.0,0.0,0.0,4.033743858337402,0.0,0.0,0.0,0.3293044865131378,0.2448974847793579,1.427355408668518,0.0,4.293868541717529,2.904846429824829,0.0,0.0,0.0,1.6678780317306519,1.7885059118270874,0.28488677740097046,1.2072429656982422,0.760746955871582,0.0,0.39760348200798035,0.6038047075271606,0.0,0.0,0.0,0.3503475785255432,0.0,0.2094542682170868,0.0,0.5736373066902161,4.0933942794799805,0.0,0.5637645721435547,0.7126194834709167,0.0,0.6894852519035339,4.3535475730896,6.783130168914795,4.3535475730896,0.0,0.0,86.1434097290039,0.0,0.0,35.8182373046875,23.158470153808594,14.170991897583008,0.0,9.444822311401367,10.563191413879395,0.0,0.0,0.0,0.0,32.312557220458984,0.0,27.7977294921875,7.010717391967773,0.503257691860199,0.0,0.5011460185050964,0.0,0.5978409051895142,3.192606210708618,0.04098993167281151,0.0,0.008230029605329037,0.0,0.0,0.0,33.13127899169922,42.108394622802734,18.65999412536621,1.4182095527648926,15.299142837524414,0.0,0.0,13.35716724395752,0.0,0.0,0.5145796537399292,0.566649317741394,0.0,0.0,18.282875061035156,0.0,2.13388991355896,0.3018743097782135,0.723866879940033,6.163013458251953,0.24835093319416046,8.106230735778809,0.0,0.0,0.0,0.0,0.0,0.0,0.0,0.0,0.0,0.0,0.0,0.0,0.0,0.15057939291000366,0.0,0.0,0.0,0.0,0.0,0.1346936672925949,0.0,0.0,0.0,0.0,0.0,0.0,0.0,0.0,0.0,0.0,0.0,0.0,0.0,0.0,0.0,0.0,0.0,0.0,0.0,0.0,0.0,0.0,0.0,0.0,0.0,0.0,0.0,0.0,0.0,0.0,0.0,0.0,0.0,0.0,0.0,0.0,1.6094094514846802,0.0,1.7500357627868652,0.0,0.0,0.017802124843001366,0.06464740633964539,0.0,0.0,0.0,0.4816848933696747,5.18951940536499,0.0,1.3404597043991089,0.0,3.2235429286956787,1.1140778064727783,1.0279444456100464,2.3886213302612305,0.0,0.0,0.0,26.907543182373047,0.0,0.0,0.0,5.1950364112854,0.0,0.0,0.0,0.0,0.0,0.0,0.0,41.833770751953125,0.0,0.0,0.0,0.0,0.0,0.0,0.0,0.0,0.0,0.0,0.0,0.0,0.0,0.0,0.0,0.0,0.0,0.0,1.667157530784607,0.0,0.0,0.0,5.371509552001953,0.0,0.0,0.0,0.0,0.0,0.0,0.0,0.0,0.68984055519104,1.3879930973052979,0.0,1.020992636680603,0.0,1.3143230676651,0.04816078767180443,0.0,0.0,0.0,0.46125754714012146,0.0,0.0,0.0,4.128664016723633,0.0,0.0,0.0,0.0,0.0,0.0,0.0,0.0,0.0,0.0,0.0,0.0,0.0,0.0,0.0,0.0,0.0,0.0,0.0,0.0,0.0,0.0,0.0,0.0,0.0,0.0,0.0,0.0,0.0,0.0,0.0,0.0,0.0,0.0,0.0,0.0,0.0,0.0,0.0,0.0,0.0,0.0,0.0,0.0,0.0,0.0,0.0,0.0,0.0,0.0,0.0,0.0,0.0,0.0,0.0,0.0,0.0,0.0,0.0,0.0,0.0,0.0,0.0,0.0,0.0,0.0,0.0,0.0,0.0,0.0,0.0,0.0,0.0,0.0,0.0,0.0,0.0,0.0,0.0,0.0,0.0,0.0,0.0,0.0,0.0,0.0,0.0,0.0,0.0,0.0,0.0,0.0,0.0,0.0,0.0,0.0,0.0,0.0,0.0,0.0,0.0,0.0,0.0,0.0,0.0,0.0,0.0,0.0,0.0,0.0,0.0,0.0,0.0
5109,0.0,0.0,0.0,0.0,0.0,0.0,0.0,0.0,0.0,0.0,0.0,0.0,0.0,0.0,0.0,0.0,0.0,0.0,0.0,0.0,0.0,0.0,0.0,0.0,0.0,0.0,0.0,0.0,0.0,0.0,0.0,0.0,0.0,0.0,0.0,0.0,0.0,0.0,0.0,0.0,0.0,0.0,0.0,0.0,0.0,0.0,0.0,0.0,0.0,0.0,0.0,0.0,0.0,0.0,0.0,0.0,0.0,0.0,0.0,0.0,0.0,0.0,0.0,0.0,0.0,0.0,0.0,0.0,0.0,0.0,0.0,0.0,0.0,0.0,0.0,0.0,0.0,0.0,0.0,0.0,0.0,0.0,0.0,0.0,0.0,0.0,0.0,0.0,0.0,0.0,0.0,0.0,0.0,0.0,0.0,0.0,0.0,0.0,0.0,0.0,0.0,0.0,0.0,0.0,0.0,0.0,0.0,0.0,0.0,0.0,0.0,0.0,0.0,0.0,0.0,0.0,0.0,0.0,0.0,0.0,0.0,0.0,0.0,0.0,0.0,0.0,0.0,0.0,0.0,0.0,0.0,0.0,0.0,0.0,0.0,0.0,0.0,0.0,0.0,0.0,0.0,0.0,0.0,0.0,0.0,0.0,0.0,0.0,0.0,0.0,0.0,0.0,0.0,0.0,0.0,0.0,0.0,0.0,0.0,0.0,0.0,0.0,0.0,0.0,0.0,0.0,0.0,0.0,0.0,0.0,0.0,0.0,0.0,0.0,0.0,0.0,0.0,0.0,0.0,0.0,0.0,0.0,0.0,0.0,0.0,0.0,0.0,0.0,0.0,0.0,0.0,0.0,0.0,0.0,0.0,0.0,0.0,0.0,0.0,0.0,0.0,0.0,0.0,0.0,0.0,0.0,0.0,0.0,0.0,0.0,0.0,0.0,0.0,0.0,0.0,0.0,0.0,0.0,0.0,0.0,0.0,0.0,0.0,0.0,0.0,0.0,0.0,0.0,0.0,0.0,0.0,0.0,0.0,0.0,0.0,0.0,0.0,0.0,0.0,0.0,0.0,0.0,0.0,0.0,0.0,0.0,0.0,0.0,0.0,0.0,0.0,0.0,0.0,0.0,0.0,0.0,0.0,0.0,0.0,0.0,0.0,0.0,0.0,0.0,0.0,0.0,0.0,0.0,0.0,0.0,0.0,0.0,0.0,0.0,0.0,0.0,0.0,0.0,0.0,0.0,0.0,0.0,0.0,0.0,0.0,0.0,0.0,0.0,0.0,0.0,0.0,0.0,0.0,0.0,0.0,0.0,0.0,0.0,0.0,0.0,0.0,0.0,0.0,0.0,0.0,0.0,0.0,0.0,0.0,0.0,0.0,0.0,0.0,0.0,0.0,0.0,0.0,0.0,0.0,0.0,0.0,0.0,0.0,0.0,0.0,0.0,0.0,0.0,0.0,0.0,0.0,0.0,0.0,0.0,0.0,0.0,0.0,0.0,0.0,0.0,0.0,0.0,0.0,0.0,0.0,0.0,0.0,0.0,0.0,0.0,0.0,0.0,0.0,0.0,0.0,0.0,0.0,0.0,0.0,0.0,0.0,0.0,0.0,0.0,0.0,0.0,0.0,0.0,0.0,0.0,0.0,0.0,0.0,0.0,0.0,0.0
5110,0.0,0.0,0.0,0.0,0.0,0.0,0.0,0.0,0.0,0.0,0.0,0.0,0.0,0.0,0.0,0.0,0.0,0.0,0.0,0.0,0.0,0.0,0.0,0.0,0.0,0.0,0.0,0.0,0.0,0.0,0.0,0.0,0.0,0.0,0.0,0.0,0.0,0.0,0.0,0.0,0.0,0.0,0.0,0.0,0.0,0.0,0.0,0.0,0.0,0.0,0.0,0.0,0.0,0.0,0.0,0.0,0.0,0.0,0.0,0.0,0.0,0.0,0.0,0.0,0.0,0.0,0.0,0.0,0.0,0.0,0.0,0.0,0.0,0.0,0.0,0.0,0.0,0.0,0.0,0.0,0.0,0.0,0.0,0.0,0.0,0.0,0.0,0.0,0.0,0.0,0.0,0.0,0.0,0.0,0.0,0.0,0.0,0.0,0.0,0.0,0.0,0.0,0.0,0.0,0.0,0.0,0.0,0.0,0.0,0.0,0.0,0.0,0.0,0.0,0.0,0.0,0.0,0.0,0.0,0.0,0.0,0.0,0.0,0.0,0.0,0.0,0.0,0.0,0.0,0.0,0.0,0.0,0.0,0.0,0.0,0.0,0.0,0.0,0.0,0.0,0.0,0.0,0.0,0.0,0.0,0.0,0.0,0.0,0.0,0.0,0.0,0.0,0.0,0.0,0.0,0.0,0.0,0.0,0.0,0.0,0.0,0.0,0.0,0.0,0.0,0.0,0.0,0.0,0.0,0.0,0.0,0.0,0.0,0.0,0.0,0.0,0.0,0.0,0.0,0.0,0.0,0.0,0.0,0.0,0.0,0.0,0.0,0.0,0.0,0.0,0.0,0.0,0.0,0.0,0.0,0.0,0.0,0.0,0.0,0.0,0.0,0.0,0.0,0.0,0.0,0.0,0.0,0.0,0.0,0.0,0.0,0.0,0.0,0.0,0.0,0.0,0.0,0.0,0.0,0.0,0.0,0.0,0.0,0.0,0.0,0.0,0.0,0.0,0.0,0.0,0.0,0.0,0.0,0.0,0.0,0.0,0.0,0.0,0.0,0.0,0.0,0.0,0.0,0.0,0.0,0.0,0.0,0.0,0.0,0.0,0.0,0.0,0.0,0.0,0.0,0.0,0.0,0.0,0.0,0.0,0.0,0.0,0.0,0.0,0.0,0.0,0.0,0.0,0.0,0.0,0.0,0.0,0.0,0.0,0.0,0.0,0.0,0.0,0.0,0.0,0.0,0.0,0.0,0.0,0.0,0.0,0.0,0.0,0.0,0.0,0.0,0.0,0.0,0.0,0.0,0.0,0.0,0.0,0.0,0.0,0.0,0.0,0.0,0.0,0.0,0.0,0.0,0.0,0.0,0.0,0.0,0.0,0.0,0.0,0.0,0.0,0.0,0.0,0.0,0.0,0.0,0.0,0.0,0.0,0.0,0.0,0.0,0.0,0.0,0.0,0.0,0.0,0.0,0.0,0.0,0.0,0.0,0.0,0.0,0.0,0.0,0.0,0.0,0.0,0.0,0.0,0.0,0.0,0.0,0.0,0.0,0.0,0.0,0.0,0.0,0.0,0.0,0.0,0.0,0.0,0.0,0.0,0.0,0.0,0.0,0.0,0.0,0.0,0.0,0.0,0.0,0.0,0.0,0.0,0.0,0.0
5111,0.0,0.0,0.0,0.0,0.0,0.0,0.0,0.0,0.0,0.0,0.0,0.0,0.0,0.0,0.0,0.0,0.0,0.0,0.0,0.0,0.0,0.0,0.0,0.0,0.0,0.0,0.0,0.0,0.0,0.0,0.0,0.0,0.0,0.0,0.0,0.0,0.0,0.0,0.0,0.0,0.0,0.0,0.0,0.0,0.0,0.0,0.0,0.0,0.0,0.0,0.0,0.0,0.0,0.0,0.0,0.0,0.0,0.0,0.0,0.0,0.0,0.0,0.0,0.0,0.0,0.0,0.0,0.0,0.0,0.0,0.0,0.0,0.0,0.0,0.0,0.0,0.0,0.0,0.0,0.0,0.0,0.0,0.0,0.0,0.0,0.0,0.0,0.0,0.0,0.0,0.0,0.0,0.0,0.0,0.0,0.0,0.0,0.0,0.0,0.0,0.0,0.0,0.0,0.0,0.0,0.0,0.0,0.0,0.0,0.0,0.0,0.0,0.0,0.0,0.0,0.0,0.0,0.0,0.0,0.0,0.0,0.0,0.0,0.0,0.0,0.0,0.0,0.0,0.0,0.0,0.0,0.0,0.0,0.0,0.0,0.0,0.0,0.0,0.0,0.0,0.0,0.0,0.0,0.0,0.0,0.0,0.0,0.0,0.0,0.0,0.0,0.0,0.0,0.0,0.0,0.0,0.0,0.0,0.0,0.0,0.0,0.0,0.0,0.0,0.0,0.0,0.0,0.0,0.0,0.0,0.0,0.0,0.0,0.0,0.0,0.0,0.0,0.0,0.0,0.0,0.0,0.0,0.0,0.0,0.0,0.0,0.0,0.0,0.0,0.0,0.0,0.0,0.0,0.0,0.0,0.0,0.0,0.0,0.0,0.0,0.0,0.0,0.0,0.0,0.0,0.0,0.0,0.0,0.0,0.0,0.0,0.0,0.0,0.0,0.0,0.0,0.0,0.0,0.0,0.0,0.0,0.0,0.0,0.0,0.0,0.0,0.0,0.0,0.0,0.0,0.0,0.0,0.0,0.0,0.0,0.0,0.0,0.0,0.0,0.0,0.0,0.0,0.0,0.0,0.0,0.0,0.0,0.0,0.0,0.0,0.0,0.0,0.0,0.0,0.0,0.0,0.0,0.0,0.0,0.0,0.0,0.0,0.0,0.0,0.0,0.0,0.0,0.0,0.0,0.0,0.0,0.0,0.0,0.0,0.0,0.0,0.0,0.0,0.0,0.0,0.0,0.0,0.0,0.0,0.0,0.0,0.0,0.0,0.0,0.0,0.0,0.0,0.0,0.0,0.0,0.0,0.0,0.0,0.0,0.0,0.0,0.0,0.0,0.0,0.0,0.0,0.0,0.0,0.0,0.0,0.0,0.0,0.0,0.0,0.0,0.0,0.0,0.0,0.0,0.0,0.0,0.0,0.0,0.0,0.0,0.0,0.0,0.0,0.0,0.0,0.0,0.0,0.0,0.0,0.0,0.0,0.0,0.0,0.0,0.0,0.0,0.0,0.0,0.0,0.0,0.0,0.0,0.0,0.0,0.0,0.0,0.0,0.0,0.0,0.0,0.0,0.0,0.0,0.0,0.0,0.0,0.0,0.0,0.0,0.0,0.0,0.0,0.0,0.0,0.0,0.0,0.0,0.0,0.0,0.0,0.0
5112,0.0,0.0,0.0,0.0,0.03566064313054085,0.03566064313054085,0.25463631749153137,0.0,0.22672010958194733,1.3011753559112549,0.0,0.0,0.810431718826294,0.0,0.0,0.0,0.0,0.0,0.0,0.0,0.0,0.0,0.0,0.0,0.0,0.0,0.0,0.0,0.0,0.0,0.0,0.0,0.0,0.0,0.0,0.0,0.0,0.0,0.0,0.0,0.0,0.0,0.0,0.0,0.0,0.0,0.0,0.0,0.0,0.0,0.0,0.0,0.0,0.0,0.0,0.0,0.0,0.0,0.0,0.0,0.0,0.0,0.0,0.0,0.0,0.0,0.0,0.0,0.0,0.0,0.0,0.0,0.0,0.0,0.0,0.3245445191860199,0.0,0.0,2.6286461353302,42.7939338684082,24.57981300354004,0.0,0.0,0.0,0.0,0.0,0.0,4.989124774932861,0.4302304983139038,0.0,0.8604609966278076,0.16503813862800598,0.0,0.0,1.6237379312515259,0.0,0.0,2.5521230697631836,0.0,0.0,0.0003743806155398488,0.0,0.0,0.0,2.6598336696624756,4.309485912322998,1.3312093019485474,0.0,6.449960231781006,0.0,0.0,5.808462619781494,0.0,0.0,0.0,0.0,1.1553115844726562,0.25121524930000305,17.449951171875,0.0,6.064288139343262,0.0,0.0,1.234968900680542,0.0,1.3734462261199951,0.0,0.0,0.0,0.0,0.0,0.0,0.0,0.0,0.0,0.0,0.0,0.0,0.0,0.0,0.0,0.0,0.0,0.0,0.0,0.0,0.0,0.0,0.0,0.0,0.0,0.0,0.0,0.0,0.0,0.0,0.0,0.0,0.0,0.0,0.0,0.0,0.0,0.0,0.0,0.0,0.0,0.0,0.0,0.0,0.0,0.0,0.0,0.0,0.0,0.0,0.0,0.0,0.0,0.0,0.0,0.0,0.029349982738494873,0.0,0.36761367321014404,0.0,0.0,0.0,0.07403980195522308,0.0,0.0,0.0,0.0,13.587218284606934,0.0,0.25121524930000305,0.0,0.7024829983711243,0.14713281393051147,0.05673324316740036,0.0802847146987915,0.0,0.0,0.0,0.0,0.0,0.0,0.0,3.0406806468963623,0.0,0.0,0.0,0.0,0.0,0.0,0.0,0.5056338906288147,0.0,0.0,0.0,0.0,0.0,0.0,0.0,0.0,0.0,0.0,0.0,0.0,0.0,0.0,0.0,0.0,0.0,0.0,0.00858196523040533,0.0,0.0,0.0,0.0,0.0,0.0,0.0,0.0,0.0,0.0,0.0,0.0,0.0,0.0,0.0,0.0,0.0,14.793733596801758,0.0,0.0,0.0,0.0,0.0,0.0,0.0,0.0,14.659306526184082,0.0,0.0,0.0,0.0,0.0,0.0,0.0,0.0,0.0,0.0,0.0,0.0,0.0,0.0,0.0,0.0,0.0,0.0,0.0,0.0,0.0,0.0,0.0,0.0,0.0,0.0,0.0,0.0,0.0,0.0,0.0,0.0,0.0,0.0,0.0,0.0,0.0,0.0,0.0,0.0,0.0,0.0,0.0,0.0,0.0,0.0,0.0,0.0,0.0,0.0,0.0,0.0,0.0,0.0,0.0,0.0,0.0,0.0,0.0,0.0,0.0,0.0,0.0,0.0,0.0,0.0,0.0,0.0,0.0,0.0,0.0,0.0,0.0,0.0,0.0,0.0,0.0,0.0,0.0,0.0,0.0,0.0,0.0,0.0,0.0,0.0,0.0,0.0,0.0,0.0,0.0,0.0,0.0,0.0,0.0,0.0,0.0,0.0,0.0,0.0,0.0,0.0,0.0,0.0,0.0,0.0,0.0,0.0,0.0,0.0,0.0,0.0,0.0
5113,2.1013245582580566,3.0249414443969727,0.10302076488733292,0.12981341779232025,0.5055446624755859,0.6337824463844299,0.4914228618144989,0.3702349364757538,1.750533103942871,18.865556716918945,0.21552419662475586,8.113201141357422,16.476062774658203,0.3488679528236389,1.1226929426193237,1.079254388809204,0.0,0.0,0.0,0.0,0.8306055665016174,0.8306055665016174,0.0,14.5708646774292,2.090636730194092,11.338595390319824,2.7387189865112305,3.0927228927612305,0.0,3.6170942783355713,0.0,0.1293729692697525,0.0,0.0,0.0,19.05044174194336,0.0,0.0,0.0,1.395890474319458,1.8542464971542358,7.1699700355529785,0.0,20.321210861206055,10.099869728088379,0.42150354385375977,1.7678802013397217,1.4062891006469727,6.884864807128906,8.853975296020508,1.1860309839248657,3.3324999809265137,2.4838473796844482,0.0,0.8422832489013672,1.2076094150543213,0.0,0.0,0.0,2.5495002269744873,0.40129828453063965,0.7955491542816162,0.0,2.1302127838134766,11.652551651000977,0.2572898268699646,2.406963348388672,2.103508234024048,0.0,2.831266403198242,23.526519775390625,38.47745895385742,22.069541931152344,0.0,0.0,259.8579406738281,0.0,0.0,257.0356140136719,54.01128005981445,29.906763076782227,0.0,15.709248542785645,32.312557220458984,0.0,0.0,0.0,0.4302304983139038,83.64506530761719,0.0,37.054203033447266,18.814411163330078,1.6652387380599976,0.8449695706367493,7.140719413757324,0.0,2.467838764190674,0.35297539830207825,0.25236478447914124,0.0062334234826266766,0.9336296916007996,0.23394350707530975,0.0,0.0,87.86441802978516,127.806884765625,42.047760009765625,9.144519805908203,48.761512756347656,0.0,0.0,27.37427520751953,0.0,0.0,1.491817831993103,1.8460066318511963,1.1553115844726562,0.25121524930000305,33.735557556152344,0.0,41.45738983154297,8.79280948638916,2.098562479019165,17.7469425201416,9.344831466674805,29.60361671447754,0.0,0.0,0.0,0.0,0.0,2.343430995941162,0.0,0.0,0.0,0.0,0.0,0.0,0.03971993178129196,5.534585475921631,0.0,0.0,0.0,2.2399299144744873,0.0,0.1346936672925949,0.0,0.0,0.9484705328941345,0.0,0.0,0.0,0.0,0.0,0.0,0.0,0.0,0.0,0.0,0.0,0.0,0.0,0.0,0.0,0.0,0.0,0.0,0.731479823589325,0.0,0.0,0.0,0.0,0.0,0.0,0.0,1.4392939805984497,0.0,0.0,0.0,0.0,0.0,0.0,3.0578408241271973,0.23923729360103607,5.186729907989502,0.0,0.0,0.06761603057384491,0.732563853263855,0.0,0.0,0.0,0.38936322927474976,11.880448341369629,0.0,3.89809250831604,0.0,9.053418159484863,2.6362626552581787,2.497722864151001,1.125674843788147,0.0,0.0,0.32105353474617004,14.763203620910645,0.0,0.32105353474617004,0.0,21.52788734436035,0.0,0.0,0.0,0.2981135845184326,0.0,0.0,0.0,58.854530334472656,0.0,0.0,0.0,0.0,0.0,0.0,0.0,0.0,0.0,0.0,0.0,0.0,0.0,1.2119739055633545,0.0,0.0,0.0,0.0,2.2788467407226562,0.0,0.0,0.0,11.496445655822754,0.0,0.0,0.22191910445690155,0.4201822578907013,0.0,0.0,0.0,0.0,0.4140922725200653,0.7313812971115112,1.8952627182006836,2.761321783065796,0.0,2.4945623874664307,0.1829243004322052,0.0,0.4201822578907013,0.0,0.276560515165329,0.0,0.0,0.0,12.465496063232422,0.0,0.0,0.0,0.0,0.0,0.0,0.0,0.0,0.0,0.0,0.0,0.0,0.0,0.0,0.0,0.0,0.0,0.0,0.0,0.0,0.0,0.0,0.0,0.0,0.0,0.0,0.0,0.0,0.0,0.0,0.0,0.0,0.0,0.0,0.0,0.0,0.0,0.0,0.0,0.0,0.0,0.0,0.0,0.0,0.0,0.0,0.0,0.0,0.0,0.0,0.0,0.0,0.0,0.0,0.0,0.0,0.0,0.0,0.0,0.0,0.0,0.0,0.0,0.0,0.0,0.0,0.0,0.0,0.0,0.0,0.0,0.0,0.0,0.0,0.0,0.0,0.0,0.0,0.0,0.0,0.0,0.0,0.0,0.0,0.0,0.0,0.0,0.0,0.0,0.0,0.0,0.0,0.0,0.0,0.0,0.0,0.0,0.0,0.0,0.0,0.0,0.0,0.0,0.0,0.0,0.0,0.0,0.0,0.0,0.0,0.0,0.0,0.0
5114,0.0,0.0,0.0,0.0,0.0,0.0,0.0,0.0,0.0,0.0,0.0,0.0,0.0,0.0,0.0,0.0,0.0,0.0,0.0,0.0,0.0,0.0,0.0,0.0,0.0,0.0,0.0,0.0,0.0,0.0,0.0,0.0,0.0,0.0,0.0,0.0,0.0,0.0,0.0,0.0,0.0,0.0,0.0,0.0,0.0,0.0,0.0,0.0,0.0,0.0,0.0,0.0,0.0,0.0,0.0,0.0,0.0,0.0,0.0,0.0,0.0,0.0,0.0,0.0,0.0,0.0,0.0,0.0,0.0,0.0,0.0,0.0,0.0,0.0,0.0,0.0,0.0,0.0,0.0,0.0,0.0,0.0,0.0,0.0,0.0,0.0,0.0,0.0,0.0,0.0,0.0,0.0,0.0,0.0,0.0,0.0,0.0,0.0,0.0,0.0,0.0,0.0,0.0,0.0,0.0,0.0,0.0,0.0,0.0,0.0,0.0,0.0,0.0,0.0,0.0,0.0,0.0,0.0,0.0,0.0,0.0,0.0,0.0,0.0,0.0,0.0,0.0,0.0,0.0,0.0,0.0,0.0,0.0,0.0,0.0,0.0,0.0,0.0,0.0,0.0,0.0,0.0,0.0,0.0,0.0,0.0,0.0,0.0,0.0,0.0,0.0,0.0,0.0,0.0,0.0,0.0,0.0,0.0,0.0,0.0,0.0,0.0,0.0,0.0,0.0,0.0,0.0,0.0,0.0,0.0,0.0,0.0,0.0,0.0,0.0,0.0,0.0,0.0,0.0,0.0,0.0,0.0,0.0,0.0,0.0,0.0,0.0,0.0,0.0,0.0,0.0,0.0,0.0,0.0,0.0,0.0,0.0,0.0,0.0,0.0,0.0,0.0,0.0,0.0,0.0,0.0,0.0,0.0,0.0,0.0,0.0,0.0,0.0,0.0,0.0,0.0,0.0,0.0,0.0,0.0,0.0,0.0,0.0,0.0,0.0,0.0,0.0,0.0,0.0,0.0,0.0,0.0,0.0,0.0,0.0,0.0,0.0,0.0,0.0,0.0,0.0,0.0,0.0,0.0,0.0,0.0,0.0,0.0,0.0,0.0,0.0,0.0,0.0,0.0,0.0,0.0,0.0,0.0,0.0,0.0,0.0,0.0,0.0,0.0,0.0,0.0,0.0,0.0,0.0,0.0,0.0,0.0,0.0,0.0,0.0,0.0,0.0,0.0,0.0,0.0,0.0,0.0,0.0,0.0,0.0,0.0,0.0,0.0,0.0,0.0,0.0,0.0,0.0,0.0,0.0,0.0,0.0,0.0,0.0,0.0,0.0,0.0,0.0,0.0,0.0,0.0,0.0,0.0,0.0,0.0,0.0,0.0,0.0,0.0,0.0,0.0,0.0,0.0,0.0,0.0,0.0,0.0,0.0,0.0,0.0,0.0,0.0,0.0,0.0,0.0,0.0,0.0,0.0,0.0,0.0,0.0,0.0,0.0,0.0,0.0,0.0,0.0,0.0,0.0,0.0,0.0,0.0,0.0,0.0,0.0,0.0,0.0,0.0,0.0,0.0,0.0,0.0,0.0,0.0,0.0,0.0,0.0,0.0,0.0,0.0,0.0,0.0,0.0,0.0,0.0,0.0,0.0,0.0,0.0,0.0,0.0
5115,0.0,0.0,0.2734801173210144,0.2051066756248474,0.4452100396156311,1.4450962543487549,0.650899350643158,0.36103829741477966,1.2719510793685913,5.0477213859558105,0.6054316759109497,3.335609197616577,6.643945693969727,0.0,0.0,0.36103829741477966,0.0,0.0,0.0,0.0,0.8306055665016174,0.8306055665016174,0.0,5.82558536529541,0.7587652206420898,3.9240787029266357,0.6784381866455078,1.2984490394592285,0.0,0.0,0.0,0.0,0.0,0.0,0.0,0.7340229153633118,0.0,0.0,0.0,0.0,0.0,0.29747724533081055,0.0,0.6364224553108215,0.3159259259700775,0.0,0.0,0.0,0.0,0.37274518609046936,0.0,0.32807299494743347,0.3591139316558838,0.0,0.0,0.0,0.0,0.0,0.0,0.0,0.0,0.0,0.0,0.14974337816238403,0.5444607734680176,0.0,0.0,0.0,0.0,0.0,0.5450427532196045,0.7421762943267822,0.5450427532196045,0.0,0.0,79.21644592285156,0.0,0.0,331.22900390625,456.789794921875,237.04812622070312,0.0,7.534626483917236,27.7977294921875,0.0,0.0,0.0,0.8604609966278076,37.054203033447266,0.0,259.33587646484375,0.9631953239440918,0.0,0.0,0.5408855676651001,0.0,0.0,0.9446268677711487,0.0,0.0,0.0011172732338309288,0.0,0.0,0.0,27.140457153320312,35.08237838745117,12.026779174804688,4.013274669647217,14.761129379272461,0.0,0.0,19.37272834777832,0.0,0.0,0.8023325800895691,0.8835195899009705,1.742366075515747,0.32300058007240295,39.95743179321289,0.0,5.629602432250977,0.0,1.1286532878875732,3.149740695953369,0.40730637311935425,1.7283604145050049,0.0,0.0,0.0,0.0,0.0,0.0,0.0,0.0,0.0,0.0,0.0,0.0,0.0,0.0,0.0,0.0,0.0,0.0,0.0,0.0,0.0,0.0,0.0,0.0,0.0,0.0,0.0,0.0,0.0,0.0,0.0,0.0,0.0,0.0,0.0,0.0,0.0,0.0,0.0,0.0,0.0,0.0,0.0,0.0,0.0,0.0,0.0,0.0,0.0,0.0,0.0,0.0,0.0,0.0,0.0,0.0,0.5865757465362549,0.10253766924142838,2.6778275966644287,0.0,0.0,0.024934042245149612,0.5539286136627197,0.0,0.0,0.0,0.08752856403589249,15.134521484375,0.0,0.7534913420677185,0.0,5.2743353843688965,1.2551321983337402,0.983470618724823,0.35293978452682495,0.0,0.0,0.0,4.252089500427246,0.0,0.0,0.0,8.59179401397705,0.0,0.0,0.0,0.0,0.0,0.0,0.0,4.328277587890625,0.0,0.0,0.0,0.0,0.0,0.0,0.0,0.0,0.0,0.0,0.0,0.0,0.0,0.0,0.0,0.0,0.0,0.0,0.5513647198677063,0.0,0.0,0.0,6.031484127044678,0.0,0.0,0.0874527096748352,0.1498951017856598,0.0,0.0,0.0,0.0,0.9393273591995239,1.7665153741836548,1.8952627182006836,3.0062294006347656,0.0,3.1663243770599365,0.0,0.0,0.1498951017856598,0.0,0.4532565176486969,0.0,0.0,0.0,28.111949920654297,0.0,0.0,0.0,0.0,0.0,0.0,0.0,0.0,0.0,0.0,0.0,0.0,0.0,0.0,0.0,0.0,0.0,0.0,0.0,0.0,0.0,0.0,0.0,0.0,0.0,0.0,0.0,0.0,0.0,0.0,0.0,0.0,0.0,0.0,0.0,0.0,0.0,0.0,0.0,0.0,0.0,0.0,0.0,0.0,0.0,0.0,0.0,0.0,0.0,0.0,0.0,0.0,0.0,0.0,0.0,0.0,0.0,0.0,0.0,0.0,0.0,0.0,0.0,0.0,0.0,0.0,0.0,0.0,0.0,0.0,0.0,0.0,0.0,0.0,0.0,0.0,0.0,0.0,0.0,0.0,0.0,0.0,0.0,0.0,0.0,0.0,0.0,0.0,0.0,0.0,0.0,0.0,0.0,0.0,0.0,0.0,0.0,0.0,0.0,0.0,0.0,0.0,0.0,0.0,0.0,0.0,0.0,0.0,0.0,0.0,0.0,0.0,0.0
5116,0.539866030216217,1.2175383567810059,3.8452963829040527,28.700645446777344,75.12245178222656,10.750164985656738,58.11316680908203,20.921907424926758,109.57475280761719,379.8936462402344,64.95278930664062,66.1994857788086,298.5559387207031,7.775113105773926,16.5089111328125,33.242488861083984,4.989124774932861,5.523807048797607,3.268203020095825,0.0,14.932124137878418,14.029109001159668,0.0,47.520992279052734,24.47576141357422,113.47006225585938,60.630516052246094,57.52714920043945,0.0,2.8358840942382812,0.0,2.2525441646575928,0.0,0.0,0.0,7.229682445526123,0.0,0.0,0.0,0.18320302665233612,0.18503831326961517,0.4255986213684082,0.0,8.680384635925293,18.70846939086914,0.0,0.0,0.27742841839790344,4.119361877441406,8.975101470947266,0.6375365257263184,0.6858644485473633,0.5326724648475647,0.0,1.0490491390228271,1.0425034761428833,0.0,0.0,0.0,2.605370283126831,0.0,3.6832661628723145,0.0,1.7022936344146729,12.845348358154297,1.0780407190322876,3.8980512619018555,3.1292150020599365,0.0,4.685525417327881,16.438499450683594,34.04570770263672,16.438499450683594,0.0,0.0,19.581815719604492,0.0,0.0,58.76475143432617,9.717610359191895,5.386913299560547,0.0,3.9403557777404785,7.010717391967773,0.0,0.0,0.0,0.16503813862800598,18.814411163330078,0.0,0.9631953239440918,23.326581954956055,4.447859764099121,0.2286015748977661,2.3314740657806396,0.0,0.6522393822669983,4.308535575866699,0.7039711475372314,0.556035041809082,35.34895324707031,0.0,0.0,0.0,15.431145668029785,14.287290573120117,3.558197259902954,1.4840703010559082,58.02098846435547,0.0,0.0,12.262093544006348,0.0,0.0,0.2110796868801117,0.2954218089580536,0.0,0.0,2.4982662200927734,0.0,0.05326443910598755,0.6919045448303223,2.7367494106292725,3.266528606414795,0.9976599812507629,1.1347570419311523,0.0,0.0,0.0,0.0,1.2068722248077393,1.3905823230743408,0.0,0.0,0.0,0.0,0.0,0.0,0.1427023708820343,5.8333282470703125,0.4056780934333801,0.32955190539360046,0.0,26.853670120239258,0.0,3.3939168453216553,0.967003583908081,1.2092063426971436,2.4600703716278076,0.16934391856193542,0.0,0.0,2.4533159732818604,0.0,0.0,1.7509864568710327,0.0,3.8486621379852295,0.0,0.0,0.8407987952232361,0.0,0.20634019374847412,0.0,0.04955475777387619,0.0,0.0,1.8919782638549805,0.0,0.0880546048283577,0.0,0.0,0.0,2.1090199947357178,0.0,2.1081368923187256,0.0,0.16993854939937592,1.9885629415512085,0.0,0.0,0.0,14.71502685546875,1.3952867984771729,16.805784225463867,0.0,0.0,7.347078800201416,28.592971801757812,0.0,0.0,0.0,2.9600539207458496,83.50556182861328,0.0,284.2095642089844,0.0,72.01956939697266,34.69160842895508,17.1529483795166,65.94718933105469,0.0,0.0,5.165452003479004,36.4991455078125,0.0,7.0913848876953125,0.0,81.02566528320312,0.0,0.0,0.0,2.1344516277313232,0.0,0.0,0.0,185.26695251464844,0.0,0.0,0.0,0.0,0.0,0.0,0.0,0.0,0.0,0.0,0.0,0.0,0.0,3.6913809776306152,0.0,0.5435543060302734,0.0,0.0,12.692334175109863,0.0,0.0,0.0,11.817441940307617,1.3765028715133667,0.0,2.952359437942505,2.4811487197875977,0.0,0.0,0.0,0.0,13.642450332641602,24.10245704650879,3.7608187198638916,19.808547973632812,0.0,0.5442800521850586,1.7129877805709839,0.0,2.8078527450561523,0.42617687582969666,7.596302032470703,0.0,0.0,0.0,0.9700808525085449,0.0,0.0,0.0,0.0,0.0,0.0,0.0,0.0,0.0,0.0,0.0,0.0,0.0,0.0,0.0,0.0,0.0,0.0,0.0,0.0,0.0,0.0,0.0,0.0,0.0,0.0,0.0,0.0,0.0,0.0,0.0,0.0,0.0,0.0,0.0,0.0,0.0,0.0,0.0,0.0,0.0,0.0,0.0,0.0,0.0,0.0,0.0,0.0,0.0,0.0,0.0,0.0,0.0,0.0,0.0,0.0,0.0,0.0,0.0,0.0,0.0,0.0,0.0,0.0,0.0,0.0,0.0,0.0,0.0,0.0,0.0,0.0,0.0,0.0,0.0,0.0,0.0,0.0,0.0,0.0,0.0,0.0,0.0,0.0,0.0,0.0,0.0,0.0,0.0,0.0,0.0,0.0,0.0,0.0,0.0,0.0,0.0,0.0,0.0,0.0,0.0,0.0,0.0,0.0,0.0,0.0,0.0,0.0,0.0,0.0,0.0,0.0,0.0
5117,0.0,0.0,0.8302409648895264,0.3632122874259949,3.0991051197052,4.937903881072998,14.767420768737793,2.1587374210357666,3.1213364601135254,208.7873992919922,9.218194961547852,19.01203155517578,50.627586364746094,1.3581275939941406,0.0,12.715360641479492,0.0,0.0,0.0,0.0,1.1511919498443604,1.1511919498443604,0.0,27.267744064331055,1.910961627960205,20.138736724853516,2.7892279624938965,2.3150362968444824,0.0,0.0,0.0,0.0,0.0,0.0,0.0,5.3423638343811035,0.0,0.0,0.0,0.0,0.0,1.007128119468689,0.0,8.769972801208496,6.799366474151611,0.0,0.0,0.0,0.0,2.3989195823669434,0.0,0.0,0.0,0.0,0.0,0.0,0.0,0.0,0.0,0.0,0.0,0.0,0.0,0.0,4.849661350250244,0.0,2.3360166549682617,1.7300316095352173,0.0,0.0,6.799366474151611,15.666139602661133,6.799366474151611,0.0,0.0,2.993065118789673,0.0,0.0,3.306471347808838,0.6891025304794312,0.33164238929748535,0.0,0.2782553434371948,0.503257691860199,0.0,0.0,0.0,0.0,1.6652387380599976,0.0,0.0,4.447859764099121,0.0,0.0,0.0,0.0,0.0,0.3912467658519745,0.0,0.0,0.0,0.0,0.0,0.0,2.4099888801574707,3.540085554122925,1.1119295358657837,2.025280475616455,26.597789764404297,0.0,0.0,2.2422192096710205,0.0,0.0,0.0,0.0,0.0,0.0,0.0,0.0,1.4966695308685303,0.32349345088005066,0.0,0.0,0.0,0.0,0.0,0.0,0.0,0.0,6.470398426055908,0.0,0.0,0.0,0.0,0.0,0.0,0.0,0.0,0.0,0.0,0.0,0.0,0.0,0.0,0.0,0.0,0.0,3.0763144493103027,0.0,0.0,0.0,3.6959753036499023,0.0,0.0,0.0,0.0,0.0,0.0,0.0,0.0,0.0,0.0,0.0,0.0,0.0,0.0,2.3824667930603027,0.0,0.0,0.0,0.0,0.0,0.0,0.0,0.0,0.0,0.0,0.0,0.0,0.0,0.0,9.604400634765625,0.0,9.604400634765625,0.0,0.0,1.4493608474731445,7.133574485778809,0.0,0.0,0.0,1.3416444063186646,10.533319473266602,0.0,41.165096282958984,0.0,9.99315071105957,3.486393451690674,1.4493024349212646,7.383090972900391,0.0,0.0,0.0,5.202708721160889,0.0,0.0,0.0,43.74238967895508,0.0,0.0,0.0,0.0,0.0,0.0,0.0,28.85268211364746,0.0,0.0,0.0,0.0,0.0,0.0,0.0,0.0,0.0,0.0,0.0,0.0,0.0,0.0,0.0,0.0,0.0,0.0,7.607479572296143,0.0,0.0,0.0,9.522764205932617,0.0,0.0,1.4968162775039673,1.2529964447021484,0.0,0.0,0.0,0.0,2.334524631500244,5.800335884094238,4.91533088684082,8.845233917236328,0.0,0.0,0.0,0.0,1.2529964447021484,0.0,2.385608434677124,0.0,0.0,0.0,0.4149300456047058,0.0,0.0,0.0,0.0,0.0,0.0,0.0,0.0,0.0,0.0,0.0,0.0,0.0,0.0,0.0,0.0,0.0,0.0,0.0,0.0,0.0,0.0,0.0,0.0,0.0,0.0,0.0,0.0,0.0,0.0,0.0,0.0,0.0,0.0,0.0,0.0,0.0,0.0,0.0,0.0,0.0,0.0,0.0,0.0,0.0,0.0,0.0,0.0,0.0,0.0,0.0,0.0,0.0,0.0,0.0,0.0,0.0,0.0,0.0,0.0,0.0,0.0,0.0,0.0,0.0,0.0,0.0,0.0,0.0,0.0,0.0,0.0,0.0,0.0,0.0,0.0,0.0,0.0,0.0,0.0,0.0,0.0,0.0,0.0,0.0,0.0,0.0,0.0,0.0,0.0,0.0,0.0,0.0,0.0,0.0,0.0,0.0,0.0,0.0,0.0,0.0,0.0,0.0,0.0,0.0,0.0,0.0,0.0,0.0,0.0,0.0,0.0,0.0
5118,0.0,0.0,0.07377063482999802,0.138337180018425,0.2663664221763611,0.292992502450943,0.5349598526954651,1.6163746118545532,1.123857855796814,37.42293167114258,1.1586331129074097,1.5385534763336182,11.273577690124512,0.09542573243379593,1.2970091104507446,3.1156387329101562,0.11658111959695816,0.15909473598003387,0.0,0.0,0.14839528501033783,0.3256925642490387,0.0,0.12755151093006134,0.22790871560573578,0.7742742300033569,0.13692724704742432,0.08577638864517212,0.0,0.002523064613342285,0.0,0.0021466610487550497,0.0,0.0,0.0,0.07746881991624832,0.0,0.0,0.0,0.0,0.0,0.0,0.0,0.15642963349819183,0.05661139264702797,0.0,0.0,0.0,0.0,0.0,0.0,0.0,0.0,0.0,0.0,0.0,0.0,0.0,0.0,0.0,0.0,0.0,0.0,0.0,0.11529839783906937,0.0,0.0,0.0,0.0,0.0,0.11658111959695816,0.15874671936035156,0.1384844034910202,0.0,0.0,1.1492903232574463,0.0,0.0,1.2721225023269653,0.0,0.0,0.0,0.0,0.0,0.0,0.0,0.0,0.0,0.8449695706367493,0.0,0.0,0.2286015748977661,0.0,0.0,1.2934255599975586,0.0,0.17888715863227844,0.5069904923439026,0.8915984034538269,0.0,1.9906762838363647,0.0,0.0,0.0,1.0164846181869507,1.6476625204086304,0.5082423090934753,1.6850920915603638,22.47126579284668,0.0,0.0,2.091707706451416,0.0,0.0,0.0,0.0,0.0,0.0,0.0,0.0,0.9605454802513123,0.3554413914680481,0.0,0.0,0.0,0.0,0.0,0.0,0.0,0.0,0.039128489792346954,0.0,0.0,0.0,0.0,0.0,0.0,0.0,0.0,0.0,0.0,0.0,0.0,0.16037079691886902,0.0,0.0,0.0,0.0,0.659040093421936,0.0,0.0,0.0,0.39567333459854126,0.0,0.0,0.6747260689735413,0.0,0.1828109323978424,0.0,0.0,0.0,0.0,0.0,0.0,0.0,0.0,0.0,0.04393383488059044,0.0,0.0,0.0,0.0,0.0,0.0,0.0,0.0,0.0,0.0,0.0,0.0,0.0,0.0,0.3582425117492676,0.0,0.3582425117492676,0.0,0.0,0.08241891860961914,0.3675941228866577,0.0,0.0,0.0,0.08936452865600586,0.8480783104896545,0.0,2.0463173389434814,0.0,1.0278129577636719,0.5580624938011169,0.49182984232902527,1.8193992376327515,0.0,0.0,0.0,0.30271992087364197,0.0,0.0,0.0,1.3649051189422607,0.0,0.0,0.0,0.0,0.0,0.0,0.0,3.8348634243011475,0.0,0.0,0.0,0.0,0.0,0.0,0.0,0.0,0.0,0.0,0.0,0.0,0.0,0.0,0.0,0.0,0.0,0.0,0.26400691270828247,0.0,0.0,0.0,0.022300755605101585,0.0,0.0,0.1015843003988266,0.09431902319192886,0.0,0.0,0.0,0.0,0.21210023760795593,0.37873461842536926,0.091852106153965,0.3030151426792145,0.0,0.0,0.0,0.0,0.09431902319192886,0.0,0.1290537565946579,0.0,0.0,0.0,0.9606876373291016,0.0,0.0,0.0,0.0,0.0,0.0,0.0,0.0,0.0,0.0,0.0,0.0,0.0,0.0,0.0,0.0,0.0,0.0,0.0,0.0,0.0,0.0,0.0,0.0,0.0,0.0,0.0,0.0,0.0,0.0,0.0,0.0,0.0,0.0,0.0,0.0,0.0,0.0,0.0,0.0,0.0,0.0,0.0,0.0,0.0,0.0,0.0,0.0,0.0,0.0,0.0,0.0,0.0,0.0,0.0,0.0,0.0,0.0,0.0,0.0,0.0,0.0,0.0,0.0,0.0,0.0,0.0,0.0,0.0,0.0,0.0,0.0,0.0,0.0,0.0,0.0,0.0,0.0,0.0,0.0,0.0,0.0,0.0,0.0,0.0,0.0,0.0,0.0,0.0,0.0,0.0,0.0,0.0,0.0,0.0,0.0,0.0,0.0,0.0,0.0,0.0,0.0,0.0,0.0,0.0,0.0,0.0,0.0,0.0,0.0,0.0,0.0,0.0
5119,0.0,0.0,0.702725350856781,6.095555782318115,1.63836669921875,1.7390903234481812,1.941329002380371,0.005289962515234947,2.7412796020507812,0.2915174067020416,0.5546498894691467,4.182981014251709,2.964596748352051,0.026459159329533577,0.8157334327697754,0.07327615469694138,3.202418804168701,0.0019260483095422387,0.002433073241263628,0.0,1.4846051931381226,1.784307837486267,0.0,0.9032970666885376,1.4669257402420044,2.5360825061798096,4.443295001983643,0.8928350210189819,0.0,0.40791958570480347,0.0,0.2541307806968689,0.0,0.0,0.0,0.2189708650112152,0.0,0.0,0.0,0.276797354221344,0.036333151161670685,0.08826784044504166,0.0,2.6066954135894775,3.6741998195648193,0.0,0.0,0.0,0.0,0.974753737449646,0.08853141218423843,1.1030489206314087,0.6037074327468872,0.0,0.0,0.0,0.0,0.0,0.0,0.0,0.0,0.0,0.0,0.20698364078998566,3.562282085418701,0.0,0.14003339409828186,0.12890498340129852,0.0,0.17126113176345825,4.210154056549072,8.58415699005127,3.1316378116607666,0.0,0.0,11.022381782531738,0.0,0.0,7.281091213226318,11.861326217651367,2.141824960708618,0.0,0.8405576348304749,0.5011460185050964,0.0,0.0,0.0,1.6237379312515259,7.140719413757324,0.0,0.5408855676651001,2.3314740657806396,0.0,1.2934255599975586,8.257328033447266,0.0,4.259294033050537,10.17127513885498,0.005207700654864311,0.5598953366279602,0.0016846464714035392,0.0,0.0,0.0,5.609642028808594,6.8156256675720215,2.5184664726257324,7.996592998504639,116.30989837646484,0.0,0.0,9.465890884399414,0.0,0.0,0.43253064155578613,0.47629785537719727,0.0,0.0,5.008764743804932,0.0,5.934976577758789,2.023594617843628,0.6084473133087158,0.3218367397785187,0.0,0.25172528624534607,0.0,0.0,0.0,0.0,0.32425710558891296,0.0,0.0,0.0,0.0,0.0,0.0,0.0,0.0,1.4911487102508545,0.5543574094772339,0.0,0.0,9.51508903503418,0.0,0.0,0.0,1.7615394592285156,7.945089340209961,0.0,0.0,0.0,6.217192649841309,0.0,0.0,3.0600979328155518,0.0,1.4702084064483643,0.0,0.0,0.19549846649169922,0.0,0.0,0.0,0.0,0.0,0.0,0.5650643706321716,0.0,0.0,0.0,0.0,0.0,0.0,0.0,0.29559603333473206,0.0,0.0,0.1359400451183319,0.0,0.0,0.0,1.4188542366027832,0.07943287491798401,1.8346961736679077,0.0,0.0,0.20576460659503937,0.6199843287467957,0.0,0.0,0.0,0.22003650665283203,0.5790483951568604,0.0,7.770023822784424,0.0,2.437324285507202,1.2967103719711304,0.8261055946350098,3.668924570083618,0.0,0.0,0.11836914718151093,1.8147634267807007,0.0,0.11836914718151093,0.0,7.069053649902344,0.0,0.0,0.0,0.150992289185524,0.0,0.0,0.0,138.47946166992188,0.0,0.0,0.0,0.0,0.0,0.0,0.0,0.0,0.0,0.0,0.0,0.0,0.0,0.18640342354774475,0.0,0.0,0.0,0.0,1.0397744178771973,0.0,0.0,0.0,2.307877779006958,0.008959880098700523,0.0,0.4978610575199127,0.3744716942310333,0.0,0.0,0.0,0.0,2.1610753536224365,0.020479511469602585,0.8776741027832031,0.011314825154840946,0.0,1.6551457643508911,0.08096323162317276,0.0,0.46646198630332947,0.001042077550664544,0.018467947840690613,0.0,0.0,0.0,4.08830451965332,0.0,0.0,0.0,0.0,0.0,0.0,0.0,0.0,0.0,0.0,0.0,0.0,0.0,0.0,0.0,0.0,0.0,0.0,0.0,0.0,0.0,0.0,0.0,0.0,0.0,0.0,0.0,0.0,0.0,0.0,0.0,0.0,0.0,0.0,0.0,0.0,0.0,0.0,0.0,0.0,0.0,0.0,0.0,0.0,0.0,0.0,0.0,0.0,0.0,0.0,0.0,0.0,0.0,0.0,0.0,0.0,0.0,0.0,0.0,0.0,0.0,0.0,0.0,0.0,0.0,0.0,0.0,0.0,0.0,0.0,0.0,0.0,0.0,0.0,0.0,0.0,0.0,0.0,0.0,0.0,0.0,0.0,0.0,0.0,0.0,0.0,0.0,0.0,0.0,0.0,0.0,0.0,0.0,0.0,0.0,0.0,0.0,0.0,0.0,0.0,0.0,0.0,0.0,0.0,0.0,0.0,0.0,0.0,0.0,0.0,0.0,0.0,0.0
5120,0.0,0.0,0.0,0.0,0.0,0.0,0.0,0.0,0.0,0.0,0.0,0.0,0.0,0.0,0.0,0.0,0.0,0.0,0.0,0.0,0.0,0.0,0.0,0.0,0.0,0.0,0.0,0.0,0.0,0.0,0.0,0.0,0.0,0.0,0.0,0.0,0.0,0.0,0.0,0.0,0.0,0.0,0.0,0.0,0.0,0.0,0.0,0.0,0.0,0.0,0.0,0.0,0.0,0.0,0.0,0.0,0.0,0.0,0.0,0.0,0.0,0.0,0.0,0.0,0.0,0.0,0.0,0.0,0.0,0.0,0.0,0.0,0.0,0.0,0.0,0.0,0.0,0.0,0.0,0.0,0.0,0.0,0.0,0.0,0.0,0.0,0.0,0.0,0.0,0.0,0.0,0.0,0.0,0.0,0.0,0.0,0.0,0.0,0.0,0.0,0.0,0.0,0.0,0.0,0.0,0.0,0.0,0.0,0.0,0.0,0.0,0.0,0.0,0.0,0.0,0.0,0.0,0.0,0.0,0.0,0.0,0.0,0.0,0.0,0.0,0.0,0.0,0.0,0.0,0.0,0.0,0.0,0.0,0.0,0.0,0.0,0.0,0.0,0.0,0.0,0.0,0.0,0.0,0.0,0.0,0.0,0.0,0.0,0.0,0.0,0.0,0.0,0.0,0.0,0.0,0.0,0.0,0.0,0.0,0.0,0.0,0.0,0.0,0.0,0.0,0.0,0.0,0.0,0.0,0.0,0.0,0.0,0.0,0.0,0.0,0.0,0.0,0.0,0.0,0.0,0.0,0.0,0.0,0.0,0.0,0.0,0.0,0.0,0.0,0.0,0.0,0.0,0.0,0.0,0.0,0.0,0.0,0.0,0.0,0.0,0.0,0.0,0.0,0.0,0.0,0.0,0.0,0.0,0.0,0.0,0.0,0.0,0.0,0.0,0.0,0.0,0.0,0.0,0.0,0.0,0.0,0.0,0.0,0.0,0.0,0.0,0.0,0.0,0.0,0.0,0.0,0.0,0.0,0.0,0.0,0.0,0.0,0.0,0.0,0.0,0.0,0.0,0.0,0.0,0.0,0.0,0.0,0.0,0.0,0.0,0.0,0.0,0.0,0.0,0.0,0.0,0.0,0.0,0.0,0.0,0.0,0.0,0.0,0.0,0.0,0.0,0.0,0.0,0.0,0.0,0.0,0.0,0.0,0.0,0.0,0.0,0.0,0.0,0.0,0.0,0.0,0.0,0.0,0.0,0.0,0.0,0.0,0.0,0.0,0.0,0.0,0.0,0.0,0.0,0.0,0.0,0.0,0.0,0.0,0.0,0.0,0.0,0.0,0.0,0.0,0.0,0.0,0.0,0.0,0.0,0.0,0.0,0.0,0.0,0.0,0.0,0.0,0.0,0.0,0.0,0.0,0.0,0.0,0.0,0.0,0.0,0.0,0.0,0.0,0.0,0.0,0.0,0.0,0.0,0.0,0.0,0.0,0.0,0.0,0.0,0.0,0.0,0.0,0.0,0.0,0.0,0.0,0.0,0.0,0.0,0.0,0.0,0.0,0.0,0.0,0.0,0.0,0.0,0.0,0.0,0.0,0.0,0.0,0.0,0.0,0.0,0.0,0.0,0.0,0.0,0.0,0.0,0.0,0.0,0.0,0.0
5121,0.0,0.0,0.45946234464645386,3.9034337997436523,2.395059585571289,2.51961612701416,14.368611335754395,2.806864023208618,8.755341529846191,11.358917236328125,5.585264205932617,2.4389262199401855,12.348297119140625,0.14812923967838287,1.794407844543457,1.6674860715866089,0.3365236222743988,0.25911417603492737,0.08537285029888153,0.0,0.5105547308921814,0.5392616987228394,0.0,0.7326284646987915,0.7908516526222229,2.3150362968444824,1.1080735921859741,1.1138314008712769,0.0,0.22903354465961456,0.0,0.19078464806079865,0.0,0.0,0.0,0.42024171352386475,0.0,0.0,0.0,0.18687885999679565,0.0,0.04972951114177704,0.0,1.339996576309204,2.298365831375122,0.0,0.0,0.0,0.0,0.3098464906215668,0.06992455571889877,0.5571261048316956,0.4788148105144501,0.0,0.0,0.0,0.0,0.0,0.0,0.0,0.0,0.0,0.0,0.13898155093193054,2.0555107593536377,0.0,0.1895679086446762,0.17450299859046936,0.0,0.23184195160865784,2.961599111557007,5.993860244750977,2.775437116622925,0.0,0.0,5.6517558097839355,0.0,0.0,5.012600898742676,3.1973085403442383,1.282840371131897,0.0,0.0,0.5978409051895142,0.0,0.0,0.0,0.0,2.467838764190674,0.0,0.0,0.6522393822669983,0.0,0.17888715863227844,4.259294033050537,0.0,3.268203020095825,6.354713439941406,2.101520299911499,0.7385255098342896,6.329448223114014,0.0,0.0,0.0,3.9024136066436768,5.905449867248535,1.381174087524414,5.617973327636719,87.42927551269531,0.0,0.0,8.718606948852539,0.0,0.0,0.0,0.0,0.0,0.0,1.7196696996688843,0.0,7.109167575836182,0.8303954601287842,0.0,0.347139835357666,0.0,0.0,0.0,0.0,0.0,0.0,0.2698807120323181,0.0,0.0,0.0,0.0,0.0,0.0,0.0,0.0,0.0,0.06682630628347397,0.0,0.0,0.8506695628166199,0.0,0.0,0.0,0.07976869493722916,0.49822407960891724,0.0,0.0,0.0,0.5438543558120728,0.0,0.0,0.3246777653694153,0.0,0.21267449855804443,0.0,0.0,0.05497945472598076,0.0,0.0,0.0,0.0,0.0,0.0,0.06418585032224655,0.0,0.0,0.0,0.0,0.0,0.0,0.0,0.07047384977340698,0.0,0.0,0.0,0.0,0.0,0.0,1.3813635110855103,0.1483307033777237,1.5296941995620728,0.0,0.0,2.209894895553589,8.298849105834961,0.0,0.0,0.0,0.16004249453544617,6.993417739868164,0.0,16.72112274169922,0.0,4.966954231262207,2.045562982559204,0.9348651766777039,4.841059684753418,0.0,0.0,0.4625577926635742,2.7557783126831055,0.0,0.4625577926635742,0.0,14.459378242492676,0.0,0.0,0.0,0.3275396227836609,0.0,0.0,0.0,21.14664649963379,0.0,0.0,0.0,0.0,0.0,0.0,0.0,0.0,0.0,0.0,0.0,0.0,0.0,0.4323636591434479,0.0,0.0,0.0,0.0,1.258876085281372,0.0,0.0,0.0,1.1313371658325195,0.0,0.0,0.3331798017024994,0.2998521029949188,0.0,0.0,0.0,0.0,2.0903468132019043,3.149587869644165,0.4189189076423645,2.392765760421753,0.0,0.6604169607162476,0.0,0.0,0.2998521029949188,0.008506538346409798,1.9195747375488281,0.0,0.0,0.0,2.8746914863586426,0.0,0.0,0.0,0.0,0.0,0.0,0.0,0.0,0.0,0.0,0.0,0.0,0.0,0.0,0.0,0.0,0.0,0.0,0.0,0.0,0.0,0.0,0.0,0.0,0.0,0.0,0.0,0.0,0.0,0.0,0.0,0.0,0.0,0.0,0.0,0.0,0.0,0.0,0.0,0.0,0.0,0.0,0.0,0.0,0.0,0.0,0.0,0.0,0.0,0.0,0.0,0.0,0.0,0.0,0.0,0.0,0.0,0.0,0.0,0.0,0.0,0.0,0.0,0.0,0.0,0.0,0.0,0.0,0.0,0.0,0.0,0.0,0.0,0.0,0.0,0.0,0.0,0.0,0.0,0.0,0.0,0.0,0.0,0.0,0.0,0.0,0.0,0.0,0.0,0.0,0.0,0.0,0.0,0.0,0.0,0.0,0.0,0.0,0.0,0.0,0.0,0.0,0.0,0.0,0.0,0.0,0.0,0.0,0.0,0.0,0.0,0.0,0.0
5122,0.10218991339206696,0.12612389028072357,3.3662898540496826,39.22230911254883,17.87757682800293,19.65564727783203,143.48806762695312,26.210256576538086,95.81973266601562,115.70708465576172,54.362552642822266,49.90294647216797,68.32258605957031,1.836816668510437,14.450324058532715,34.520565032958984,1.1949076652526855,2.0125813484191895,1.2290351390838623,0.0,7.668128490447998,8.657934188842773,0.0,4.460293769836426,10.13005542755127,31.617822647094727,9.939207077026367,7.94134521484375,0.0,1.7432066202163696,0.0,1.4935376644134521,0.0,0.0,0.0,1.0043518543243408,0.0,0.0,0.0,0.021225666627287865,0.024913234636187553,0.22548788785934448,0.0,3.1875176429748535,6.690261363983154,0.0,0.0,0.0,0.7014663219451904,2.561617612838745,0.07399500161409378,0.3885872960090637,0.13807500898838043,0.0,0.16722172498703003,0.25394460558891296,0.0,0.0,0.0,0.1473471224308014,0.0,0.08809103816747665,0.0,0.31305038928985596,4.69714879989624,0.0,1.7502480745315552,1.3566874265670776,0.0,2.360908031463623,7.515926361083984,12.23112678527832,5.339752674102783,0.0,0.0,29.93303680419922,0.0,0.0,6.085106372833252,243.0834503173828,9.104771614074707,0.0,0.40982556343078613,3.192606210708618,0.0,0.0,0.0,2.5521230697631836,0.35297539830207825,0.0,0.9446268677711487,4.308535575866699,0.3912467658519745,0.5069904923439026,10.17127513885498,0.0,6.354713439941406,47.721168518066406,9.801730155944824,4.724536895751953,10.690258026123047,0.0,0.0,0.0,0.2908249795436859,1.0044177770614624,0.13399016857147217,18.50447654724121,53.283416748046875,0.0,0.0,16.768287658691406,0.0,0.0,0.09283439815044403,0.2617185413837433,0.0,0.0,2.450500726699829,0.0,14.02956771850586,4.351718902587891,0.21828852593898773,0.3720923066139221,0.0,0.351947546005249,0.0,0.0,0.0,0.0,1.1557230949401855,0.09175026416778564,0.0,0.0,0.0,0.0,0.0,0.0,0.013063399121165276,0.4192371070384979,0.06457949429750443,0.06636916846036911,0.0,5.810606956481934,0.0,0.3362848162651062,0.0,0.10099556297063828,0.15220357477664948,0.0,0.0,0.0,0.13452953100204468,0.0,0.0,0.09147348254919052,0.0,0.8660624623298645,0.0,0.0,0.1581590622663498,0.0,0.07170601189136505,0.0,0.0,0.0,0.0,0.3258376717567444,0.0,0.0,0.0,0.0,0.0,0.0,0.0,0.34673041105270386,0.0,0.0,0.1835005283355713,0.0,0.0,0.0,10.26203727722168,0.9569843411445618,10.65070915222168,0.0,0.0,26.63141632080078,103.9995346069336,0.0,0.0,0.0,1.9409242868423462,72.30445098876953,0.0,44.704345703125,0.0,58.344486236572266,27.344867706298828,18.5703182220459,82.783447265625,0.0,0.0,0.6285899877548218,6.519084930419922,0.0,0.6285899877548218,0.0,21.836206436157227,0.0,0.0,0.0,1.0343317985534668,0.0,0.0,0.0,81.67339324951172,0.0,0.0,0.0,0.0,0.0,0.0,0.0,0.0,0.0,0.0,0.0,0.0,0.0,2.7463293075561523,0.0,0.06606364250183105,0.0,0.0,8.915188789367676,0.0,0.0,0.0,9.005873680114746,0.13994921743869781,0.0,2.2487454414367676,1.991851568222046,0.0,0.0,0.0,0.0,12.782744407653809,20.882938385009766,2.586864709854126,17.19013214111328,0.0,0.2299463301897049,0.13289961218833923,0.0,1.991851568222046,0.1864859014749527,16.141202926635742,0.0,0.0,0.0,0.15074211359024048,0.0,0.0,0.0,0.0,0.0,0.0,0.0,0.0,0.0,0.0,0.0,0.0,0.0,0.0,0.0,0.0,0.0,0.0,0.0,0.0,0.0,0.0,0.0,0.0,0.0,0.0,0.0,0.0,0.0,0.0,0.0,0.0,0.0,0.0,0.0,0.0,0.0,0.0,0.0,0.0,0.0,0.0,0.0,0.0,0.0,0.0,0.0,0.0,0.0,0.0,0.0,0.0,0.0,0.0,0.0,0.0,0.0,0.0,0.0,0.0,0.0,0.0,0.0,0.0,0.0,0.0,0.0,0.0,0.0,0.0,0.0,0.0,0.0,0.0,0.0,0.0,0.0,0.0,0.0,0.0,0.0,0.0,0.0,0.0,0.0,0.0,0.0,0.0,0.0,0.0,0.0,0.0,0.0,0.0,0.0,0.0,0.0,0.0,0.0,0.0,0.0,0.0,0.0,0.0,0.0,0.0,0.0,0.0,0.0,0.0,0.0,0.0,0.0
5123,0.0,0.0,0.7334640026092529,6.074815273284912,6.860911846160889,4.079404830932617,18.823911666870117,6.608811855316162,18.255855560302734,97.19120788574219,13.159632682800293,11.105173110961914,41.25410461425781,0.577806830406189,3.356679916381836,7.96485710144043,0.43492400646209717,0.41321060061454773,0.14767014980316162,0.0,2.10981822013855,2.2901358604431152,0.0,2.1350479125976562,3.307663679122925,13.60490608215332,4.204570293426514,2.5337514877319336,0.0,0.36998122930526733,0.0,0.31613072752952576,0.0,0.0,0.0,0.33263304829597473,0.0,0.0,0.0,0.010019668377935886,0.0,0.011584692634642124,0.0,1.1426546573638916,3.2251899242401123,0.0,0.0,0.0,0.0,0.13123862445354462,0.024109946563839912,0.02472858875989914,0.01047623623162508,0.0,0.0,0.0,0.0,0.0,0.0,0.0,0.0,0.0,0.0,0.0659123957157135,2.5684072971343994,0.0,0.08938592672348022,0.08228244632482529,0.0,0.10931917279958725,3.4408252239227295,7.536574363708496,3.436610221862793,0.0,0.0,0.3946358859539032,0.0,0.0,0.3457763195037842,3.3971996307373047,0.10913824290037155,0.0,0.0,0.04098993167281151,0.0,0.0,0.0,0.0,0.25236478447914124,0.0,0.0,0.7039711475372314,0.0,0.8915984034538269,0.005207700654864311,0.0,2.101520299911499,9.801730155944824,3.268203020095825,0.8190334439277649,0.5648991465568542,0.0,0.0,0.0,1.5997780561447144,2.092327117919922,0.4872547388076782,0.5723969340324402,11.936227798461914,0.0,0.0,8.577597618103027,0.0,0.0,0.0,0.0,0.0,0.0,1.5555071830749512,0.0,1.7649613618850708,0.08551185578107834,0.0,0.1039377823472023,0.0,0.0,0.0,0.0,0.0,0.0,0.25728151202201843,0.0,0.0,0.0,0.0,0.0,0.0,0.0,0.0,0.0,0.17469343543052673,0.0,0.0,3.3117635250091553,0.0,0.0,0.0,0.4251865744590759,0.7890705466270447,0.0,0.0,0.0,0.6244080066680908,0.0,0.0,0.4922923445701599,0.0,0.1711329221725464,0.0,0.0,0.04432667791843414,0.0,0.0,0.0,0.0,0.0,0.0,0.05132325738668442,0.0,0.0,0.0,0.0,0.0,0.0,0.0,0.04624208062887192,0.0,0.0,0.0,0.0,0.0,0.0,2.2179698944091797,0.274099737405777,2.644235134124756,0.0,0.0,4.23945426940918,19.96270751953125,0.0,0.0,0.0,0.3106679916381836,12.507609367370605,0.0,17.281587600708008,0.0,11.088135719299316,5.110526084899902,2.712941884994507,9.777587890625,0.0,0.0,0.3426331877708435,2.1192197799682617,0.0,0.3958157002925873,0.0,9.107575416564941,0.0,0.0,0.0,0.48744434118270874,0.0,0.0,0.0,4.5387864112854,0.0,0.0,0.0,0.0,0.0,0.0,0.0,0.0,0.0,0.0,0.0,0.0,0.0,0.7612979412078857,0.0,0.0,0.0,0.0,2.530426502227783,0.0,0.0,0.0,1.6774259805679321,0.0,0.0,0.56894451379776,0.28609544038772583,0.0,0.0,0.0,0.0,2.2166740894317627,3.940915584564209,0.5444774031639099,3.132934331893921,0.0,0.15449658036231995,0.0,0.0,0.45170167088508606,0.016302986070513725,2.754120349884033,0.0,0.0,0.0,0.9567577838897705,0.0,0.0,0.0,0.0,0.0,0.0,0.0,0.0,0.0,0.0,0.0,0.0,0.0,0.0,0.0,0.0,0.0,0.0,0.0,0.0,0.0,0.0,0.0,0.0,0.0,0.0,0.0,0.0,0.0,0.0,0.0,0.0,0.0,0.0,0.0,0.0,0.0,0.0,0.0,0.0,0.0,0.0,0.0,0.0,0.0,0.0,0.0,0.0,0.0,0.0,0.0,0.0,0.0,0.0,0.0,0.0,0.0,0.0,0.0,0.0,0.0,0.0,0.0,0.0,0.0,0.0,0.0,0.0,0.0,0.0,0.0,0.0,0.0,0.0,0.0,0.0,0.0,0.0,0.0,0.0,0.0,0.0,0.0,0.0,0.0,0.0,0.0,0.0,0.0,0.0,0.0,0.0,0.0,0.0,0.0,0.0,0.0,0.0,0.0,0.0,0.0,0.0,0.0,0.0,0.0,0.0,0.0,0.0,0.0,0.0,0.0,0.0,0.0
5124,0.0,0.0,0.35359328985214233,2.563908100128174,1.6330029964447021,1.9228941202163696,8.853032112121582,1.5847316980361938,5.920994758605957,13.288917541503906,3.213981866836548,6.1532979011535645,12.919953346252441,0.15984128415584564,0.8973897099494934,2.7846145629882812,0.17078141868114471,0.15984128415584564,0.16452845931053162,0.0,0.7087683081626892,1.0969895124435425,0.0,0.5248273611068726,0.7493318915367126,3.7441601753234863,0.8116958737373352,0.7224727869033813,0.0,0.11522626876831055,0.0,0.11007707566022873,0.0,0.0,0.0,0.12689365446567535,0.0,0.0,0.0,0.0,0.0,0.0,0.0,0.2134052962064743,0.07760617136955261,0.0,0.0,0.0,0.0,0.0,0.0,0.0,0.0,0.0,0.0,0.0,0.0,0.0,0.0,0.0,0.0,0.0,0.0,0.0,0.15805771946907043,0.0,0.0,0.0,0.0,0.0,0.15981614589691162,0.21761919558048248,0.15981614589691162,0.0,0.0,0.01699458807706833,0.0,0.0,0.010913179256021976,3.666795492172241,0.13260240852832794,0.0,0.0,0.0,0.0,0.0,0.0,0.0,0.0062334234826266766,0.0,0.0,0.556035041809082,0.0,0.0,0.5598953366279602,0.0,0.7385255098342896,4.724536895751953,0.8190334439277649,0.0,0.5696452260017395,0.0,0.0,0.0,0.017663734033703804,0.12492573261260986,0.008745585568249226,0.49942129850387573,2.7946343421936035,0.0,0.0,3.6521964073181152,0.0,0.0,0.0,0.0,0.0,0.0,0.0,0.0,0.7018053531646729,0.19559131562709808,0.0,0.0,0.0,0.0,0.0,0.0,0.0,0.0,0.07416173070669174,0.0,0.0,0.0,0.0,0.0,0.0,0.0,0.0,0.0,0.0,0.0,0.0,0.5372529029846191,0.0,0.0,0.0,0.0,0.26294025778770447,0.0,0.0,0.0,0.19433870911598206,0.0,0.0,0.1972842663526535,0.0,0.06335993111133575,0.0,0.0,0.0,0.0,0.0,0.0,0.0,0.0,0.0,0.019541427493095398,0.0,0.0,0.0,0.0,0.0,0.0,0.0,0.03886357322335243,0.0,0.0,0.0,0.0,0.0,0.0,0.7821735143661499,0.0,1.0164685249328613,0.0,0.0,2.542477607727051,10.372635841369629,0.0,0.0,0.0,0.23832571506500244,6.532461166381836,0.0,7.586499214172363,0.0,4.79941987991333,2.0624492168426514,1.2784168720245361,5.475248336791992,0.0,0.0,0.0,1.005279541015625,0.0,0.0,0.0,5.8673930168151855,0.0,0.0,0.0,0.0,0.0,0.0,0.0,1.3543431758880615,0.0,0.0,0.0,0.0,0.0,0.0,0.0,0.0,0.0,0.0,0.0,0.0,0.0,0.0,0.0,0.0,0.0,0.0,0.8009653091430664,0.0,0.0,0.0,0.1911919265985489,0.0,0.0,0.2510431110858917,0.21258914470672607,0.0,0.0,0.0,0.0,0.8540516495704651,1.7123486995697021,0.2613157331943512,1.4397556781768799,0.0,0.0,0.0,0.0,0.22549323737621307,0.0,1.2962844371795654,0.0,0.0,0.0,0.01576189324259758,0.0,0.0,0.0,0.0,0.0,0.0,0.0,0.0,0.0,0.0,0.0,0.0,0.0,0.0,0.0,0.0,0.0,0.0,0.0,0.0,0.0,0.0,0.0,0.0,0.0,0.0,0.0,0.0,0.0,0.0,0.0,0.0,0.0,0.0,0.0,0.0,0.0,0.0,0.0,0.0,0.0,0.0,0.0,0.0,0.0,0.0,0.0,0.0,0.0,0.0,0.0,0.0,0.0,0.0,0.0,0.0,0.0,0.0,0.0,0.0,0.0,0.0,0.0,0.0,0.0,0.0,0.0,0.0,0.0,0.0,0.0,0.0,0.0,0.0,0.0,0.0,0.0,0.0,0.0,0.0,0.0,0.0,0.0,0.0,0.0,0.0,0.0,0.0,0.0,0.0,0.0,0.0,0.0,0.0,0.0,0.0,0.0,0.0,0.0,0.0,0.0,0.0,0.0,0.0,0.0,0.0,0.0,0.0,0.0,0.0,0.0,0.0,0.0
5125,0.0,0.0,4.553666114807129,1.1462128162384033,41.123355865478516,33.00222396850586,5.79392671585083,6.578684329986572,5.106698513031006,120.42298126220703,8.927702903747559,53.20465850830078,297.4605407714844,4.513372898101807,3.395324468612671,10.042198181152344,13.829428672790527,12.852176666259766,6.512104511260986,0.0,10.251230239868164,13.772542953491211,0.0,13.348637580871582,28.91008949279785,89.37430572509766,35.316375732421875,26.79629135131836,0.0,3.59505295753479,0.0,2.1050400733947754,0.0,0.0,0.0,11.737772941589355,0.0,0.0,0.0,0.5959720611572266,0.6290059089660645,0.8327493667602539,0.0,19.91282081604004,23.473163604736328,0.0,0.0,0.0,4.221156597137451,15.148224830627441,1.2862013578414917,1.3197132349014282,0.6715861558914185,0.0,0.0,0.0,0.0,0.0,0.0,2.1370656490325928,0.0,3.5746028423309326,0.0,3.3312160968780518,27.16758155822754,1.0039902925491333,6.697871685028076,5.445834159851074,0.0,8.116847038269043,31.406564712524414,57.44321823120117,24.76787757873535,0.0,0.0,0.05472403019666672,0.0,0.0,1.2949200868606567,0.022585606202483177,0.005719402339309454,0.0,0.004017280880361795,0.008230029605329037,0.0,0.0,0.0,0.0003743806155398488,0.9336296916007996,0.0,0.0011172732338309288,35.34895324707031,0.0,1.9906762838363647,0.0016846464714035392,0.0,6.329448223114014,10.690258026123047,0.5648991465568542,0.5696452260017395,1.7209219932556152,0.0,0.0,0.0,64.73190307617188,10.259071350097656,0.009454889222979546,3.5257296562194824,134.31285095214844,0.0,0.0,172.07643127441406,0.0,0.0,0.0,0.0,0.0,0.0,3.058241844177246,0.0,209.7083740234375,62.27587890625,0.0,0.0023514500353485346,0.0,12.457863807678223,0.0,0.0,0.0,0.0,0.041276056319475174,5.543309211730957,0.0,0.0,0.0,0.0,0.0,0.0,0.0,2.2856879234313965,0.1563206911087036,0.0,0.0,26.694581985473633,0.0,0.6885806322097778,0.0,0.3492635190486908,1.0400930643081665,0.0,0.0,0.0,1.095456600189209,0.0,0.0,0.6990031599998474,0.0,1.891903281211853,0.0,0.0,12.103006362915039,0.0,0.0,0.0,0.0,0.0,0.0,0.9040980935096741,0.0,0.0,0.0,0.0,0.0,0.0,0.0,31.53824806213379,0.0,0.0,0.14834748208522797,0.0,0.0,0.0,69.13321685791016,5.701371669769287,74.99011993408203,0.0,0.0,75.39866638183594,397.1866149902344,0.0,0.0,0.0,12.394678115844727,548.7139282226562,0.0,1452.1162109375,0.0,513.4388427734375,214.10897827148438,90.807861328125,500.4377746582031,0.0,0.0,47.52081298828125,288.236083984375,0.0,47.52081298828125,0.0,92.33084869384766,0.0,0.0,0.0,8.12677001953125,0.0,0.0,0.0,19.55678367614746,0.0,0.0,0.0,0.0,0.0,0.0,0.0,0.0,0.0,0.0,0.0,0.0,0.0,9.540901184082031,0.0,0.0,0.0,0.0,57.43668746948242,0.0,0.0,0.0,60.24809265136719,1.4687951803207397,0.0,13.561766624450684,12.621826171875,0.0,0.0,0.0,0.0,9.922187805175781,18.6080379486084,2.131758213043213,14.019081115722656,0.0,0.0007184830028563738,0.11631634086370468,0.0,12.621826171875,0.5136849880218506,16.955373764038086,0.0,0.0,0.0,0.0017751413397490978,0.0,0.0,0.0,0.0,0.0,0.0,0.0,0.0,0.0,0.0,0.0,0.0,0.0,0.0,0.0,0.0,0.0,0.0,0.0,0.0,0.0,0.0,0.0,0.0,0.0,0.0,0.0,0.0,0.0,0.0,0.0,0.0,0.0,0.0,0.0,0.0,0.0,0.0,0.0,0.0,0.0,0.0,0.0,0.0,0.0,0.0,0.0,0.0,0.0,0.0,0.0,0.0,0.0,0.0,0.0,0.0,0.0,0.0,0.0,0.0,0.0,0.0,0.0,0.0,0.0,0.0,0.0,0.0,0.0,0.0,0.0,0.0,0.0,0.0,0.0,0.0,0.0,0.0,0.0,0.0,0.0,0.0,0.0,0.0,0.0,0.0,0.0,0.0,0.0,0.0,0.0,0.0,0.0,0.0,0.0,0.0,0.0,0.0,0.0,0.0,0.0,0.0,0.0,0.0,0.0,0.0,0.0,0.0,0.0,0.0,0.0,0.0,0.0
5126,0.0,0.0,0.0,0.0,0.2896789312362671,0.20621317625045776,1.005030632019043,0.0,0.3641623556613922,2.030768632888794,0.0,0.19688916206359863,1.366486668586731,0.0,0.0,0.0,0.0,0.0,0.0,0.0,0.0,0.0,0.0,0.0,0.0,0.8222910165786743,0.0,0.0,0.0,0.0,0.0,0.0,0.0,0.0,0.0,0.0,0.0,0.0,0.0,0.0,0.0,0.0,0.0,0.0,0.0,0.0,0.0,0.0,0.0,0.0,0.0,0.0,0.0,0.0,0.0,0.0,0.0,0.0,0.0,0.0,0.0,0.0,0.0,0.0,0.0,0.0,0.0,0.0,0.0,0.0,0.0,0.0,0.0,0.0,0.0,0.2589235305786133,0.0,0.0,0.3364493250846863,0.0,0.0,0.0,0.0,0.0,0.0,0.0,0.0,0.0,0.23394350707530975,0.0,0.0,0.0,0.0,0.0,0.0,0.0,0.0,0.0,0.0,0.0,0.0,0.0,0.0,0.0,0.24094407260417938,0.23055996000766754,0.0,0.08252904564142227,1.5653812885284424,0.0,0.0,0.27159813046455383,0.0,0.0,0.0,0.0,0.0,0.0,0.0,0.0,0.0,0.0,0.0,0.0,0.0,0.0,0.0,0.0,0.0,0.0,0.0,0.0,0.0,0.0,0.0,0.0,0.0,0.0,0.0,0.0,0.0,0.0,0.0,0.0,0.0,0.0,0.0,0.0,0.0,0.0,0.0,0.0,0.0,0.0,0.0,0.0,0.0,0.0,0.0,0.0,0.0,0.0,0.0,0.0,0.0,0.0,0.0,0.0,0.0,0.0,0.0,0.0,0.0,0.0,0.0,0.0,0.0,0.0,0.0,0.0,0.0,0.0,0.08249504119157791,0.0,0.08698728680610657,0.0,0.0,0.0,0.7187747955322266,0.0,0.0,0.0,0.0,1.5417946577072144,0.0,3.021204948425293,0.0,1.2529149055480957,0.29507145285606384,0.17130723595619202,0.9255788326263428,0.0,0.0,0.0,0.0,0.0,0.0,0.0,0.5458589196205139,0.0,0.0,0.0,0.0,0.0,0.0,0.0,0.4337015748023987,0.0,0.0,0.0,0.0,0.0,0.0,0.0,0.0,0.0,0.0,0.0,0.0,0.0,0.0,0.0,0.0,0.0,0.0,0.15126681327819824,0.0,0.0,0.0,0.0,0.0,0.0,0.0,0.0,0.0,0.0,0.0,0.0,0.0,0.0744841918349266,0.0,0.16660010814666748,0.0,0.0,0.0,0.0,0.0,0.0,0.0,0.0,0.0,0.0,0.0,0.0,0.0,0.0,0.0,0.0,0.0,0.0,0.0,0.0,0.0,0.0,0.0,0.0,0.0,0.0,0.0,0.0,0.0,0.0,0.0,0.0,0.0,0.0,0.0,0.0,0.0,0.0,0.0,0.0,0.0,0.0,0.0,0.0,0.0,0.0,0.0,0.0,0.0,0.0,0.0,0.0,0.0,0.0,0.0,0.0,0.0,0.0,0.0,0.0,0.0,0.0,0.0,0.0,0.0,0.0,0.0,0.0,0.0,0.0,0.0,0.0,0.0,0.0,0.0,0.0,0.0,0.0,0.0,0.0,0.0,0.0,0.0,0.0,0.0,0.0,0.0,0.0,0.0,0.0,0.0,0.0,0.0,0.0,0.0,0.0,0.0,0.0,0.0,0.0,0.0,0.0,0.0,0.0,0.0,0.0,0.0,0.0,0.0,0.0,0.0,0.0,0.0,0.0,0.0,0.0,0.0,0.0,0.0,0.0,0.0,0.0,0.0,0.0
5127,0.0,0.0,0.0,0.0,0.0,0.0,0.0,0.0,0.0,0.0,0.0,0.0,0.0,0.0,0.0,0.0,0.0,0.0,0.0,0.0,0.0,0.0,0.0,0.0,0.0,0.0,0.0,0.0,0.0,0.0,0.0,0.0,0.0,0.0,0.0,0.0,0.0,0.0,0.0,0.0,0.0,0.0,0.0,0.0,0.0,0.0,0.0,0.0,0.0,0.0,0.0,0.0,0.0,0.0,0.0,0.0,0.0,0.0,0.0,0.0,0.0,0.0,0.0,0.0,0.0,0.0,0.0,0.0,0.0,0.0,0.0,0.0,0.0,0.0,0.0,0.0,0.0,0.0,0.0,0.0,0.0,0.0,0.0,0.0,0.0,0.0,0.0,0.0,0.0,0.0,0.0,0.0,0.0,0.0,0.0,0.0,0.0,0.0,0.0,0.0,0.0,0.0,0.0,0.0,0.0,0.0,0.0,0.0,0.0,0.0,0.0,0.0,0.0,0.0,0.0,0.0,0.0,0.0,0.0,0.0,0.0,0.0,0.0,0.0,0.0,0.0,0.0,0.0,0.0,0.0,0.0,0.0,0.0,0.0,0.0,0.0,0.0,0.0,0.0,0.0,0.0,0.0,0.0,0.0,0.0,0.0,0.0,0.0,0.0,0.0,0.0,0.0,0.0,0.0,0.0,0.0,0.0,0.0,0.0,0.0,0.0,0.0,0.0,0.0,0.0,0.0,0.0,0.0,0.0,0.0,0.0,0.0,0.0,0.0,0.0,0.0,0.0,0.0,0.0,0.0,0.0,0.0,0.0,0.0,0.0,0.0,0.0,0.0,0.0,0.0,0.0,0.0,0.0,0.0,0.0,0.0,0.0,0.0,0.0,0.0,0.0,0.0,0.0,0.0,0.0,0.0,0.0,0.0,0.0,0.0,0.0,0.0,0.0,0.0,0.0,0.0,0.0,0.0,0.0,0.0,0.0,0.0,0.0,0.0,0.0,0.0,0.0,0.0,0.0,0.0,0.0,0.0,0.0,0.0,0.0,0.0,0.0,0.0,0.0,0.0,0.0,0.0,0.0,0.0,0.0,0.0,0.0,0.0,0.0,0.0,0.0,0.0,0.0,0.0,0.0,0.0,0.0,0.0,0.0,0.0,0.0,0.0,0.0,0.0,0.0,0.0,0.0,0.0,0.0,0.0,0.0,0.0,0.0,0.0,0.0,0.0,0.0,0.0,0.0,0.0,0.0,0.0,0.0,0.0,0.0,0.0,0.0,0.0,0.0,0.0,0.0,0.0,0.0,0.0,0.0,0.0,0.0,0.0,0.0,0.0,0.0,0.0,0.0,0.0,0.0,0.0,0.0,0.0,0.0,0.0,0.0,0.0,0.0,0.0,0.0,0.0,0.0,0.0,0.0,0.0,0.0,0.0,0.0,0.0,0.0,0.0,0.0,0.0,0.0,0.0,0.0,0.0,0.0,0.0,0.0,0.0,0.0,0.0,0.0,0.0,0.0,0.0,0.0,0.0,0.0,0.0,0.0,0.0,0.0,0.0,0.0,0.0,0.0,0.0,0.0,0.0,0.0,0.0,0.0,0.0,0.0,0.0,0.0,0.0,0.0,0.0,0.0,0.0,0.0,0.0,0.0,0.0,0.0,0.0,0.0,0.0
5128,0.0,0.0,0.0,0.0,0.0,0.0,0.0,0.0,0.0,0.0,0.0,0.0,0.0,0.0,0.0,0.0,0.0,0.0,0.0,0.0,0.0,0.0,0.0,0.0,0.0,0.0,0.0,0.0,0.0,0.0,0.0,0.0,0.0,0.0,0.0,0.0,0.0,0.0,0.0,0.0,0.0,0.0,0.0,0.0,0.0,0.0,0.0,0.0,0.0,0.0,0.0,0.0,0.0,0.0,0.0,0.0,0.0,0.0,0.0,0.0,0.0,0.0,0.0,0.0,0.0,0.0,0.0,0.0,0.0,0.0,0.0,0.0,0.0,0.0,0.0,0.0,0.0,0.0,0.0,0.0,0.0,0.0,0.0,0.0,0.0,0.0,0.0,0.0,0.0,0.0,0.0,0.0,0.0,0.0,0.0,0.0,0.0,0.0,0.0,0.0,0.0,0.0,0.0,0.0,0.0,0.0,0.0,0.0,0.0,0.0,0.0,0.0,0.0,0.0,0.0,0.0,0.0,0.0,0.0,0.0,0.0,0.0,0.0,0.0,0.0,0.0,0.0,0.0,0.0,0.0,0.0,0.0,0.0,0.0,0.0,0.0,0.0,0.0,0.0,0.0,0.0,0.0,0.0,0.0,0.0,0.0,0.0,0.0,0.0,0.0,0.0,0.0,0.0,0.0,0.0,0.0,0.0,0.0,0.0,0.0,0.0,0.0,0.0,0.0,0.0,0.0,0.0,0.0,0.0,0.0,0.0,0.0,0.0,0.0,0.0,0.0,0.0,0.0,0.0,0.0,0.0,0.0,0.0,0.0,0.0,0.0,0.0,0.0,0.0,0.0,0.0,0.0,0.0,0.0,0.0,0.0,0.0,0.0,0.0,0.0,0.0,0.0,0.0,0.0,0.0,0.0,0.0,0.0,0.0,0.0,0.0,0.0,0.0,0.0,0.0,0.0,0.0,0.0,0.0,0.0,0.0,0.0,0.0,0.0,0.0,0.0,0.0,0.0,0.0,0.0,0.0,0.0,0.0,0.0,0.0,0.0,0.0,0.0,0.0,0.0,0.0,0.0,0.0,0.0,0.0,0.0,0.0,0.0,0.0,0.0,0.0,0.0,0.0,0.0,0.0,0.0,0.0,0.0,0.0,0.0,0.0,0.0,0.0,0.0,0.0,0.0,0.0,0.0,0.0,0.0,0.0,0.0,0.0,0.0,0.0,0.0,0.0,0.0,0.0,0.0,0.0,0.0,0.0,0.0,0.0,0.0,0.0,0.0,0.0,0.0,0.0,0.0,0.0,0.0,0.0,0.0,0.0,0.0,0.0,0.0,0.0,0.0,0.0,0.0,0.0,0.0,0.0,0.0,0.0,0.0,0.0,0.0,0.0,0.0,0.0,0.0,0.0,0.0,0.0,0.0,0.0,0.0,0.0,0.0,0.0,0.0,0.0,0.0,0.0,0.0,0.0,0.0,0.0,0.0,0.0,0.0,0.0,0.0,0.0,0.0,0.0,0.0,0.0,0.0,0.0,0.0,0.0,0.0,0.0,0.0,0.0,0.0,0.0,0.0,0.0,0.0,0.0,0.0,0.0,0.0,0.0,0.0,0.0,0.0,0.0,0.0,0.0,0.0,0.0,0.0,0.0,0.0,0.0,0.0,0.0,0.0
5129,1.1100021600723267,1.1636592149734497,0.19730041921138763,0.10486628860235214,0.8515180945396423,0.4389192759990692,0.35578784346580505,2.099504232406616,0.4473108947277069,35.193695068359375,2.61673903465271,12.033661842346191,28.784589767456055,0.42278754711151123,0.8541669249534607,2.9525222778320312,0.0,0.14767014980316162,0.0,0.0,0.193374365568161,0.08823683857917786,0.0,2.8187875747680664,0.28781118988990784,0.5493789911270142,0.2651727795600891,0.2173687219619751,0.0,0.27161431312561035,0.0,0.033928703516721725,0.0,0.0,0.0,4.490546703338623,0.0,0.0,0.0,1.4306749105453491,1.9257076978683472,5.231184959411621,0.0,15.743227005004883,9.491473197937012,0.0,0.0,1.3503057956695557,5.176487445831299,7.819427967071533,1.098291039466858,5.09037446975708,3.596611499786377,0.0,1.2196263074874878,0.8743093013763428,0.0,0.0,0.0,2.2685728073120117,0.0,1.7303378582000732,0.0,2.5057928562164307,14.200860977172852,0.3725557029247284,2.8692243099212646,2.843285322189331,0.0,2.672515630722046,14.740912437438965,22.02718734741211,14.740912437438965,0.0,0.0,302.4994812011719,0.0,0.0,224.65687561035156,62.81612777709961,51.11505889892578,0.0,19.75904655456543,33.13127899169922,0.0,0.0,0.0,2.6598336696624756,87.86441802978516,0.0,27.140457153320312,15.431145668029785,2.4099888801574707,1.0164846181869507,5.609642028808594,0.0,3.9024136066436768,0.2908249795436859,1.5997780561447144,0.017663734033703804,64.73190307617188,0.24094407260417938,0.0,0.0,137.7253875732422,182.07269287109375,63.443336486816406,10.645613670349121,108.66948699951172,0.0,0.0,27.911684036254883,0.0,0.0,6.967886924743652,7.6729583740234375,3.0897867679595947,0.05653568357229233,6.788418769836426,0.0,12.911883354187012,2.564237356185913,9.801831245422363,30.4158992767334,4.355064392089844,12.673063278198242,0.0,0.0,0.0,0.0,0.136149063706398,1.2153239250183105,0.0,0.0,0.0,0.0,0.0,0.0,0.03423887863755226,3.181507110595703,0.0,0.0,0.0,4.099860191345215,0.0,0.19733770191669464,0.0,0.0,1.2585639953613281,0.0,0.0,0.0,0.5406977534294128,0.0,0.0,0.9220304489135742,0.0,1.3667759895324707,0.0,0.0,0.669257402420044,0.0,0.0,0.0,0.0,0.0,0.0,0.73482346534729,0.0,0.0,0.0,0.0,0.0,0.0,0.0,0.6825307607650757,0.0,0.0,1.2060132026672363,0.0,0.0,0.0,3.1770644187927246,0.16865754127502441,3.197033643722534,0.0,0.0,0.09072722494602203,0.6437146663665771,0.0,0.0,0.0,0.6222876310348511,3.3745031356811523,0.0,7.830367088317871,0.0,6.13901948928833,1.9217402935028076,1.657536268234253,4.703819274902344,0.0,0.0,0.7082588076591492,1.688148856163025,0.0,0.7082588076591492,0.0,23.83238410949707,0.0,0.0,0.0,0.4118220806121826,0.0,0.0,0.0,15.987370491027832,0.0,0.0,0.0,0.0,0.0,0.0,0.0,0.0,0.0,0.0,0.0,0.0,0.0,0.9722392559051514,0.0,0.0,0.0,0.0,1.5451716184616089,0.0,0.0,0.0,3.5319082736968994,0.0,0.0,0.2436991184949875,0.3572841286659241,0.0,0.0,0.0,0.0,0.9056212306022644,1.0350584983825684,0.38982927799224854,1.1746412515640259,0.0,8.271586418151855,0.26799970865249634,0.0,0.3572841286659241,0.0,0.3800874352455139,0.0,0.0,0.0,8.791032791137695,0.0,0.0,0.0,0.0,0.0,0.0,0.0,0.0,0.0,0.0,0.0,0.0,0.0,0.0,0.0,0.0,0.0,0.0,0.0,0.0,0.0,0.0,0.0,0.0,0.0,0.0,0.0,0.0,0.0,0.0,0.0,0.0,0.0,0.0,0.0,0.0,0.0,0.0,0.0,0.0,0.0,0.0,0.0,0.0,0.0,0.0,0.0,0.0,0.0,0.0,0.0,0.0,0.0,0.0,0.0,0.0,0.0,0.0,0.0,0.0,0.0,0.0,0.0,0.0,0.0,0.0,0.0,0.0,0.0,0.0,0.0,0.0,0.0,0.0,0.0,0.0,0.0,0.0,0.0,0.0,0.0,0.0,0.0,0.0,0.0,0.0,0.0,0.0,0.0,0.0,0.0,0.0,0.0,0.0,0.0,0.0,0.0,0.0,0.0,0.0,0.0,0.0,0.0,0.0,0.0,0.0,0.0,0.0,0.0,0.0,0.0,0.0,0.0
5130,1.2514556646347046,1.801520824432373,0.1150251179933548,0.14083075523376465,0.728400707244873,0.6163870096206665,0.6903889179229736,2.6801986694335938,0.9751390218734741,44.72348403930664,1.2367489337921143,7.45866584777832,28.35294532775879,0.6475123167037964,1.1816388368606567,3.750237464904785,1.566909670829773,0.5254659652709961,0.0,0.0,0.527163565158844,0.527163565158844,0.0,4.738943099975586,0.6296836137771606,2.4643726348876953,0.5067852139472961,0.40960949659347534,0.0,0.5083658695220947,0.0,0.039022140204906464,0.0,0.0,0.0,13.112621307373047,0.0,0.0,0.0,2.136312246322632,2.423231363296509,7.4219207763671875,0.0,23.18413543701172,13.7369966506958,0.0,0.0,1.5184192657470703,7.648942470550537,11.660192489624023,1.6951984167099,7.099423408508301,7.4111456871032715,0.0,1.816306710243225,2.0881645679473877,0.0,0.0,0.0,2.51412034034729,0.0,1.8754496574401855,0.0,3.7161378860473633,20.985837936401367,0.42003247141838074,3.891368865966797,3.8010520935058594,0.0,4.473124027252197,21.708391189575195,31.95879554748535,21.708391189575195,0.0,0.0,271.8896179199219,0.0,0.0,245.85089111328125,81.54582977294922,72.01487731933594,0.0,23.666545867919922,42.108394622802734,0.0,0.0,0.0,4.309485912322998,127.806884765625,0.0,35.08237838745117,14.287290573120117,3.540085554122925,1.6476625204086304,6.8156256675720215,0.0,5.905449867248535,1.0044177770614624,2.092327117919922,0.12492573261260986,10.259071350097656,0.23055996000766754,0.0,0.0,182.07269287109375,242.24781799316406,84.36217498779297,15.627707481384277,146.9689178466797,0.0,0.0,51.83106994628906,0.0,0.0,8.775029182434082,9.662962913513184,2.045473337173462,0.060799673199653625,10.990500450134277,0.0,18.451913833618164,3.5815179347991943,12.343964576721191,37.59404754638672,5.439802646636963,17.489171981811523,0.0,0.0,0.0,0.0,0.6261034607887268,1.3701990842819214,0.0,0.0,0.0,0.0,0.0,0.06716567277908325,0.07720424234867096,3.533444881439209,0.0,0.0,0.0,1.8370845317840576,0.0,2.8757872581481934,0.26879915595054626,0.0,1.7083402872085571,0.1047581285238266,0.0,0.0,1.0813955068588257,0.0,0.0,0.9220304489135742,0.0,1.3667759895324707,0.0,0.0,0.669257402420044,0.0,0.0,0.0,0.0,0.0,0.0,1.081700086593628,0.0,0.0,0.0,0.0,0.0,0.0,0.0,1.4458731412887573,0.0,0.0,1.2060132026672363,0.0,0.0,0.0,4.242726802825928,0.34063684940338135,4.242726802825928,0.0,0.0,0.19913485646247864,0.8393945097923279,0.0,0.0,0.0,0.793442964553833,3.7031023502349854,0.0,4.2612690925598145,0.0,9.01246166229248,2.7324905395507812,2.2516188621520996,5.068174362182617,0.0,0.0,0.64577317237854,4.875597953796387,0.0,0.64577317237854,0.0,29.38736915588379,0.0,0.0,0.0,0.6520031690597534,0.0,0.0,0.0,79.94612121582031,0.0,0.0,0.0,0.0,0.0,0.0,0.0,0.0,0.0,0.0,0.0,0.0,0.0,1.5606518983840942,0.0,0.0,0.0,0.0,2.1513705253601074,0.0,0.0,0.0,8.349594116210938,0.0,0.0,0.35897132754325867,0.5168429613113403,0.0,0.0,0.0,0.0,0.5821962952613831,0.8614907264709473,1.4581207036972046,1.200222373008728,0.0,11.886323928833008,0.37873050570487976,0.0,0.531121015548706,0.0,0.29260462522506714,0.0,0.0,0.0,12.01102352142334,0.0,0.0,0.0,0.0,0.0,0.0,0.0,0.0,0.0,0.0,0.0,0.0,0.0,0.0,0.0,0.0,0.0,0.0,0.0,0.0,0.0,0.0,0.0,0.0,0.0,0.0,0.0,0.0,0.0,0.0,0.0,0.0,0.0,0.0,0.0,0.0,0.0,0.0,0.0,0.0,0.0,0.0,0.0,0.0,0.0,0.0,0.0,0.0,0.0,0.0,0.0,0.0,0.0,0.0,0.0,0.0,0.0,0.0,0.0,0.0,0.0,0.0,0.0,0.0,0.0,0.0,0.0,0.0,0.0,0.0,0.0,0.0,0.0,0.0,0.0,0.0,0.0,0.0,0.0,0.0,0.0,0.0,0.0,0.0,0.0,0.0,0.0,0.0,0.0,0.0,0.0,0.0,0.0,0.0,0.0,0.0,0.0,0.0,0.0,0.0,0.0,0.0,0.0,0.0,0.0,0.0,0.0,0.0,0.0,0.0,0.0,0.0,0.0
5131,0.6050981879234314,0.5014566779136658,0.07233556360006332,0.029209211468696594,0.36708393692970276,0.19402268528938293,0.16537976264953613,0.8587957620620728,0.21701347827911377,16.673994064331055,1.292957067489624,1.6027657985687256,7.7115559577941895,0.2478797435760498,0.8599603772163391,0.8587957620620728,0.0,0.0,0.0,0.0,0.0422218032181263,0.0422218032181263,0.0,3.9026880264282227,0.07445048540830612,1.047541856765747,0.07639320939779282,0.07356126606464386,0.0,0.0,0.0,0.0,0.0,0.0,0.0,5.828646183013916,0.0,0.0,0.0,0.5832492709159851,0.8190169930458069,2.5355522632598877,0.0,8.081871032714844,5.02935791015625,0.0,0.0,0.0,2.788963794708252,3.9127349853515625,0.6678114533424377,2.567298650741577,1.8725898265838623,0.0,0.664857804775238,1.009659767150879,0.0,0.0,0.0,0.585838258266449,0.0,0.35024166107177734,0.0,1.2117596864700317,7.754454135894775,0.4302304983139038,1.6317628622055054,1.4488927125930786,0.0,1.6341015100479126,8.015796661376953,11.773866653442383,8.015796661376953,0.0,0.0,147.591552734375,0.0,0.0,101.99634552001953,28.114343643188477,26.502531051635742,0.0,8.110535621643066,18.65999412536621,0.0,0.0,0.0,1.3312093019485474,42.047760009765625,0.0,12.026779174804688,3.558197259902954,1.1119295358657837,0.5082423090934753,2.5184664726257324,0.0,1.381174087524414,0.13399016857147217,0.4872547388076782,0.008745585568249226,0.009454889222979546,0.0,0.0,0.0,63.443336486816406,84.36217498779297,29.176166534423828,4.540398597717285,50.933231353759766,0.0,0.0,12.70267391204834,0.0,0.0,3.291018486022949,3.624032497406006,0.0,0.0,2.9653875827789307,0.0,6.145019054412842,1.2081174850463867,4.629525184631348,14.128301620483398,1.3144034147262573,5.647617816925049,0.0,0.0,0.0,0.0,1.1726762056350708,0.0,0.0,0.0,0.0,0.0,0.0,0.0,0.03953934833407402,0.2517932653427124,0.0,0.0,0.0,0.0,0.0,0.22522974014282227,0.0,0.0,0.4497762620449066,0.0,0.0,0.0,0.5406977534294128,0.0,0.0,0.0,0.0,0.0,0.0,0.0,0.0,0.0,0.0,0.0,0.0,0.0,0.0,0.3468766212463379,0.0,0.0,0.0,0.0,0.0,0.0,0.0,0.6825307607650757,0.0,0.0,0.0,0.0,0.0,0.0,1.5007878541946411,0.1709623783826828,1.5007878541946411,0.0,0.0,0.04616659879684448,0.27951106429100037,0.0,0.0,0.0,0.17301756143569946,1.2832480669021606,0.0,1.5231940746307373,0.0,3.184748649597168,0.8924157619476318,0.8220163583755493,2.0464086532592773,0.0,0.0,0.0,0.7518193125724792,0.0,0.0,0.0,11.07966423034668,0.0,0.0,0.0,0.26021677255630493,0.0,0.0,0.0,25.792028427124023,0.0,0.0,0.0,0.0,0.0,0.0,0.0,0.0,0.0,0.0,0.0,0.0,0.0,0.5443374514579773,0.0,0.0,0.0,0.0,0.8606162071228027,0.0,0.0,0.0,0.9843199253082275,0.0,0.0,0.162977397441864,0.1709623783826828,0.0,0.0,0.0,0.0,0.12023257464170456,0.3394315242767334,0.4422398507595062,0.4853208065032959,0.0,3.6653528213500977,0.08053268492221832,0.0,0.1709623783826828,0.0,0.11016517132520676,0.0,0.0,0.0,3.942326307296753,0.0,0.0,0.0,0.0,0.0,0.0,0.0,0.0,0.0,0.0,0.0,0.0,0.0,0.0,0.0,0.0,0.0,0.0,0.0,0.0,0.0,0.0,0.0,0.0,0.0,0.0,0.0,0.0,0.0,0.0,0.0,0.0,0.0,0.0,0.0,0.0,0.0,0.0,0.0,0.0,0.0,0.0,0.0,0.0,0.0,0.0,0.0,0.0,0.0,0.0,0.0,0.0,0.0,0.0,0.0,0.0,0.0,0.0,0.0,0.0,0.0,0.0,0.0,0.0,0.0,0.0,0.0,0.0,0.0,0.0,0.0,0.0,0.0,0.0,0.0,0.0,0.0,0.0,0.0,0.0,0.0,0.0,0.0,0.0,0.0,0.0,0.0,0.0,0.0,0.0,0.0,0.0,0.0,0.0,0.0,0.0,0.0,0.0,0.0,0.0,0.0,0.0,0.0,0.0,0.0,0.0,0.0,0.0,0.0,0.0,0.0,0.0,0.0
5132,0.7648358345031738,0.6338344216346741,0.6954677104949951,1.9036941528320312,3.6518352031707764,3.105841875076294,7.715258598327637,1.7507814168930054,5.571053504943848,15.912940979003906,3.8608217239379883,6.027014255523682,5.467253684997559,0.14072206616401672,0.6084129810333252,0.47419971227645874,0.0,0.0,0.0,0.0,0.715643584728241,0.715643584728241,0.0,1.5827308893203735,1.5014142990112305,4.341597080230713,1.1942414045333862,1.750564455986023,0.0,0.16587817668914795,0.0,0.09596563875675201,0.0,0.0,0.0,7.177286148071289,0.0,0.0,0.0,0.97379469871521,1.3870997428894043,3.6455910205841064,0.0,11.153396606445312,5.419321537017822,0.0,0.0,0.0,3.525212287902832,5.89139986038208,0.8456519842147827,3.3271305561065674,2.8829100131988525,0.0,0.8403712511062622,1.2761962413787842,0.0,0.0,0.0,0.7404915690422058,0.0,0.44270068407058716,0.0,1.531647801399231,9.349538803100586,0.5438054800033569,1.6888622045516968,1.5546488761901855,0.0,2.0654821395874023,9.349538803100586,12.731123924255371,9.349538803100586,0.0,0.0,9.602696418762207,0.0,0.0,8.717379570007324,19.501928329467773,11.148337364196777,0.0,2.8403849601745605,1.4182095527648926,0.0,0.0,0.0,0.0,9.144519805908203,0.0,4.013274669647217,1.4840703010559082,2.025280475616455,1.6850920915603638,7.996592998504639,0.0,5.617973327636719,18.50447654724121,0.5723969340324402,0.49942129850387573,3.5257296562194824,0.08252904564142227,0.0,0.0,10.645613670349121,15.627707481384277,4.540398597717285,4.128664016723633,97.93893432617188,0.0,0.0,66.76773834228516,0.0,0.0,0.4238947629928589,0.4667881429195404,0.0,0.0,22.64426040649414,0.0,24.858020782470703,9.139965057373047,0.5962991118431091,3.3642280101776123,1.0195744037628174,1.7272098064422607,0.0,0.0,0.0,0.0,0.0,0.0,0.0,0.0,0.0,0.0,0.0,0.0,0.047596924006938934,0.30186691880226135,0.0,0.0,0.0,0.09170570969581604,0.0,0.27112844586372375,0.0,0.0,0.8412656784057617,0.0,0.0,0.0,1.0113260746002197,0.0,0.0,0.0,0.0,0.0,0.0,0.0,0.0,0.0,0.0,0.0,0.0,0.0,0.0,0.0,0.0,0.0,0.0,0.0,0.0,0.0,0.0,0.0,0.0,0.0,0.0,0.0,0.0,0.0,1.0929293632507324,0.0,1.4554544687271118,0.0,0.0,0.5935381650924683,1.1285456418991089,0.0,0.0,0.0,0.12092401832342148,19.046340942382812,0.0,6.77346658706665,0.0,3.4603683948516846,1.1535212993621826,0.8071833848953247,2.039628028869629,0.0,0.0,0.0,0.5032018423080444,0.0,0.0,0.0,4.476729393005371,0.0,0.0,0.0,0.0,0.0,0.0,0.0,12.283369064331055,0.0,0.0,0.0,0.0,0.0,0.0,0.0,0.0,0.0,0.0,0.0,0.0,0.0,0.0,0.0,0.0,0.0,0.0,0.7094666957855225,0.0,0.0,0.0,0.909574568271637,0.0,0.0,0.16025279462337494,0.2087477445602417,0.0,0.0,0.0,0.0,2.6544182300567627,4.804581165313721,0.9135323762893677,4.870753288269043,0.0,4.5782318115234375,0.20536644756793976,0.0,0.2087477445602417,0.0,1.6590744256973267,0.0,0.0,0.0,6.365207195281982,0.0,0.0,0.0,0.0,0.0,0.0,0.0,0.0,0.0,0.0,0.0,0.0,0.0,0.0,0.0,0.0,0.0,0.0,0.0,0.0,0.0,0.0,0.0,0.0,0.0,0.0,0.0,0.0,0.0,0.0,0.0,0.0,0.0,0.0,0.0,0.0,0.0,0.0,0.0,0.0,0.0,0.0,0.0,0.0,0.0,0.0,0.0,0.0,0.0,0.0,0.0,0.0,0.0,0.0,0.0,0.0,0.0,0.0,0.0,0.0,0.0,0.0,0.0,0.0,0.0,0.0,0.0,0.0,0.0,0.0,0.0,0.0,0.0,0.0,0.0,0.0,0.0,0.0,0.0,0.0,0.0,0.0,0.0,0.0,0.0,0.0,0.0,0.0,0.0,0.0,0.0,0.0,0.0,0.0,0.0,0.0,0.0,0.0,0.0,0.0,0.0,0.0,0.0,0.0,0.0,0.0,0.0,0.0,0.0,0.0,0.0,0.0,0.0
5133,10.715173721313477,13.084293365478516,3.735982894897461,6.9897308349609375,19.229736328125,15.222997665405273,22.60161781311035,21.495243072509766,17.08037567138672,301.85113525390625,15.609597206115723,39.2280158996582,144.06053161621094,3.2935009002685547,11.60330581665039,20.664329528808594,8.60817813873291,1.4164811372756958,1.107710838317871,0.0,3.706008195877075,4.2135910987854,0.0,9.855446815490723,6.597047328948975,18.755863189697266,8.525550842285156,6.828308582305908,0.0,2.6107752323150635,0.0,1.0709547996520996,0.0,0.0,0.0,84.39446258544922,0.0,0.0,0.0,15.989725112915039,17.336437225341797,57.536136627197266,0.0,179.37432861328125,87.60326385498047,2.263575792312622,9.493943214416504,13.788447380065918,62.48280334472656,91.35543060302734,13.08935260772705,58.00287628173828,45.64873504638672,13.554171562194824,14.452116966247559,18.593311309814453,0.0,6.983430862426758,16.39855194091797,18.036392211914062,2.196943759918213,13.202767372131348,0.819410502910614,28.539133071899414,161.90957641601562,6.941565990447998,29.66837501525879,28.803958892822266,0.0,31.430824279785156,144.24928283691406,202.0721435546875,141.26895141601562,0.0,0.0,128.7766571044922,0.0,0.0,85.79296875,54.63710403442383,34.978782653808594,0.0,11.749330520629883,15.299142837524414,0.0,0.0,0.0,6.449960231781006,48.761512756347656,0.0,14.761129379272461,58.02098846435547,26.597789764404297,22.47126579284668,116.30989837646484,0.0,87.42927551269531,53.283416748046875,11.936227798461914,2.7946343421936035,134.31285095214844,1.5653812885284424,0.0,0.0,108.66948699951172,146.9689178466797,50.933231353759766,97.93893432617188,1203.531982421875,0.0,0.0,414.81884765625,0.0,0.0,9.33395767211914,10.278449058532715,44.68190383911133,1.083517074584961,73.04951477050781,0.0,385.20721435546875,97.37812042236328,13.130218505859375,32.84160232543945,5.624655246734619,17.260234832763672,0.0,0.0,0.0,0.0,2.018524169921875,10.495687484741211,0.0,0.0,0.0,0.0,0.0,0.30662068724632263,0.7019898891448975,16.577375411987305,0.8871811032295227,2.829392194747925,0.0,19.50203514099121,0.0,7.11969518661499,1.335637092590332,5.268622398376465,10.15705680847168,0.4819163680076599,0.0,0.0,10.09443473815918,0.0,0.0,8.767232894897461,0.0,8.163341522216797,0.0,0.0,1.732090950012207,0.0,1.0783357620239258,0.0,0.27464503049850464,0.0,0.0,5.275886058807373,0.0,0.0,0.0,0.0,0.0,2.4733211994171143,0.0,5.560043811798096,0.0,0.0,4.691211223602295,0.0,0.0,0.0,14.627800941467285,1.3650075197219849,17.918893814086914,0.0,0.0,5.377250671386719,9.782552719116211,0.0,0.0,0.0,2.7021541595458984,91.36192321777344,0.0,75.25450897216797,0.0,46.24258041381836,15.139016151428223,10.876229286193848,30.98406219482422,0.0,0.0,2.5149099826812744,9.551645278930664,0.0,2.5149099826812744,0.0,79.51127624511719,0.0,0.0,0.0,1.8212701082229614,0.0,0.0,0.0,100.12548828125,0.0,0.0,0.0,0.0,0.0,0.0,0.0,0.0,0.0,0.0,0.0,0.0,0.0,3.0512607097625732,0.0,0.09679850935935974,0.0,0.0,11.49979019165039,0.0,0.0,0.0,12.684316635131836,0.9913405179977417,0.0,2.9029617309570312,2.8032052516937256,0.0,0.0,0.0,0.0,16.408470153808594,22.21412467956543,6.007503509521484,20.436912536621094,0.0,14.153100967407227,5.0595293045043945,0.0,2.8032052516937256,0.6373288631439209,10.645174026489258,0.0,0.0,0.0,49.47390365600586,0.0,0.0,0.0,0.0,0.0,0.0,0.0,0.0,0.0,0.0,0.0,0.0,0.0,0.0,0.0,0.0,0.0,0.0,0.0,0.0,0.0,0.0,0.0,0.0,0.0,0.0,0.0,0.0,0.0,0.0,0.0,0.0,0.0,0.0,0.0,0.0,0.0,0.0,0.0,0.0,0.0,0.0,0.0,0.0,0.0,0.0,0.0,0.0,0.0,0.0,0.0,0.0,0.0,0.0,0.0,0.0,0.0,0.0,0.0,0.0,0.0,0.0,0.0,0.0,0.0,0.0,0.0,0.0,0.0,0.0,0.0,0.0,0.0,0.0,0.0,0.0,0.0,0.0,0.0,0.0,0.0,0.0,0.0,0.0,0.0,0.0,0.0,0.0,0.0,0.0,0.0,0.0,0.0,0.0,0.0,0.0,0.0,0.0,0.0,0.0,0.0,0.0,0.0,0.0,0.0,0.0,0.0,0.0,0.0,0.0,0.0,0.0,0.0
5134,0.0,0.0,0.0,0.0,0.0,0.0,0.0,0.0,0.0,0.0,0.0,0.0,0.0,0.0,0.0,0.0,0.0,0.0,0.0,0.0,0.0,0.0,0.0,0.0,0.0,0.0,0.0,0.0,0.0,0.0,0.0,0.0,0.0,0.0,0.0,0.0,0.0,0.0,0.0,0.0,0.0,0.0,0.0,0.0,0.0,0.0,0.0,0.0,0.0,0.0,0.0,0.0,0.0,0.0,0.0,0.0,0.0,0.0,0.0,0.0,0.0,0.0,0.0,0.0,0.0,0.0,0.0,0.0,0.0,0.0,0.0,0.0,0.0,0.0,0.0,0.0,0.0,0.0,0.0,0.0,0.0,0.0,0.0,0.0,0.0,0.0,0.0,0.0,0.0,0.0,0.0,0.0,0.0,0.0,0.0,0.0,0.0,0.0,0.0,0.0,0.0,0.0,0.0,0.0,0.0,0.0,0.0,0.0,0.0,0.0,0.0,0.0,0.0,0.0,0.0,0.0,0.0,0.0,0.0,0.0,0.0,0.0,0.0,0.0,0.0,0.0,0.0,0.0,0.0,0.0,0.0,0.0,0.0,0.0,0.0,0.0,0.0,0.0,0.0,0.0,0.0,0.0,0.0,0.0,0.0,0.0,0.0,0.0,0.0,0.0,0.0,0.0,0.0,0.0,0.0,0.0,0.0,0.0,0.0,0.0,0.0,0.0,0.0,0.0,0.0,0.0,0.0,0.0,0.0,0.0,0.0,0.0,0.0,0.0,0.0,0.0,0.0,0.0,0.0,0.0,0.0,0.0,0.0,0.0,0.0,0.0,0.0,0.0,0.0,0.0,0.0,0.0,0.0,0.0,0.0,0.0,0.0,0.0,0.0,0.0,0.0,0.0,0.0,0.0,0.0,0.0,0.0,0.0,0.0,0.0,0.0,0.0,0.0,0.0,0.0,0.0,0.0,0.0,0.0,0.0,0.0,0.0,0.0,0.0,0.0,0.0,0.0,0.0,0.0,0.0,0.0,0.0,0.0,0.0,0.0,0.0,0.0,0.0,0.0,0.0,0.0,0.0,0.0,0.0,0.0,0.0,0.0,0.0,0.0,0.0,0.0,0.0,0.0,0.0,0.0,0.0,0.0,0.0,0.0,0.0,0.0,0.0,0.0,0.0,0.0,0.0,0.0,0.0,0.0,0.0,0.0,0.0,0.0,0.0,0.0,0.0,0.0,0.0,0.0,0.0,0.0,0.0,0.0,0.0,0.0,0.0,0.0,0.0,0.0,0.0,0.0,0.0,0.0,0.0,0.0,0.0,0.0,0.0,0.0,0.0,0.0,0.0,0.0,0.0,0.0,0.0,0.0,0.0,0.0,0.0,0.0,0.0,0.0,0.0,0.0,0.0,0.0,0.0,0.0,0.0,0.0,0.0,0.0,0.0,0.0,0.0,0.0,0.0,0.0,0.0,0.0,0.0,0.0,0.0,0.0,0.0,0.0,0.0,0.0,0.0,0.0,0.0,0.0,0.0,0.0,0.0,0.0,0.0,0.0,0.0,0.0,0.0,0.0,0.0,0.0,0.0,0.0,0.0,0.0,0.0,0.0,0.0,0.0,0.0,0.0,0.0,0.0,0.0,0.0,0.0,0.0,0.0,0.0,0.0,0.0,0.0
5135,0.0,0.0,0.0,0.0,0.0,0.0,0.0,0.0,0.0,0.0,0.0,0.0,0.0,0.0,0.0,0.0,0.0,0.0,0.0,0.0,0.0,0.0,0.0,0.0,0.0,0.0,0.0,0.0,0.0,0.0,0.0,0.0,0.0,0.0,0.0,0.0,0.0,0.0,0.0,0.0,0.0,0.0,0.0,0.0,0.0,0.0,0.0,0.0,0.0,0.0,0.0,0.0,0.0,0.0,0.0,0.0,0.0,0.0,0.0,0.0,0.0,0.0,0.0,0.0,0.0,0.0,0.0,0.0,0.0,0.0,0.0,0.0,0.0,0.0,0.0,0.0,0.0,0.0,0.0,0.0,0.0,0.0,0.0,0.0,0.0,0.0,0.0,0.0,0.0,0.0,0.0,0.0,0.0,0.0,0.0,0.0,0.0,0.0,0.0,0.0,0.0,0.0,0.0,0.0,0.0,0.0,0.0,0.0,0.0,0.0,0.0,0.0,0.0,0.0,0.0,0.0,0.0,0.0,0.0,0.0,0.0,0.0,0.0,0.0,0.0,0.0,0.0,0.0,0.0,0.0,0.0,0.0,0.0,0.0,0.0,0.0,0.0,0.0,0.0,0.0,0.0,0.0,0.0,0.0,0.0,0.0,0.0,0.0,0.0,0.0,0.0,0.0,0.0,0.0,0.0,0.0,0.0,0.0,0.0,0.0,0.0,0.0,0.0,0.0,0.0,0.0,0.0,0.0,0.0,0.0,0.0,0.0,0.0,0.0,0.0,0.0,0.0,0.0,0.0,0.0,0.0,0.0,0.0,0.0,0.0,0.0,0.0,0.0,0.0,0.0,0.0,0.0,0.0,0.0,0.0,0.0,0.0,0.0,0.0,0.0,0.0,0.0,0.0,0.0,0.0,0.0,0.0,0.0,0.0,0.0,0.0,0.0,0.0,0.0,0.0,0.0,0.0,0.0,0.0,0.0,0.0,0.0,0.0,0.0,0.0,0.0,0.0,0.0,0.0,0.0,0.0,0.0,0.0,0.0,0.0,0.0,0.0,0.0,0.0,0.0,0.0,0.0,0.0,0.0,0.0,0.0,0.0,0.0,0.0,0.0,0.0,0.0,0.0,0.0,0.0,0.0,0.0,0.0,0.0,0.0,0.0,0.0,0.0,0.0,0.0,0.0,0.0,0.0,0.0,0.0,0.0,0.0,0.0,0.0,0.0,0.0,0.0,0.0,0.0,0.0,0.0,0.0,0.0,0.0,0.0,0.0,0.0,0.0,0.0,0.0,0.0,0.0,0.0,0.0,0.0,0.0,0.0,0.0,0.0,0.0,0.0,0.0,0.0,0.0,0.0,0.0,0.0,0.0,0.0,0.0,0.0,0.0,0.0,0.0,0.0,0.0,0.0,0.0,0.0,0.0,0.0,0.0,0.0,0.0,0.0,0.0,0.0,0.0,0.0,0.0,0.0,0.0,0.0,0.0,0.0,0.0,0.0,0.0,0.0,0.0,0.0,0.0,0.0,0.0,0.0,0.0,0.0,0.0,0.0,0.0,0.0,0.0,0.0,0.0,0.0,0.0,0.0,0.0,0.0,0.0,0.0,0.0,0.0,0.0,0.0,0.0,0.0,0.0,0.0,0.0,0.0,0.0,0.0,0.0,0.0,0.0
5137,0.6462343335151672,1.0578759908676147,0.3180910646915436,2.91658616065979,1.6634687185287476,1.7852015495300293,11.270003318786621,2.1342966556549072,6.752148151397705,8.34095573425293,4.344184875488281,1.8148581981658936,9.677450180053711,0.18631240725517273,1.0781424045562744,1.162392258644104,1.0085939168930054,0.1802007555961609,0.045249830931425095,0.0,0.34340009093284607,0.34846487641334534,0.0,0.4723722040653229,0.814905047416687,1.6709400415420532,0.9980429410934448,0.7620618343353271,0.0,0.1515551507472992,0.0,0.12985630333423615,0.0,0.0,0.0,2.9608712196350098,0.0,0.0,0.0,1.3455300331115723,0.2937331199645996,0.8824698328971863,0.0,12.456938743591309,6.040988922119141,0.0,0.0,1.2227649688720703,2.195542573928833,7.1417059898376465,0.8960359692573547,5.203235626220703,4.74861478805542,0.0,0.9411649703979492,0.7948296070098877,0.0,0.0,0.0,0.9223732352256775,0.0,0.5514380931854248,0.0,1.7332978248596191,10.399023056030273,0.33868828415870667,1.7742773294448853,1.6029433012008667,0.0,1.8704208135604858,10.060174942016602,14.808079719543457,12.272656440734863,0.0,0.0,30.242555618286133,0.0,0.0,94.31415557861328,55.52860641479492,30.350494384765625,0.0,5.720181465148926,13.35716724395752,0.0,0.0,0.0,5.808462619781494,27.37427520751953,0.0,19.37272834777832,12.262093544006348,2.2422192096710205,2.091707706451416,9.465890884399414,0.0,8.718606948852539,16.768287658691406,8.577597618103027,3.6521964073181152,172.07643127441406,0.27159813046455383,0.0,0.0,27.911684036254883,51.83106994628906,12.70267391204834,66.76773834228516,414.81884765625,0.0,0.0,690.7138671875,0.0,0.0,9.875621795654297,12.217400550842285,4.277425765991211,2.306838274002075,127.57685089111328,0.0,46.199440002441406,15.395210266113281,14.503596305847168,23.654525756835938,10.713367462158203,21.521791458129883,0.0,0.0,0.0,0.0,0.1349390298128128,0.30545729398727417,0.0,0.0,0.0,0.0,0.0,0.0,0.013395920395851135,0.8496870994567871,0.32397720217704773,1.0332260131835938,0.0,0.6356211304664612,0.0,1.6795752048492432,0.0,0.7179543972015381,2.89203143119812,0.0,0.0,0.0,2.8235106468200684,0.0,0.0,2.354361057281494,0.0,0.88489830493927,0.0,0.0,0.2194909006357193,0.0,0.0,0.0,0.0,0.0,0.0,0.14727462828159332,0.0,0.0,0.0,0.0,0.0,0.0,0.0,0.23913832008838654,0.0,0.0,0.044842060655355453,0.0,0.0,0.0,5.008525848388672,0.4076790511608124,2.561140298843384,0.0,0.0,0.8270470499992371,2.7787187099456787,0.0,0.0,0.0,1.3387510776519775,12.490466117858887,0.0,10.975358963012695,0.0,9.61047077178955,9.814603805541992,6.50142240524292,5.412963390350342,0.0,0.0,1.0892448425292969,6.492240905761719,0.0,1.0892448425292969,0.0,28.918073654174805,0.0,0.0,0.0,0.9070810675621033,0.0,0.0,0.0,100.17717742919922,0.0,0.0,0.0,0.0,0.0,0.0,0.0,0.0,0.0,0.0,0.0,0.0,0.0,1.788506269454956,0.0,0.0,0.0,0.0,4.031740665435791,0.0,0.0,0.0,5.9468278884887695,0.4955345392227173,0.0,0.9006399512290955,0.5021671652793884,0.0,0.0,0.0,0.0,1.3863301277160645,2.101421356201172,0.27219700813293457,1.601911187171936,0.0,18.836437225341797,0.2674050033092499,0.0,0.5021671652793884,0.0059481170028448105,1.445306658744812,0.0,0.0,0.0,184.65081787109375,0.0,0.0,0.0,0.0,0.0,0.0,0.0,0.0,0.0,0.0,0.0,0.0,0.0,0.0,0.0,0.0,0.0,0.0,0.0,0.0,0.0,0.0,0.0,0.0,0.0,0.0,0.0,0.0,0.0,0.0,0.0,0.0,0.0,0.0,0.0,0.0,0.0,0.0,0.0,0.0,0.0,0.0,0.0,0.0,0.0,0.0,0.0,0.0,0.0,0.0,0.0,0.0,0.0,0.0,0.0,0.0,0.0,0.0,0.0,0.0,0.0,0.0,0.0,0.0,0.0,0.0,0.0,0.0,0.0,0.0,0.0,0.0,0.0,0.0,0.0,0.0,0.0,0.0,0.0,0.0,0.0,0.0,0.0,0.0,0.0,0.0,0.0,0.0,0.0,0.0,0.0,0.0,0.0,0.0,0.0,0.0,0.0,0.0,0.0,0.0,0.0,0.0,0.0,0.0,0.0,0.0,0.0,0.0,0.0,0.0,0.0,0.0,0.0
5138,0.0,0.0,0.0,0.0,0.0,0.0,0.0,0.0,0.0,0.0,0.0,0.0,0.0,0.0,0.0,0.0,0.0,0.0,0.0,0.0,0.0,0.0,0.0,0.0,0.0,0.0,0.0,0.0,0.0,0.0,0.0,0.0,0.0,0.0,0.0,0.0,0.0,0.0,0.0,0.0,0.0,0.0,0.0,0.0,0.0,0.0,0.0,0.0,0.0,0.0,0.0,0.0,0.0,0.0,0.0,0.0,0.0,0.0,0.0,0.0,0.0,0.0,0.0,0.0,0.0,0.0,0.0,0.0,0.0,0.0,0.0,0.0,0.0,0.0,0.0,0.0,0.0,0.0,0.0,0.0,0.0,0.0,0.0,0.0,0.0,0.0,0.0,0.0,0.0,0.0,0.0,0.0,0.0,0.0,0.0,0.0,0.0,0.0,0.0,0.0,0.0,0.0,0.0,0.0,0.0,0.0,0.0,0.0,0.0,0.0,0.0,0.0,0.0,0.0,0.0,0.0,0.0,0.0,0.0,0.0,0.0,0.0,0.0,0.0,0.0,0.0,0.0,0.0,0.0,0.0,0.0,0.0,0.0,0.0,0.0,0.0,0.0,0.0,0.0,0.0,0.0,0.0,0.0,0.0,0.0,0.0,0.0,0.0,0.0,0.0,0.0,0.0,0.0,0.0,0.0,0.0,0.0,0.0,0.0,0.0,0.0,0.0,0.0,0.0,0.0,0.0,0.0,0.0,0.0,0.0,0.0,0.0,0.0,0.0,0.0,0.0,0.0,0.0,0.0,0.0,0.0,0.0,0.0,0.0,0.0,0.0,0.0,0.0,0.0,0.0,0.0,0.0,0.0,0.0,0.0,0.0,0.0,0.0,0.0,0.0,0.0,0.0,0.0,0.0,0.0,0.0,0.0,0.0,0.0,0.0,0.0,0.0,0.0,0.0,0.0,0.0,0.0,0.0,0.0,0.0,0.0,0.0,0.0,0.0,0.0,0.0,0.0,0.0,0.0,0.0,0.0,0.0,0.0,0.0,0.0,0.0,0.0,0.0,0.0,0.0,0.0,0.0,0.0,0.0,0.0,0.0,0.0,0.0,0.0,0.0,0.0,0.0,0.0,0.0,0.0,0.0,0.0,0.0,0.0,0.0,0.0,0.0,0.0,0.0,0.0,0.0,0.0,0.0,0.0,0.0,0.0,0.0,0.0,0.0,0.0,0.0,0.0,0.0,0.0,0.0,0.0,0.0,0.0,0.0,0.0,0.0,0.0,0.0,0.0,0.0,0.0,0.0,0.0,0.0,0.0,0.0,0.0,0.0,0.0,0.0,0.0,0.0,0.0,0.0,0.0,0.0,0.0,0.0,0.0,0.0,0.0,0.0,0.0,0.0,0.0,0.0,0.0,0.0,0.0,0.0,0.0,0.0,0.0,0.0,0.0,0.0,0.0,0.0,0.0,0.0,0.0,0.0,0.0,0.0,0.0,0.0,0.0,0.0,0.0,0.0,0.0,0.0,0.0,0.0,0.0,0.0,0.0,0.0,0.0,0.0,0.0,0.0,0.0,0.0,0.0,0.0,0.0,0.0,0.0,0.0,0.0,0.0,0.0,0.0,0.0,0.0,0.0,0.0,0.0,0.0,0.0,0.0,0.0,0.0,0.0,0.0
5139,0.0,0.0,0.0,0.0,0.0,0.0,0.0,0.0,0.0,0.0,0.0,0.0,0.0,0.0,0.0,0.0,0.0,0.0,0.0,0.0,0.0,0.0,0.0,0.0,0.0,0.0,0.0,0.0,0.0,0.0,0.0,0.0,0.0,0.0,0.0,0.0,0.0,0.0,0.0,0.0,0.0,0.0,0.0,0.0,0.0,0.0,0.0,0.0,0.0,0.0,0.0,0.0,0.0,0.0,0.0,0.0,0.0,0.0,0.0,0.0,0.0,0.0,0.0,0.0,0.0,0.0,0.0,0.0,0.0,0.0,0.0,0.0,0.0,0.0,0.0,0.0,0.0,0.0,0.0,0.0,0.0,0.0,0.0,0.0,0.0,0.0,0.0,0.0,0.0,0.0,0.0,0.0,0.0,0.0,0.0,0.0,0.0,0.0,0.0,0.0,0.0,0.0,0.0,0.0,0.0,0.0,0.0,0.0,0.0,0.0,0.0,0.0,0.0,0.0,0.0,0.0,0.0,0.0,0.0,0.0,0.0,0.0,0.0,0.0,0.0,0.0,0.0,0.0,0.0,0.0,0.0,0.0,0.0,0.0,0.0,0.0,0.0,0.0,0.0,0.0,0.0,0.0,0.0,0.0,0.0,0.0,0.0,0.0,0.0,0.0,0.0,0.0,0.0,0.0,0.0,0.0,0.0,0.0,0.0,0.0,0.0,0.0,0.0,0.0,0.0,0.0,0.0,0.0,0.0,0.0,0.0,0.0,0.0,0.0,0.0,0.0,0.0,0.0,0.0,0.0,0.0,0.0,0.0,0.0,0.0,0.0,0.0,0.0,0.0,0.0,0.0,0.0,0.0,0.0,0.0,0.0,0.0,0.0,0.0,0.0,0.0,0.0,0.0,0.0,0.0,0.0,0.0,0.0,0.0,0.0,0.0,0.0,0.0,0.0,0.0,0.0,0.0,0.0,0.0,0.0,0.0,0.0,0.0,0.0,0.0,0.0,0.0,0.0,0.0,0.0,0.0,0.0,0.0,0.0,0.0,0.0,0.0,0.0,0.0,0.0,0.0,0.0,0.0,0.0,0.0,0.0,0.0,0.0,0.0,0.0,0.0,0.0,0.0,0.0,0.0,0.0,0.0,0.0,0.0,0.0,0.0,0.0,0.0,0.0,0.0,0.0,0.0,0.0,0.0,0.0,0.0,0.0,0.0,0.0,0.0,0.0,0.0,0.0,0.0,0.0,0.0,0.0,0.0,0.0,0.0,0.0,0.0,0.0,0.0,0.0,0.0,0.0,0.0,0.0,0.0,0.0,0.0,0.0,0.0,0.0,0.0,0.0,0.0,0.0,0.0,0.0,0.0,0.0,0.0,0.0,0.0,0.0,0.0,0.0,0.0,0.0,0.0,0.0,0.0,0.0,0.0,0.0,0.0,0.0,0.0,0.0,0.0,0.0,0.0,0.0,0.0,0.0,0.0,0.0,0.0,0.0,0.0,0.0,0.0,0.0,0.0,0.0,0.0,0.0,0.0,0.0,0.0,0.0,0.0,0.0,0.0,0.0,0.0,0.0,0.0,0.0,0.0,0.0,0.0,0.0,0.0,0.0,0.0,0.0,0.0,0.0,0.0,0.0,0.0,0.0,0.0,0.0,0.0,0.0,0.0,0.0
5140,0.0,0.0,0.5665199160575867,1.2118881940841675,2.217410087585449,2.423638105392456,3.5839502811431885,1.1460989713668823,4.418529033660889,30.051162719726562,1.3672279119491577,23.10671043395996,50.413429260253906,1.374886393547058,0.5344668030738831,4.303173065185547,0.5196510553359985,0.49438807368278503,0.0,0.0,4.145328521728516,3.7514450550079346,0.0,24.667055130004883,6.832432270050049,19.173349380493164,2.5462076663970947,2.501950263977051,0.0,4.331065654754639,0.0,0.4130212366580963,0.0,0.0,0.0,0.0,0.0,0.0,0.0,0.0,0.0,0.0,0.0,0.0,0.0,0.0,0.0,0.0,0.0,0.0,0.0,0.0,0.0,0.0,0.0,0.0,0.0,0.0,0.0,0.0,0.0,0.0,0.0,0.0,0.0,0.0,0.0,0.0,0.0,0.0,0.0,0.0,0.0,0.0,0.0,5.763080596923828,0.0,0.0,3.2553892135620117,25.793132781982422,3.281672477722168,0.0,0.2572898268699646,0.5145796537399292,0.0,0.0,0.0,0.0,1.491817831993103,0.0,0.8023325800895691,0.2110796868801117,0.0,0.0,0.43253064155578613,0.0,0.0,0.09283439815044403,0.0,0.0,0.0,0.0,0.0,0.0,6.967886924743652,8.775029182434082,3.291018486022949,0.4238947629928589,9.33395767211914,0.0,0.0,9.875621795654297,0.0,0.0,0.0,0.0,0.0,0.0,0.21355561912059784,0.0,0.0,0.0,0.0,39.3990592956543,7.092295169830322,9.49159049987793,0.0,0.0,0.0,0.0,1.4072054624557495,0.0,0.0,0.0,0.0,0.0,0.0,0.0,0.0,0.0,0.0,0.0,0.0,2.7450404167175293,0.0,0.0,0.0,0.0,0.4497762620449066,0.0,0.0,0.0,0.5406977534294128,0.0,0.0,0.0,0.0,1.2220815420150757,0.0,0.0,0.0,0.0,0.0,0.0,0.0,0.0,0.0,0.3468766212463379,0.0,0.0,0.0,0.0,0.0,0.0,0.0,0.0,0.0,0.0,0.0,0.0,0.0,0.0,59.840091705322266,3.9727723598480225,19.680706024169922,0.0,0.0,1.771088719367981,7.772830963134766,0.0,0.0,0.0,5.3769917488098145,29.230222702026367,0.0,11.589612007141113,0.0,99.06123352050781,32.88494873046875,20.3866024017334,17.703201293945312,0.0,0.0,1.3779163360595703,6.504511833190918,0.0,2.0816473960876465,0.0,59.575050354003906,0.0,0.0,0.0,25.464826583862305,0.0,0.0,0.0,159.87359619140625,0.0,0.0,0.0,0.0,0.0,0.0,0.0,0.0,0.0,0.0,0.0,0.0,0.0,27.014951705932617,0.0,1.3133165836334229,0.0,0.0,39.1554069519043,0.0,0.0,0.0,160.22909545898438,8.838788032531738,0.0,1.3507639169692993,3.0132789611816406,0.0,0.0,0.0,0.0,1.596539855003357,2.448720932006836,2.4095494747161865,3.5880722999572754,0.0,0.42396947741508484,0.0,0.0,3.0132789611816406,0.0,1.5581966638565063,0.0,0.0,0.0,3.8890254497528076,0.0,0.0,0.0,0.0,0.0,0.0,0.0,0.0,0.0,0.0,0.0,0.0,0.0,0.0,0.0,0.0,0.0,0.0,0.0,0.0,0.0,0.0,0.0,0.0,0.0,0.0,0.0,0.0,0.0,0.0,0.0,0.0,0.0,0.0,0.0,0.0,0.0,0.0,0.0,0.0,0.0,0.0,0.0,0.0,0.0,0.0,0.0,0.0,0.0,0.0,0.0,0.0,0.0,0.0,0.0,0.0,0.0,0.0,0.0,0.0,0.0,0.0,0.0,0.0,0.0,0.0,0.0,0.0,0.0,0.0,0.0,0.0,0.0,0.0,0.0,0.0,0.0,0.0,0.0,0.0,0.0,0.0,0.0,0.0,0.0,0.0,0.0,0.0,0.0,0.0,0.0,0.0,0.0,0.0,0.0,0.0,0.0,0.0,0.0,0.0,0.0,0.0,0.0,0.0,0.0,0.0,0.0,0.0,0.0,0.0,0.0,0.0,0.0
5141,0.0,0.0,0.6849316358566284,3.337989330291748,2.6737539768218994,2.910902500152588,7.845388412475586,1.495163083076477,6.151922702789307,14.534311294555664,2.4652044773101807,22.866472244262695,47.358314514160156,1.2533730268478394,0.7637825608253479,1.4473226070404053,0.6423522233963013,0.4149337410926819,0.0,0.0,3.0537123680114746,2.984487771987915,0.0,24.404054641723633,5.141058921813965,11.466567039489746,1.6438478231430054,1.8306519985198975,0.0,3.6443517208099365,0.0,0.3300431966781616,0.0,0.0,0.0,0.0,0.0,0.0,0.0,0.0,0.0,0.0,0.0,0.0,0.0,0.0,0.0,0.0,0.0,0.0,0.0,0.0,0.0,0.0,0.0,0.0,0.0,0.0,0.0,0.0,0.0,0.0,0.0,0.0,0.0,0.0,0.0,0.0,0.0,0.0,0.0,0.0,0.0,0.0,0.0,6.3462395668029785,0.0,0.0,3.5847980976104736,26.40868377685547,3.6137406826019287,0.0,0.283324658870697,0.566649317741394,0.0,0.0,0.0,0.0,1.8460066318511963,0.0,0.8835195899009705,0.2954218089580536,0.0,0.0,0.47629785537719727,0.0,0.0,0.2617185413837433,0.0,0.0,0.0,0.0,0.0,0.0,7.6729583740234375,9.662962913513184,3.624032497406006,0.4667881429195404,10.278449058532715,0.0,0.0,12.217400550842285,0.0,0.0,0.0,0.0,0.0,0.0,0.3515145480632782,0.0,0.0,0.0,0.0,43.58172607421875,7.673540115356445,10.410573959350586,0.0,0.0,0.0,0.0,1.5495988130569458,0.0,0.0,0.0,0.0,0.0,0.0,0.0,0.0,0.0,0.0,0.0,0.0,3.1987292766571045,0.0,0.0,0.0,0.0,0.49528855085372925,0.0,0.0,0.0,0.5954102873802185,0.0,0.0,0.0,0.0,1.3457423448562622,0.0,0.0,0.0,0.0,0.0,0.0,0.0,0.0,0.0,0.3819766342639923,0.0,0.0,0.0,0.0,0.0,0.0,0.0,0.0,0.0,0.0,0.0,0.0,0.0,0.0,67.62545776367188,5.264318943023682,19.549091339111328,0.0,0.0,2.5717883110046387,11.39062213897705,0.0,0.0,0.0,6.546913146972656,33.830387115478516,0.0,13.525835037231445,0.0,109.339111328125,39.58228302001953,24.99772834777832,20.03680992126465,0.0,0.0,1.69865882396698,7.806820392608643,0.0,2.6689774990081787,0.0,77.32352447509766,0.0,0.0,0.0,18.578460693359375,0.0,0.0,0.0,2205.049560546875,0.0,0.0,0.0,0.0,0.0,0.0,0.0,0.0,0.0,0.0,0.0,0.0,0.0,6.8343377113342285,0.0,0.35229647159576416,0.0,0.0,42.282047271728516,0.0,0.0,0.0,72.01551818847656,2.2597901821136475,0.0,1.6427333354949951,4.453795909881592,0.0,0.0,0.0,0.0,2.012653350830078,3.021162271499634,2.3674776554107666,3.8048787117004395,0.0,0.46482235193252563,0.0,0.0,4.453795909881592,0.0,1.9069271087646484,0.0,0.0,0.0,4.282551288604736,0.0,0.0,0.0,0.0,0.0,0.0,0.0,0.0,0.0,0.0,0.0,0.0,0.0,0.0,0.0,0.0,0.0,0.0,0.0,0.0,0.0,0.0,0.0,0.0,0.0,0.0,0.0,0.0,0.0,0.0,0.0,0.0,0.0,0.0,0.0,0.0,0.0,0.0,0.0,0.0,0.0,0.0,0.0,0.0,0.0,0.0,0.0,0.0,0.0,0.0,0.0,0.0,0.0,0.0,0.0,0.0,0.0,0.0,0.0,0.0,0.0,0.0,0.0,0.0,0.0,0.0,0.0,0.0,0.0,0.0,0.0,0.0,0.0,0.0,0.0,0.0,0.0,0.0,0.0,0.0,0.0,0.0,0.0,0.0,0.0,0.0,0.0,0.0,0.0,0.0,0.0,0.0,0.0,0.0,0.0,0.0,0.0,0.0,0.0,0.0,0.0,0.0,0.0,0.0,0.0,0.0,0.0,0.0,0.0,0.0,0.0,0.0,0.0
5142,0.0,0.0,0.0,0.0,0.013279791921377182,0.028032368049025536,0.20988686382770538,0.0,0.08442909270524979,0.497277170419693,0.0948249101638794,0.029505154117941856,1.7388992309570312,0.0,0.0,0.0,0.0,0.0,0.0,0.0,0.0,0.0,0.0,0.0,0.0,0.01680738851428032,0.0,0.0,0.0,0.0,0.0,0.0,0.0,0.0,0.0,0.0,0.0,0.0,0.0,0.0,0.0,0.0,0.0,0.0,0.0,0.0,0.0,0.0,0.0,0.0,0.0,0.0,0.0,0.0,0.0,0.0,0.0,0.0,0.0,0.0,0.0,0.0,0.0,0.0,0.0,0.0,0.0,0.0,0.0,0.0,0.0,0.0,0.0,0.0,0.0,0.7397440075874329,0.0,0.0,0.9246551990509033,5.001580715179443,2.7249033451080322,0.0,0.0,0.0,0.0,0.0,0.0,1.1553115844726562,1.1553115844726562,0.0,1.742366075515747,0.0,0.0,0.0,0.0,0.0,0.0,0.0,0.0,0.0,0.0,0.0,0.0,0.0,3.0897867679595947,2.045473337173462,0.0,0.0,44.68190383911133,0.0,0.0,4.277425765991211,0.0,0.0,0.0,0.0,0.0,0.0,14.25035572052002,0.0,0.0,0.0,0.0,1.8824416399002075,0.7583315968513489,1.3321555852890015,0.0,0.0,0.0,0.0,0.0,0.0,0.0,0.0,0.0,0.0,0.0,0.0,0.0,0.0,0.0,0.0,0.0,0.0,0.0,0.0,0.0,0.0,0.0,0.0,0.0,0.0,0.0,0.0,0.0,0.0,0.0,0.0,0.0,0.0,0.0,0.0,0.0,0.0,0.0,0.0,0.0,0.0,0.0,0.0,0.0,0.0,0.0,0.0,0.0,0.0,0.0,0.0,0.0,0.0,0.0,0.0,0.23585064709186554,0.0,0.13883772492408752,0.0,0.0,0.018215304240584373,0.052361875772476196,0.0,0.0,0.0,0.018629344180226326,0.6930217742919922,0.0,0.5014848113059998,0.0,0.3820740878582001,0.3661954998970032,0.10816764086484909,0.19981878995895386,0.0,0.0,0.0,1.005257487297058,0.0,0.0,0.0,10.30594539642334,0.0,0.0,0.0,0.0,0.0,0.0,0.0,13.55866527557373,0.0,0.0,0.0,0.0,0.0,0.0,0.0,0.0,0.0,0.0,0.0,0.0,0.0,0.0,0.0,0.0,0.0,0.0,0.10933160036802292,0.0,0.0,0.0,0.9076887965202332,0.0,0.0,0.0,0.0,0.0,0.0,0.0,0.0,0.0,0.016889307647943497,0.0,0.0,0.0,2.3106231689453125,0.0,0.0,0.0,0.0,0.026328647509217262,0.0,0.0,0.0,42.01072311401367,0.0,0.0,0.0,0.0,0.0,0.0,0.0,0.0,0.0,0.0,0.0,0.0,0.0,0.0,0.0,0.0,0.0,0.0,0.0,0.0,0.0,0.0,0.0,0.0,0.0,0.0,0.0,0.0,0.0,0.0,0.0,0.0,0.0,0.0,0.0,0.0,0.0,0.0,0.0,0.0,0.0,0.0,0.0,0.0,0.0,0.0,0.0,0.0,0.0,0.0,0.0,0.0,0.0,0.0,0.0,0.0,0.0,0.0,0.0,0.0,0.0,0.0,0.0,0.0,0.0,0.0,0.0,0.0,0.0,0.0,0.0,0.0,0.0,0.0,0.0,0.0,0.0,0.0,0.0,0.0,0.0,0.0,0.0,0.0,0.0,0.0,0.0,0.0,0.0,0.0,0.0,0.0,0.0,0.0,0.0,0.0,0.0,0.0,0.0,0.0,0.0,0.0,0.0,0.0,0.0,0.0,0.0,0.0,0.0,0.0,0.0,0.0,0.0
5143,0.0,0.0,0.0,0.0,0.06107231602072716,0.1817176640033722,1.0376757383346558,0.0,0.3882802128791809,0.6588329672813416,0.40340936183929443,0.24129070341587067,0.9278110861778259,0.0,0.0,0.0,0.0,0.0,0.0,0.0,0.0,0.0,0.0,0.0,0.0,0.07729534804821014,0.0,0.0,0.0,0.0,0.0,0.0,0.0,0.0,0.0,0.0,0.0,0.0,0.0,0.0,0.0,0.0,0.0,0.0,0.0,0.0,0.0,0.0,0.0,0.0,0.0,0.0,0.0,0.0,0.0,0.0,0.0,0.0,0.0,0.0,0.0,0.0,0.0,0.0,0.0,0.0,0.0,0.0,0.0,0.0,0.0,0.0,0.0,0.0,0.0,0.4556424915790558,0.0,0.0,0.11527211219072342,1.136699914932251,0.5925131440162659,0.0,0.0,0.0,0.0,0.0,0.0,0.25121524930000305,0.25121524930000305,0.0,0.32300058007240295,0.0,0.0,0.0,0.0,0.0,0.0,0.0,0.0,0.0,0.0,0.0,0.0,0.0,0.05653568357229233,0.060799673199653625,0.0,0.0,1.083517074584961,0.0,0.0,2.306838274002075,0.0,0.0,0.0,0.0,0.0,0.0,3.3245692253112793,0.0,0.0,0.0,0.0,0.40932512283325195,0.8707522749900818,0.8395165801048279,0.0,0.0,0.0,0.0,0.0,0.0,0.0,0.0,0.0,0.0,0.0,0.0,0.0,0.0,0.0,0.0,0.0,0.0,0.0,0.0,0.0,0.0,0.0,0.0,0.0,0.0,0.0,0.0,0.0,0.0,0.0,0.0,0.0,0.0,0.0,0.0,0.0,0.0,0.0,0.0,0.0,0.0,0.0,0.0,0.0,0.0,0.0,0.0,0.0,0.0,0.0,0.0,0.0,0.0,0.0,0.0,1.7360351085662842,0.0,1.086063027381897,0.0,0.0,0.08377020061016083,0.24080656468868256,0.0,0.0,0.0,0.15234923362731934,4.248302459716797,0.0,2.4945623874664307,0.0,2.9271275997161865,2.9947164058685303,1.1547387838363647,1.6341015100479126,0.0,0.0,0.0,0.8604609966278076,0.0,0.0,0.0,4.000755310058594,0.0,0.0,0.0,0.0,0.0,0.0,0.0,4.66513729095459,0.0,0.0,0.0,0.0,0.0,0.0,0.0,0.0,0.0,0.0,0.0,0.0,0.0,0.0,0.0,0.0,0.0,0.0,0.6711334586143494,0.0,0.0,0.0,0.9133475422859192,0.0,0.0,0.0,0.0,0.0,0.0,0.0,0.0,0.0,0.13811935484409332,0.0,0.0,0.0,0.5024304986000061,0.0,0.0,0.0,0.0,0.12108258157968521,0.0,0.0,0.0,5.718580722808838,0.0,0.0,0.0,0.0,0.0,0.0,0.0,0.0,0.0,0.0,0.0,0.0,0.0,0.0,0.0,0.0,0.0,0.0,0.0,0.0,0.0,0.0,0.0,0.0,0.0,0.0,0.0,0.0,0.0,0.0,0.0,0.0,0.0,0.0,0.0,0.0,0.0,0.0,0.0,0.0,0.0,0.0,0.0,0.0,0.0,0.0,0.0,0.0,0.0,0.0,0.0,0.0,0.0,0.0,0.0,0.0,0.0,0.0,0.0,0.0,0.0,0.0,0.0,0.0,0.0,0.0,0.0,0.0,0.0,0.0,0.0,0.0,0.0,0.0,0.0,0.0,0.0,0.0,0.0,0.0,0.0,0.0,0.0,0.0,0.0,0.0,0.0,0.0,0.0,0.0,0.0,0.0,0.0,0.0,0.0,0.0,0.0,0.0,0.0,0.0,0.0,0.0,0.0,0.0,0.0,0.0,0.0,0.0,0.0,0.0,0.0,0.0,0.0
5144,0.0,0.0,0.47942206263542175,6.602384090423584,2.823282480239868,3.3608100414276123,24.166963577270508,4.579281806945801,14.101919174194336,16.562414169311523,8.61496353149414,4.094088554382324,16.63568687438965,0.4172491431236267,2.2976109981536865,2.4327139854431152,0.5470232367515564,0.24523107707500458,0.20471744239330292,0.0,0.4749772846698761,0.9740402698516846,0.0,1.490248680114746,1.0103251934051514,3.096926689147949,1.4798086881637573,1.3902637958526611,0.0,0.6819270253181458,0.0,0.26177483797073364,0.0,0.0,0.0,1.606663465499878,0.0,0.0,0.0,0.0,0.0,2.90786075592041,0.0,3.974998950958252,1.6611440181732178,0.0,0.0,0.0,0.0,3.707845687866211,0.0,0.0,0.0,0.0,0.0,0.0,0.0,0.0,0.0,0.0,0.0,0.0,0.0,0.0,2.6126081943511963,0.0,0.0,0.0,0.0,0.0,2.687443256378174,3.8912689685821533,2.687443256378174,0.0,0.0,25.967863082885742,0.0,0.0,97.4747314453125,91.45957946777344,50.872047424316406,0.0,6.229366779327393,18.282875061035156,0.0,0.0,0.0,17.449951171875,33.735557556152344,0.0,39.95743179321289,2.4982662200927734,0.0,0.0,5.008764743804932,0.0,1.7196696996688843,2.450500726699829,1.5555071830749512,0.0,3.058241844177246,0.0,0.0,0.0,6.788418769836426,10.990500450134277,2.9653875827789307,22.64426040649414,73.04951477050781,0.0,0.0,127.57685089111328,0.0,0.0,0.21355561912059784,0.3515145480632782,14.25035572052002,3.3245692253112793,214.46783447265625,0.0,6.110699653625488,2.5074007511138916,2.657670259475708,36.144126892089844,12.85323715209961,25.288211822509766,0.0,0.0,0.0,0.0,0.08294429630041122,0.0,0.0,0.0,0.0,0.0,0.0,0.0,0.0,0.0,0.0,0.0,0.0,3.61696457862854,0.0,0.0,0.0,0.0,0.6891646385192871,0.0,0.0,0.0,0.8284780383110046,0.0,0.0,0.5271926522254944,0.0,0.37144213914871216,0.0,0.0,0.0,0.0,0.0,0.0,0.0,0.0,0.0,0.18958503007888794,0.0,0.0,0.0,0.0,0.0,0.0,0.0,0.2157495766878128,0.0,0.0,0.0,0.0,0.0,0.0,10.405315399169922,1.1049673557281494,9.932818412780762,0.0,0.0,2.018395185470581,6.5999956130981445,0.0,0.0,0.0,3.3889849185943604,53.187049865722656,0.0,54.83010482788086,0.0,37.63792419433594,26.523557662963867,22.9571590423584,15.352611541748047,0.0,0.0,13.934771537780762,48.29654312133789,0.0,13.934771537780762,0.0,227.35797119140625,0.0,0.0,0.0,3.86830472946167,0.0,0.0,0.0,275.9354553222656,0.0,0.0,0.0,0.0,0.0,0.0,0.0,0.0,0.0,0.0,0.0,0.0,0.0,5.18682861328125,0.0,0.6106705665588379,0.0,0.0,11.448081016540527,0.0,0.0,0.0,38.28977966308594,2.2676215171813965,0.0,1.952578067779541,1.2414957284927368,0.0,0.0,0.0,0.0,2.6232378482818604,3.561206579208374,0.6250183582305908,3.2870914936065674,0.0,53.93679428100586,0.0,0.0,1.2414957284927368,0.12081725895404816,2.8220980167388916,0.0,0.0,0.0,357.0721130371094,0.0,0.0,0.0,0.0,0.0,0.0,0.0,0.0,0.0,0.0,0.0,0.0,0.0,0.0,0.0,0.0,0.0,0.0,0.0,0.0,0.0,0.0,0.0,0.0,0.0,0.0,0.0,0.0,0.0,0.0,0.0,0.0,0.0,0.0,0.0,0.0,0.0,0.0,0.0,0.0,0.0,0.0,0.0,0.0,0.0,0.0,0.0,0.0,0.0,0.0,0.0,0.0,0.0,0.0,0.0,0.0,0.0,0.0,0.0,0.0,0.0,0.0,0.0,0.0,0.0,0.0,0.0,0.0,0.0,0.0,0.0,0.0,0.0,0.0,0.0,0.0,0.0,0.0,0.0,0.0,0.0,0.0,0.0,0.0,0.0,0.0,0.0,0.0,0.0,0.0,0.0,0.0,0.0,0.0,0.0,0.0,0.0,0.0,0.0,0.0,0.0,0.0,0.0,0.0,0.0,0.0,0.0,0.0,0.0,0.0,0.0,0.0,0.0
5145,0.0,0.0,0.0,0.0,0.0,0.0,0.0,0.0,0.0,0.0,0.0,0.0,0.0,0.0,0.0,0.0,0.0,0.0,0.0,0.0,0.0,0.0,0.0,0.0,0.0,0.0,0.0,0.0,0.0,0.0,0.0,0.0,0.0,0.0,0.0,0.0,0.0,0.0,0.0,0.0,0.0,0.0,0.0,0.0,0.0,0.0,0.0,0.0,0.0,0.0,0.0,0.0,0.0,0.0,0.0,0.0,0.0,0.0,0.0,0.0,0.0,0.0,0.0,0.0,0.0,0.0,0.0,0.0,0.0,0.0,0.0,0.0,0.0,0.0,0.0,0.0,0.0,0.0,0.0,0.0,0.0,0.0,0.0,0.0,0.0,0.0,0.0,0.0,0.0,0.0,0.0,0.0,0.0,0.0,0.0,0.0,0.0,0.0,0.0,0.0,0.0,0.0,0.0,0.0,0.0,0.0,0.0,0.0,0.0,0.0,0.0,0.0,0.0,0.0,0.0,0.0,0.0,0.0,0.0,0.0,0.0,0.0,0.0,0.0,0.0,0.0,0.0,0.0,0.0,0.0,0.0,0.0,0.0,0.0,0.0,0.0,0.0,0.0,0.0,0.0,0.0,0.0,0.0,0.0,0.0,0.0,0.0,0.0,0.0,0.0,0.0,0.0,0.0,0.0,0.0,0.0,0.0,0.0,0.0,0.0,0.0,0.0,0.0,0.0,0.0,0.0,0.0,0.0,0.0,0.0,0.0,0.0,0.0,0.0,0.0,0.0,0.0,0.0,0.0,0.0,0.0,0.0,0.0,0.0,0.0,0.0,0.0,0.0,0.0,0.0,0.0,0.0,0.0,0.0,0.0,0.0,0.0,0.0,0.0,0.0,0.0,0.0,0.0,0.0,0.0,0.0,0.0,0.0,0.0,0.0,0.0,0.0,0.0,0.0,0.0,0.0,0.0,0.0,0.0,0.0,0.0,0.0,0.0,0.0,0.0,0.0,0.0,0.0,0.0,0.0,0.0,0.0,0.0,0.0,0.0,0.0,0.0,0.0,0.0,0.0,0.0,0.0,0.0,0.0,0.0,0.0,0.0,0.0,0.0,0.0,0.0,0.0,0.0,0.0,0.0,0.0,0.0,0.0,0.0,0.0,0.0,0.0,0.0,0.0,0.0,0.0,0.0,0.0,0.0,0.0,0.0,0.0,0.0,0.0,0.0,0.0,0.0,0.0,0.0,0.0,0.0,0.0,0.0,0.0,0.0,0.0,0.0,0.0,0.0,0.0,0.0,0.0,0.0,0.0,0.0,0.0,0.0,0.0,0.0,0.0,0.0,0.0,0.0,0.0,0.0,0.0,0.0,0.0,0.0,0.0,0.0,0.0,0.0,0.0,0.0,0.0,0.0,0.0,0.0,0.0,0.0,0.0,0.0,0.0,0.0,0.0,0.0,0.0,0.0,0.0,0.0,0.0,0.0,0.0,0.0,0.0,0.0,0.0,0.0,0.0,0.0,0.0,0.0,0.0,0.0,0.0,0.0,0.0,0.0,0.0,0.0,0.0,0.0,0.0,0.0,0.0,0.0,0.0,0.0,0.0,0.0,0.0,0.0,0.0,0.0,0.0,0.0,0.0,0.0,0.0,0.0,0.0,0.0,0.0,0.0,0.0
5146,0.2643333673477173,0.05711781978607178,3.0633156299591064,16.7738094329834,13.716941833496094,19.010229110717773,54.74109649658203,9.96185302734375,33.45597457885742,54.340599060058594,20.52387809753418,43.308815002441406,40.020362854003906,1.0633805990219116,5.094812870025635,4.418222904205322,3.831195831298828,0.7799195647239685,0.16325901448726654,0.0,5.976263999938965,6.419376373291016,0.0,5.834085941314697,9.443004608154297,19.138322830200195,6.794248104095459,8.60332202911377,0.0,1.5403294563293457,0.0,1.1928554773330688,0.0,0.0,0.0,7.196846961975098,0.0,0.0,0.0,1.3978748321533203,0.9272758364677429,5.089295387268066,0.0,16.071861267089844,14.875507354736328,0.0,0.0,0.0,6.6843156814575195,7.287702560424805,1.3794382810592651,6.9080023765563965,3.048827648162842,0.0,1.5934661626815796,2.419853687286377,0.0,0.0,0.0,3.027113199234009,0.0,2.7006146907806396,0.0,2.6811718940734863,18.6310977935791,0.0,3.672628402709961,3.278177499771118,0.0,3.5929558277130127,8.099339485168457,20.12881088256836,17.450096130371094,0.0,0.0,61.32683563232422,0.0,0.0,11.527514457702637,50.4753303527832,32.806400299072266,0.0,7.694268226623535,2.13388991355896,0.0,0.0,0.0,6.064288139343262,41.45738983154297,0.0,5.629602432250977,0.05326443910598755,1.4966695308685303,0.9605454802513123,5.934976577758789,0.0,7.109167575836182,14.02956771850586,1.7649613618850708,0.7018053531646729,209.7083740234375,0.0,0.0,0.0,12.911883354187012,18.451913833618164,6.145019054412842,24.858020782470703,385.20721435546875,0.0,0.0,46.199440002441406,0.0,0.0,0.0,0.0,0.0,0.0,6.110699653625488,0.0,32.75379180908203,16.766626358032227,0.0,3.0000650882720947,0.0,1.1802406311035156,0.0,0.0,0.0,0.0,0.7944989204406738,0.0,0.0,0.0,0.0,0.0,0.0,0.0,0.08895385265350342,3.2838027477264404,1.0957266092300415,0.0,0.0,6.375302314758301,0.0,0.0,0.0,2.4282009601593018,7.3539628982543945,0.0,0.0,0.0,6.755025386810303,0.0,0.0,4.975715160369873,0.0,2.306133270263672,0.0,0.0,0.5584254860877991,0.0,0.0,0.0,0.0,0.0,0.0,0.8267379403114319,0.0,0.0,0.0,0.0,0.0,0.0,0.0,0.7333987355232239,0.0,0.0,0.7039847373962402,0.0,0.0,0.0,36.27436447143555,2.7779293060302734,34.81603240966797,0.0,0.0,3.761528968811035,12.934674263000488,0.0,0.0,0.0,6.5659613609313965,107.42001342773438,0.0,62.19734191894531,0.0,89.85562896728516,55.0666618347168,30.96194839477539,38.20098114013672,0.0,0.0,1.2197176218032837,6.296505451202393,0.0,1.2197176218032837,0.0,24.70052146911621,0.0,0.0,0.0,1.909371256828308,0.0,0.0,0.0,89.90504455566406,0.0,0.0,0.0,0.0,0.0,0.0,0.0,0.0,0.0,0.0,0.0,0.0,0.0,4.970123767852783,0.0,0.0,0.0,0.0,22.149677276611328,0.0,0.0,0.0,25.788135528564453,2.7243432998657227,0.0,5.602668762207031,4.977729797363281,0.0,0.0,0.0,0.0,16.708438873291016,22.426198959350586,3.795999765396118,19.202064514160156,0.0,6.198816299438477,0.2158655822277069,0.0,4.977729797363281,0.19669832289218903,11.93980598449707,0.0,0.0,0.0,7.81695556640625,0.0,0.0,0.0,0.0,0.0,0.0,0.0,0.0,0.0,0.0,0.0,0.0,0.0,0.0,0.0,0.0,0.0,0.0,0.0,0.0,0.0,0.0,0.0,0.0,0.0,0.0,0.0,0.0,0.0,0.0,0.0,0.0,0.0,0.0,0.0,0.0,0.0,0.0,0.0,0.0,0.0,0.0,0.0,0.0,0.0,0.0,0.0,0.0,0.0,0.0,0.0,0.0,0.0,0.0,0.0,0.0,0.0,0.0,0.0,0.0,0.0,0.0,0.0,0.0,0.0,0.0,0.0,0.0,0.0,0.0,0.0,0.0,0.0,0.0,0.0,0.0,0.0,0.0,0.0,0.0,0.0,0.0,0.0,0.0,0.0,0.0,0.0,0.0,0.0,0.0,0.0,0.0,0.0,0.0,0.0,0.0,0.0,0.0,0.0,0.0,0.0,0.0,0.0,0.0,0.0,0.0,0.0,0.0,0.0,0.0,0.0,0.0,0.0
5147,0.0,0.0,1.020300269126892,4.164697170257568,3.2397515773773193,4.472443580627441,15.433365821838379,3.117987871170044,11.84473991394043,16.13328742980957,6.65140962600708,5.934823989868164,15.20938491821289,0.15517397224903107,1.9244415760040283,1.4984434843063354,0.5385646224021912,0.15147924423217773,0.0810629278421402,0.0,0.8018365502357483,1.1970208883285522,0.0,1.303605318069458,1.5914052724838257,3.343874216079712,1.8735836744308472,1.5942264795303345,0.0,0.29823949933052063,0.0,0.23238445818424225,0.0,0.0,0.0,1.994391918182373,0.0,0.0,0.0,0.42933955788612366,0.5554962754249573,1.4739084243774414,0.0,5.6036696434021,3.3630170822143555,0.0,0.0,0.0,0.0,2.991609573364258,0.17403022944927216,2.2359769344329834,0.8313878178596497,0.0,0.0,0.0,0.0,0.0,0.0,0.326783686876297,0.0,0.475101113319397,0.0,0.9585949778556824,4.515270233154297,0.0,0.7243384122848511,0.6223037838935852,0.0,0.5836055874824524,2.650721788406372,7.520781517028809,4.686831474304199,0.0,0.0,8.511682510375977,0.0,0.0,2.2866878509521484,7.476168632507324,5.507589340209961,0.0,1.5464543104171753,0.3018743097782135,0.0,0.0,0.0,0.0,8.79280948638916,0.0,0.0,0.6919045448303223,0.32349345088005066,0.3554413914680481,2.023594617843628,0.0,0.8303954601287842,4.351718902587891,0.08551185578107834,0.19559131562709808,62.27587890625,0.0,0.0,0.0,2.564237356185913,3.5815179347991943,1.2081174850463867,9.139965057373047,97.37812042236328,0.0,0.0,15.395210266113281,0.0,0.0,0.0,0.0,0.0,0.0,2.5074007511138916,0.0,16.766626358032227,8.257328033447266,0.0,0.657507598400116,0.0,1.172417163848877,0.0,0.0,0.0,0.0,0.18954141438007355,0.0,0.0,0.0,0.0,0.0,0.0,0.0,0.0,0.0,0.0,0.0,0.0,2.218332052230835,0.0,0.0,0.0,0.0,1.4282090663909912,0.0,0.0,0.0,1.663398027420044,0.0,0.0,0.7708372473716736,0.0,0.9985876083374023,0.0,0.0,0.2581494450569153,0.0,0.0,0.0,0.0,0.0,0.0,0.26759812235832214,0.0,0.0,0.0,0.0,0.0,0.0,0.0,0.28475654125213623,0.0,0.0,0.0,0.0,0.0,0.0,8.927299499511719,1.0043662786483765,5.326785564422607,0.0,0.0,1.0069057941436768,3.120373249053955,0.0,0.0,0.0,2.4276669025421143,24.254053115844727,0.0,22.391822814941406,0.0,14.142457008361816,6.849944591522217,10.443254470825195,16.030271530151367,0.0,0.0,0.23890087008476257,3.415572166442871,0.0,0.23890087008476257,0.0,12.849279403686523,0.0,0.0,0.0,0.9097149968147278,0.0,0.0,0.0,51.5928840637207,0.0,0.0,0.0,0.0,0.0,0.0,0.0,0.0,0.0,0.0,0.0,0.0,0.0,1.6373023986816406,0.0,0.0,0.0,0.0,9.691679000854492,0.0,0.0,0.0,9.237712860107422,0.4358884394168854,0.0,2.3914520740509033,1.2112826108932495,0.0,0.0,0.0,0.0,2.9426794052124023,5.253025531768799,0.8183562755584717,4.994532108306885,0.0,1.146392822265625,0.10924219340085983,0.0,1.2128304243087769,0.009435695596039295,2.3489937782287598,0.0,0.0,0.0,1.2088665962219238,0.0,0.0,0.0,0.0,0.0,0.0,0.0,0.0,0.0,0.0,0.0,0.0,0.0,0.0,0.0,0.0,0.0,0.0,0.0,0.0,0.0,0.0,0.0,0.0,0.0,0.0,0.0,0.0,0.0,0.0,0.0,0.0,0.0,0.0,0.0,0.0,0.0,0.0,0.0,0.0,0.0,0.0,0.0,0.0,0.0,0.0,0.0,0.0,0.0,0.0,0.0,0.0,0.0,0.0,0.0,0.0,0.0,0.0,0.0,0.0,0.0,0.0,0.0,0.0,0.0,0.0,0.0,0.0,0.0,0.0,0.0,0.0,0.0,0.0,0.0,0.0,0.0,0.0,0.0,0.0,0.0,0.0,0.0,0.0,0.0,0.0,0.0,0.0,0.0,0.0,0.0,0.0,0.0,0.0,0.0,0.0,0.0,0.0,0.0,0.0,0.0,0.0,0.0,0.0,0.0,0.0,0.0,0.0,0.0,0.0,0.0,0.0,0.0
5148,0.0,0.0,2.1829917430877686,10.236294746398926,7.961382865905762,8.943263053894043,44.83702087402344,7.489128589630127,24.053163528442383,262.8733825683594,14.000728607177734,67.18309783935547,222.9822998046875,6.703535556793213,4.455362796783447,45.98486328125,2.48720645904541,3.1177477836608887,0.0,0.0,8.545811653137207,8.129236221313477,0.0,63.86376190185547,18.957786560058594,94.79771423339844,5.267498016357422,6.101635932922363,0.0,10.185038566589355,0.0,1.6122844219207764,0.0,0.0,0.0,0.0,0.0,0.0,0.0,0.0,0.0,0.0,0.0,0.0,0.0,0.0,0.0,0.0,0.0,0.0,0.0,0.0,0.0,0.0,0.0,0.0,0.0,0.0,0.0,0.0,0.0,0.0,0.0,0.0,0.0,0.0,0.0,0.0,0.0,0.0,0.0,0.0,0.0,0.0,0.0,8.107011795043945,0.0,0.0,4.579404830932617,35.94096374511719,5.214020729064941,0.0,0.3737041652202606,0.723866879940033,0.0,0.0,0.0,0.0,2.098562479019165,0.0,1.1286532878875732,2.7367494106292725,0.0,0.0,0.6084473133087158,0.0,0.0,0.21828852593898773,0.0,0.0,0.0,0.0,0.0,0.0,9.801831245422363,12.343964576721191,4.629525184631348,0.5962991118431091,13.130218505859375,0.0,0.0,14.503596305847168,0.0,0.0,0.0,0.0,0.0,0.0,2.657670259475708,0.0,0.0,0.0,0.0,64.35304260253906,10.507083892822266,19.50823402404785,0.0,0.0,0.0,0.0,1.9795371294021606,0.0,0.0,0.0,0.0,0.0,0.0,0.0,0.0,0.0,0.0,0.0,0.0,9.939653396606445,0.0,0.0,0.0,0.0,0.6327070593833923,0.0,0.0,0.0,0.7606076598167419,0.0,0.0,0.0,0.0,1.7191203832626343,0.0,0.0,0.0,0.0,0.0,0.0,0.0,0.0,0.0,0.48795655369758606,0.0,0.0,0.0,0.0,0.0,0.0,0.0,0.0,0.0,0.0,0.0,0.0,0.0,0.0,198.6644287109375,25.871198654174805,50.69464874267578,0.0,0.0,15.340518951416016,71.83534240722656,0.0,0.0,0.0,38.721900939941406,96.35557556152344,0.0,182.89845275878906,0.0,301.5746154785156,105.72486114501953,92.57522583007812,52.910011291503906,0.0,0.0,13.263465881347656,64.24336242675781,0.0,21.342832565307617,0.0,617.973388671875,0.0,0.0,0.0,34.07080841064453,0.0,0.0,0.0,363.215576171875,0.0,0.0,0.0,0.0,0.0,0.0,0.0,0.0,0.0,0.0,0.0,0.0,0.0,6.300127983093262,0.0,0.531143307685852,0.0,0.0,140.17608642578125,0.0,0.0,0.0,193.20941162109375,3.022029161453247,0.0,11.394253730773926,23.03176498413086,0.0,0.0,0.0,0.0,5.427036285400391,9.76041030883789,10.145294189453125,12.685524940490723,0.0,0.6127548813819885,0.0,0.0,23.03176498413086,0.0,7.0378313064575195,0.0,0.0,0.0,5.47075080871582,0.0,0.0,0.0,0.0,0.0,0.0,0.0,0.0,0.0,0.0,0.0,0.0,0.0,0.0,0.0,0.0,0.0,0.0,0.0,0.0,0.0,0.0,0.0,0.0,0.0,0.0,0.0,0.0,0.0,0.0,0.0,0.0,0.0,0.0,0.0,0.0,0.0,0.0,0.0,0.0,0.0,0.0,0.0,0.0,0.0,0.0,0.0,0.0,0.0,0.0,0.0,0.0,0.0,0.0,0.0,0.0,0.0,0.0,0.0,0.0,0.0,0.0,0.0,0.0,0.0,0.0,0.0,0.0,0.0,0.0,0.0,0.0,0.0,0.0,0.0,0.0,0.0,0.0,0.0,0.0,0.0,0.0,0.0,0.0,0.0,0.0,0.0,0.0,0.0,0.0,0.0,0.0,0.0,0.0,0.0,0.0,0.0,0.0,0.0,0.0,0.0,0.0,0.0,0.0,0.0,0.0,0.0,0.0,0.0,0.0,0.0,0.0,0.0
5149,0.0,0.0,0.5784299373626709,2.3291189670562744,1.3172823190689087,2.0099523067474365,10.177474021911621,1.1483232975006104,3.7130215167999268,11.266458511352539,3.308051586151123,15.053985595703125,44.77941131591797,1.0736340284347534,0.8046218752861023,1.749047040939331,0.6500470042228699,0.43667420744895935,0.4447139501571655,0.0,1.3896385431289673,1.7759320735931396,0.0,23.261825561523438,1.9749037027359009,11.629987716674805,0.6079360246658325,0.7859800457954407,0.0,3.117141008377075,0.0,0.3896375596523285,0.0,0.0,0.0,1.6726406812667847,0.0,0.0,0.0,0.0,0.02716965787112713,0.11070504039525986,0.0,1.6700165271759033,1.7252053022384644,0.0,0.0,0.0,0.0,0.22230906784534454,0.02617565728724003,1.5137468576431274,0.0,0.0,0.0,0.0,0.0,0.0,0.0,0.254276305437088,0.0,0.425320029258728,0.0,0.0,1.783157229423523,0.0,0.21996693313121796,0.16290540993213654,0.0,0.3201252520084381,2.122053384780884,3.999681234359741,2.122053384780884,0.0,0.0,23.410093307495117,0.0,0.0,37.34872055053711,22.191377639770508,7.070998191833496,0.0,4.960837364196777,6.163013458251953,0.0,0.0,0.0,1.234968900680542,17.7469425201416,0.0,3.149740695953369,3.266528606414795,0.0,0.0,0.3218367397785187,0.0,0.347139835357666,0.3720923066139221,0.1039377823472023,0.0,0.0023514500353485346,0.0,0.0,0.0,30.4158992767334,37.59404754638672,14.128301620483398,3.3642280101776123,32.84160232543945,0.0,0.0,23.654525756835938,0.0,0.0,39.3990592956543,43.58172607421875,1.8824416399002075,0.40932512283325195,36.144126892089844,0.0,3.0000650882720947,0.657507598400116,64.35304260253906,101.36746978759766,29.517263412475586,82.53840637207031,0.0,0.0,0.0,0.0,1.0470713376998901,0.0,0.0,0.0,0.0,0.0,0.0,0.0,0.0,1.7510781288146973,0.0,0.0,0.0,3.317324161529541,0.0,0.0,0.0,0.0,0.3346688449382782,0.0,0.0,0.0,0.40232157707214355,0.0,0.0,0.6860629916191101,0.0,0.909324586391449,0.0,0.0,0.0,0.0,0.0,0.0,0.0,0.0,0.0,0.2581034302711487,0.0,0.0,0.0,0.0,0.0,0.0,0.0,0.5078564882278442,0.0,0.0,0.8973684906959534,0.0,0.0,0.0,35.994449615478516,1.6329096555709839,10.67081069946289,0.0,0.0,0.7639653086662292,3.081455707550049,0.0,0.0,0.0,16.612455368041992,43.30298614501953,0.0,24.60611915588379,0.0,25.288646697998047,26.17457389831543,30.3809814453125,30.13512420654297,0.0,0.0,36.09238815307617,238.27903747558594,0.0,36.09238815307617,0.0,575.9801025390625,0.0,0.0,0.0,22.792089462280273,0.0,0.0,0.0,977.0391845703125,0.0,0.0,0.0,0.0,0.0,0.0,0.0,0.0,0.0,0.0,0.0,0.0,0.0,11.163725852966309,0.0,3.4241085052490234,0.0,0.0,122.67398071289062,0.0,0.0,0.0,181.2041473388672,19.532140731811523,0.0,14.682705879211426,0.566769003868103,0.0,0.0,0.0,0.0,2.6155714988708496,4.9253363609313965,3.6616663932800293,4.068629264831543,0.0,2.5338311195373535,0.0,0.0,0.566769003868103,1.4403318166732788,1.4768174886703491,0.0,0.0,0.0,15.755088806152344,0.0,0.0,0.0,0.0,0.0,0.0,0.0,0.0,0.0,0.0,0.0,0.0,0.0,0.0,0.0,0.0,0.0,0.0,0.0,0.0,0.0,0.0,0.0,0.0,0.0,0.0,0.0,0.0,0.0,0.0,0.0,0.0,0.0,0.0,0.0,0.0,0.0,0.0,0.0,0.0,0.0,0.0,0.0,0.0,0.0,0.0,0.0,0.0,0.0,0.0,0.0,0.0,0.0,0.0,0.0,0.0,0.0,0.0,0.0,0.0,0.0,0.0,0.0,0.0,0.0,0.0,0.0,0.0,0.0,0.0,0.0,0.0,0.0,0.0,0.0,0.0,0.0,0.0,0.0,0.0,0.0,0.0,0.0,0.0,0.0,0.0,0.0,0.0,0.0,0.0,0.0,0.0,0.0,0.0,0.0,0.0,0.0,0.0,0.0,0.0,0.0,0.0,0.0,0.0,0.0,0.0,0.0,0.0,0.0,0.0,0.0,0.0,0.0
5150,0.0,0.0,0.3943723142147064,1.6962391138076782,1.5591627359390259,1.4805238246917725,9.593500137329102,1.5488877296447754,5.387559413909912,7.003988265991211,3.3085570335388184,2.9327139854431152,7.493298530578613,0.06621763110160828,0.0,1.0372281074523926,0.0,0.0,0.0,0.0,0.2792138159275055,0.4030005633831024,0.0,1.3849074840545654,0.8425208926200867,2.7768800258636475,0.581812858581543,0.7070023417472839,0.0,0.0,0.0,0.0,0.0,0.0,0.0,0.0,0.0,0.0,0.0,0.0,0.0,0.0,0.0,0.04296838492155075,0.0,0.0,0.0,0.0,0.0,0.0,0.0,0.0,0.0,0.0,0.0,0.0,0.0,0.0,0.0,0.0,0.0,0.0,0.0,0.0,0.0,0.0,0.0,0.0,0.0,0.0,0.0,0.0,0.0,0.0,0.0,2.1959197521209717,0.0,0.0,14.898305892944336,2.4346752166748047,1.2371500730514526,0.0,0.41415783762931824,0.24835093319416046,0.0,0.0,0.0,0.0,9.344831466674805,0.0,0.40730637311935425,0.9976599812507629,0.0,0.0,0.0,0.0,0.0,0.0,0.0,0.0,0.0,0.0,0.0,0.0,4.355064392089844,5.439802646636963,1.3144034147262573,1.0195744037628174,5.624655246734619,0.0,0.0,10.713367462158203,0.0,0.0,7.092295169830322,7.673540115356445,0.7583315968513489,0.8707522749900818,12.85323715209961,0.0,0.0,0.0,10.507083892822266,29.517263412475586,3.268203020095825,10.815999031066895,0.0,0.0,0.0,0.0,0.0,0.0,0.0,0.0,0.0,0.0,0.0,0.0,0.0,0.0,0.0,0.0,0.0,0.0,0.0,0.0,0.0,0.0,0.0,0.0,0.0,0.0,0.0,0.0,0.0,0.0,0.0,0.0,0.0,0.0,0.0,0.0,0.0,0.0,0.0,0.0,0.0,0.0,0.0,0.0,0.0,0.0,0.0,0.0,0.0,0.0,0.0,0.0,0.0,0.0,0.0,0.0,27.31648063659668,0.40033265948295593,7.214109420776367,0.0,0.0,0.5167660117149353,2.9552841186523438,0.0,0.0,0.0,3.7777068614959717,41.80039596557617,0.0,69.90601348876953,0.0,30.71971321105957,23.499425888061523,13.880330085754395,15.426068305969238,0.0,0.0,3.3482017517089844,28.162675857543945,0.0,3.1594252586364746,0.0,86.25077819824219,0.0,0.0,0.0,2.315075159072876,0.0,0.0,0.0,104.61414337158203,0.0,0.0,0.0,0.0,0.0,0.0,0.0,0.0,0.0,0.0,0.0,0.0,0.0,1.562195062637329,0.0,0.0,0.0,0.0,11.44546127319336,0.0,0.0,0.0,19.894481658935547,0.0,0.0,0.36976611614227295,0.17699769139289856,0.0,0.0,0.0,0.0,0.8666914701461792,2.8580000400543213,0.35010242462158203,2.399726629257202,0.0,0.4734688997268677,0.0,0.0,0.17699769139289856,0.0,1.0005533695220947,0.0,0.0,0.0,6.373281002044678,0.0,0.0,0.0,0.0,0.0,0.0,0.0,0.0,0.0,0.0,0.0,0.0,0.0,0.0,0.0,0.0,0.0,0.0,0.0,0.0,0.0,0.0,0.0,0.0,0.0,0.0,0.0,0.0,0.0,0.0,0.0,0.0,0.0,0.0,0.0,0.0,0.0,0.0,0.0,0.0,0.0,0.0,0.0,0.0,0.0,0.0,0.0,0.0,0.0,0.0,0.0,0.0,0.0,0.0,0.0,0.0,0.0,0.0,0.0,0.0,0.0,0.0,0.0,0.0,0.0,0.0,0.0,0.0,0.0,0.0,0.0,0.0,0.0,0.0,0.0,0.0,0.0,0.0,0.0,0.0,0.0,0.0,0.0,0.0,0.0,0.0,0.0,0.0,0.0,0.0,0.0,0.0,0.0,0.0,0.0,0.0,0.0,0.0,0.0,0.0,0.0,0.0,0.0,0.0,0.0,0.0,0.0,0.0,0.0,0.0,0.0,0.0,0.0
5151,0.0,0.0,0.744890570640564,4.106715202331543,3.302372932434082,3.714158535003662,14.432516098022461,2.319932699203491,7.990650177001953,12.456040382385254,3.8852415084838867,8.118949890136719,25.073640823364258,0.16511446237564087,0.7774221897125244,1.3271489143371582,0.3727509677410126,0.14854052662849426,0.0,0.0,1.6784546375274658,3.161804437637329,0.0,1.8553252220153809,3.685096025466919,4.0765228271484375,1.756723403930664,2.0016605854034424,0.0,0.37238094210624695,0.0,0.22595587372779846,0.0,0.0,0.0,0.8262596130371094,0.0,0.0,0.0,0.0,0.0,0.10667292773723602,0.0,2.6412885189056396,2.1919190883636475,0.0,0.0,0.0,0.0,0.2142120897769928,0.0,0.0,0.0,0.0,0.0,0.0,0.0,0.0,0.0,0.0,0.0,0.0,0.0,0.0,3.4636731147766113,0.0,0.0,0.15697205066680908,0.0,0.0,3.5578434467315674,5.135350704193115,3.5578434467315674,0.0,0.0,15.878312110900879,0.0,0.0,48.40141677856445,9.386905670166016,4.769839763641357,0.0,8.476609230041504,8.106230735778809,0.0,0.0,0.0,1.3734462261199951,29.60361671447754,0.0,1.7283604145050049,1.1347570419311523,0.0,0.0,0.25172528624534607,0.0,0.0,0.351947546005249,0.0,0.0,12.457863807678223,0.0,0.0,0.0,12.673063278198242,17.489171981811523,5.647617816925049,1.7272098064422607,17.260234832763672,0.0,0.0,21.521791458129883,0.0,0.0,9.49159049987793,10.410573959350586,1.3321555852890015,0.8395165801048279,25.288211822509766,0.0,1.1802406311035156,1.172417163848877,19.50823402404785,82.53840637207031,10.815999031066895,25.53056526184082,0.0,0.0,0.0,0.0,0.0,0.0,0.0,0.0,0.0,0.0,0.0,0.0,0.0,0.0,0.0,0.0,0.0,1.5162014961242676,0.0,0.0,0.0,0.0,0.3224794864654541,0.0,0.0,0.0,0.3876681327819824,0.0,0.0,0.0,0.0,0.0,0.0,0.0,0.0,0.0,0.0,0.0,0.0,0.0,0.0,0.10652297735214233,0.0,0.0,0.0,0.0,0.0,0.0,0.0,0.0,0.0,0.0,0.0,0.0,0.0,0.0,75.08040618896484,3.8949167728424072,22.4472599029541,0.0,0.0,2.009549617767334,7.578615188598633,0.0,0.0,0.0,6.18577241897583,94.62582397460938,0.0,95.69000244140625,0.0,97.31011199951172,51.38081359863281,28.207447052001953,25.890926361083984,0.0,0.0,5.197688579559326,33.83536911010742,0.0,4.507955074310303,0.0,139.64447021484375,0.0,0.0,0.0,3.8372790813446045,0.0,0.0,0.0,572.890380859375,0.0,0.0,0.0,0.0,0.0,0.0,0.0,0.0,0.0,0.0,0.0,0.0,0.0,5.446693420410156,0.0,0.0,0.0,0.0,12.998661041259766,0.0,0.0,0.0,38.351593017578125,1.6993886232376099,0.0,1.4348398447036743,3.580354690551758,0.0,0.0,0.0,0.0,3.6094484329223633,6.172600269317627,1.3331897258758545,5.280390739440918,0.0,1.4900189638137817,0.0,0.0,3.580354690551758,0.0,2.533599853515625,0.0,0.0,0.0,13.847732543945312,0.0,0.0,0.0,0.0,0.0,0.0,0.0,0.0,0.0,0.0,0.0,0.0,0.0,0.0,0.0,0.0,0.0,0.0,0.0,0.0,0.0,0.0,0.0,0.0,0.0,0.0,0.0,0.0,0.0,0.0,0.0,0.0,0.0,0.0,0.0,0.0,0.0,0.0,0.0,0.0,0.0,0.0,0.0,0.0,0.0,0.0,0.0,0.0,0.0,0.0,0.0,0.0,0.0,0.0,0.0,0.0,0.0,0.0,0.0,0.0,0.0,0.0,0.0,0.0,0.0,0.0,0.0,0.0,0.0,0.0,0.0,0.0,0.0,0.0,0.0,0.0,0.0,0.0,0.0,0.0,0.0,0.0,0.0,0.0,0.0,0.0,0.0,0.0,0.0,0.0,0.0,0.0,0.0,0.0,0.0,0.0,0.0,0.0,0.0,0.0,0.0,0.0,0.0,0.0,0.0,0.0,0.0,0.0,0.0,0.0,0.0,0.0,0.0
5152,0.0,0.0,0.0,0.0,0.0,0.0,0.0,0.0,0.0,0.0,0.0,0.0,0.0,0.0,0.0,0.0,0.0,0.0,0.0,0.0,0.0,0.0,0.0,0.0,0.0,0.0,0.0,0.0,0.0,0.0,0.0,0.0,0.0,0.0,0.0,0.0,0.0,0.0,0.0,0.0,0.0,0.0,0.0,0.0,0.0,0.0,0.0,0.0,0.0,0.0,0.0,0.0,0.0,0.0,0.0,0.0,0.0,0.0,0.0,0.0,0.0,0.0,0.0,0.0,0.0,0.0,0.0,0.0,0.0,0.0,0.0,0.0,0.0,0.0,0.0,0.0,0.0,0.0,0.0,0.0,0.0,0.0,0.0,0.0,0.0,0.0,0.0,0.0,0.0,0.0,0.0,0.0,0.0,0.0,0.0,0.0,0.0,0.0,0.0,0.0,0.0,0.0,0.0,0.0,0.0,0.0,0.0,0.0,0.0,0.0,0.0,0.0,0.0,0.0,0.0,0.0,0.0,0.0,0.0,0.0,0.0,0.0,0.0,0.0,0.0,0.0,0.0,0.0,0.0,0.0,0.0,0.0,0.0,0.0,0.0,0.0,0.0,0.0,0.0,0.0,0.0,0.0,0.0,0.0,0.0,0.0,0.0,0.0,0.0,0.0,0.0,0.0,0.0,0.0,0.0,0.0,0.0,0.0,0.0,0.0,0.0,0.0,0.0,0.0,0.0,0.0,0.0,0.0,0.0,0.0,0.0,0.0,0.0,0.0,0.0,0.0,0.0,0.0,0.0,0.0,0.0,0.0,0.0,0.0,0.0,0.0,0.0,0.0,0.0,0.0,0.0,0.0,0.0,0.0,0.0,0.0,0.0,0.0,0.0,0.0,0.0,0.0,0.0,0.0,0.0,0.0,0.0,0.0,0.0,0.0,0.0,0.0,0.0,0.0,0.0,0.0,0.0,0.0,0.0,0.0,0.0,0.0,0.0,0.0,0.0,0.0,0.0,0.0,0.0,0.0,0.0,0.0,0.0,0.0,0.0,0.0,0.0,0.0,0.0,0.0,0.0,0.0,0.0,0.0,0.0,0.0,0.0,0.0,0.0,0.0,0.0,0.0,0.0,0.0,0.0,0.0,0.0,0.0,0.0,0.0,0.0,0.0,0.0,0.0,0.0,0.0,0.0,0.0,0.0,0.0,0.0,0.0,0.0,0.0,0.0,0.0,0.0,0.0,0.0,0.0,0.0,0.0,0.0,0.0,0.0,0.0,0.0,0.0,0.0,0.0,0.0,0.0,0.0,0.0,0.0,0.0,0.0,0.0,0.0,0.0,0.0,0.0,0.0,0.0,0.0,0.0,0.0,0.0,0.0,0.0,0.0,0.0,0.0,0.0,0.0,0.0,0.0,0.0,0.0,0.0,0.0,0.0,0.0,0.0,0.0,0.0,0.0,0.0,0.0,0.0,0.0,0.0,0.0,0.0,0.0,0.0,0.0,0.0,0.0,0.0,0.0,0.0,0.0,0.0,0.0,0.0,0.0,0.0,0.0,0.0,0.0,0.0,0.0,0.0,0.0,0.0,0.0,0.0,0.0,0.0,0.0,0.0,0.0,0.0,0.0,0.0,0.0,0.0,0.0,0.0,0.0,0.0,0.0,0.0,0.0,0.0
5153,0.0,0.0,0.0,0.0,0.0,0.0,0.0,0.0,0.0,0.0,0.0,0.0,0.0,0.0,0.0,0.0,0.0,0.0,0.0,0.0,0.0,0.0,0.0,0.0,0.0,0.0,0.0,0.0,0.0,0.0,0.0,0.0,0.0,0.0,0.0,0.0,0.0,0.0,0.0,0.0,0.0,0.0,0.0,0.0,0.0,0.0,0.0,0.0,0.0,0.0,0.0,0.0,0.0,0.0,0.0,0.0,0.0,0.0,0.0,0.0,0.0,0.0,0.0,0.0,0.0,0.0,0.0,0.0,0.0,0.0,0.0,0.0,0.0,0.0,0.0,0.0,0.0,0.0,0.0,0.0,0.0,0.0,0.0,0.0,0.0,0.0,0.0,0.0,0.0,0.0,0.0,0.0,0.0,0.0,0.0,0.0,0.0,0.0,0.0,0.0,0.0,0.0,0.0,0.0,0.0,0.0,0.0,0.0,0.0,0.0,0.0,0.0,0.0,0.0,0.0,0.0,0.0,0.0,0.0,0.0,0.0,0.0,0.0,0.0,0.0,0.0,0.0,0.0,0.0,0.0,0.0,0.0,0.0,0.0,0.0,0.0,0.0,0.0,0.0,0.0,0.0,0.0,0.0,0.0,0.0,0.0,0.0,0.0,0.0,0.0,0.0,0.0,0.0,0.0,0.0,0.0,0.0,0.0,0.0,0.0,0.0,0.0,0.0,0.0,0.0,0.0,0.0,0.0,0.0,0.0,0.0,0.0,0.0,0.0,0.0,0.0,0.0,0.0,0.0,0.0,0.0,0.0,0.0,0.0,0.0,0.0,0.0,0.0,0.0,0.0,0.0,0.0,0.0,0.0,0.0,0.0,0.0,0.0,0.0,0.0,0.0,0.0,0.0,0.0,0.0,0.0,0.0,0.0,0.0,0.0,0.0,0.0,0.0,0.0,0.0,0.0,0.0,0.0,0.0,0.0,0.0,0.0,0.0,0.0,0.0,0.0,0.0,0.0,0.0,0.0,0.0,0.0,0.0,0.0,0.0,0.0,0.0,0.0,0.0,0.0,0.0,0.0,0.0,0.0,0.0,0.0,0.0,0.0,0.0,0.0,0.0,0.0,0.0,0.0,0.0,0.0,0.0,0.0,0.0,0.0,0.0,0.0,0.0,0.0,0.0,0.0,0.0,0.0,0.0,0.0,0.0,0.0,0.0,0.0,0.0,0.0,0.0,0.0,0.0,0.0,0.0,0.0,0.0,0.0,0.0,0.0,0.0,0.0,0.0,0.0,0.0,0.0,0.0,0.0,0.0,0.0,0.0,0.0,0.0,0.0,0.0,0.0,0.0,0.0,0.0,0.0,0.0,0.0,0.0,0.0,0.0,0.0,0.0,0.0,0.0,0.0,0.0,0.0,0.0,0.0,0.0,0.0,0.0,0.0,0.0,0.0,0.0,0.0,0.0,0.0,0.0,0.0,0.0,0.0,0.0,0.0,0.0,0.0,0.0,0.0,0.0,0.0,0.0,0.0,0.0,0.0,0.0,0.0,0.0,0.0,0.0,0.0,0.0,0.0,0.0,0.0,0.0,0.0,0.0,0.0,0.0,0.0,0.0,0.0,0.0,0.0,0.0,0.0,0.0,0.0,0.0,0.0,0.0,0.0,0.0,0.0
5154,0.0,0.0,0.0,0.0,0.0,0.0,0.0,0.0,0.0,0.0,0.0,0.0,0.0,0.0,0.0,0.0,0.0,0.0,0.0,0.0,0.0,0.0,0.0,0.0,0.0,0.0,0.0,0.0,0.0,0.0,0.0,0.0,0.0,0.0,0.0,0.0,0.0,0.0,0.0,0.0,0.0,0.0,0.0,0.0,0.0,0.0,0.0,0.0,0.0,0.0,0.0,0.0,0.0,0.0,0.0,0.0,0.0,0.0,0.0,0.0,0.0,0.0,0.0,0.0,0.0,0.0,0.0,0.0,0.0,0.0,0.0,0.0,0.0,0.0,0.0,0.0,0.0,0.0,0.0,0.0,0.0,0.0,0.0,0.0,0.0,0.0,0.0,0.0,0.0,0.0,0.0,0.0,0.0,0.0,0.0,0.0,0.0,0.0,0.0,0.0,0.0,0.0,0.0,0.0,0.0,0.0,0.0,0.0,0.0,0.0,0.0,0.0,0.0,0.0,0.0,0.0,0.0,0.0,0.0,0.0,0.0,0.0,0.0,0.0,0.0,0.0,0.0,0.0,0.0,0.0,0.0,0.0,0.0,0.0,0.0,0.0,0.0,0.0,0.0,0.0,0.0,0.0,0.0,0.0,0.0,0.0,0.0,0.0,0.0,0.0,0.0,0.0,0.0,0.0,0.0,0.0,0.0,0.0,0.0,0.0,0.0,0.0,0.0,0.0,0.0,0.0,0.0,0.0,0.0,0.0,0.0,0.0,0.0,0.0,0.0,0.0,0.0,0.0,0.0,0.0,0.0,0.0,0.0,0.0,0.0,0.0,0.0,0.0,0.0,0.0,0.0,0.0,0.0,0.0,0.0,0.0,0.0,0.0,0.0,0.0,0.0,0.0,0.0,0.0,0.0,0.0,0.0,0.0,0.0,0.0,0.0,0.0,0.0,0.0,0.0,0.0,0.0,0.0,0.0,0.0,0.0,0.0,0.0,0.0,0.0,0.0,0.0,0.0,0.0,0.0,0.0,0.0,0.0,0.0,0.0,0.0,0.0,0.0,0.0,0.0,0.0,0.0,0.0,0.0,0.0,0.0,0.0,0.0,0.0,0.0,0.0,0.0,0.0,0.0,0.0,0.0,0.0,0.0,0.0,0.0,0.0,0.0,0.0,0.0,0.0,0.0,0.0,0.0,0.0,0.0,0.0,0.0,0.0,0.0,0.0,0.0,0.0,0.0,0.0,0.0,0.0,0.0,0.0,0.0,0.0,0.0,0.0,0.0,0.0,0.0,0.0,0.0,0.0,0.0,0.0,0.0,0.0,0.0,0.0,0.0,0.0,0.0,0.0,0.0,0.0,0.0,0.0,0.0,0.0,0.0,0.0,0.0,0.0,0.0,0.0,0.0,0.0,0.0,0.0,0.0,0.0,0.0,0.0,0.0,0.0,0.0,0.0,0.0,0.0,0.0,0.0,0.0,0.0,0.0,0.0,0.0,0.0,0.0,0.0,0.0,0.0,0.0,0.0,0.0,0.0,0.0,0.0,0.0,0.0,0.0,0.0,0.0,0.0,0.0,0.0,0.0,0.0,0.0,0.0,0.0,0.0,0.0,0.0,0.0,0.0,0.0,0.0,0.0,0.0,0.0,0.0,0.0,0.0,0.0,0.0,0.0
5155,0.0,0.0,0.0,0.0,0.0,0.0,0.0,0.0,0.0,0.0,0.0,0.0,0.0,0.0,0.0,0.0,0.0,0.0,0.0,0.0,0.0,0.0,0.0,0.0,0.0,0.0,0.0,0.0,0.0,0.0,0.0,0.0,0.0,0.0,0.0,0.0,0.0,0.0,0.0,0.0,0.0,0.0,0.0,0.0,0.0,0.0,0.0,0.0,0.0,0.0,0.0,0.0,0.0,0.0,0.0,0.0,0.0,0.0,0.0,0.0,0.0,0.0,0.0,0.0,0.0,0.0,0.0,0.0,0.0,0.0,0.0,0.0,0.0,0.0,0.0,0.0,0.0,0.0,0.0,0.0,0.0,0.0,0.0,0.0,0.0,0.0,0.0,0.0,0.0,0.0,0.0,0.0,0.0,0.0,0.0,0.0,0.0,0.0,0.0,0.0,0.0,0.0,0.0,0.0,0.0,0.0,0.0,0.0,0.0,0.0,0.0,0.0,0.0,0.0,0.0,0.0,0.0,0.0,0.0,0.0,0.0,0.0,0.0,0.0,0.0,0.0,0.0,0.0,0.0,0.0,0.0,0.0,0.0,0.0,0.0,0.0,0.0,0.0,0.0,0.0,0.0,0.0,0.0,0.0,0.0,0.0,0.0,0.0,0.0,0.0,0.0,0.0,0.0,0.0,0.0,0.0,0.0,0.0,0.0,0.0,0.0,0.0,0.0,0.0,0.0,0.0,0.0,0.0,0.0,0.0,0.0,0.0,0.0,0.0,0.0,0.0,0.0,0.0,0.0,0.0,0.0,0.0,0.0,0.0,0.0,0.0,0.0,0.0,0.0,0.0,0.0,0.0,0.0,0.0,0.0,0.0,0.0,0.0,0.0,0.0,0.0,0.0,0.0,0.0,0.0,0.0,0.0,0.0,0.0,0.0,0.0,0.0,0.0,0.0,0.0,0.0,0.0,0.0,0.0,0.0,0.0,0.0,0.0,0.0,0.0,0.0,0.0,0.0,0.0,0.0,0.0,0.0,0.0,0.0,0.0,0.0,0.0,0.0,0.0,0.0,0.0,0.0,0.0,0.0,0.0,0.0,0.0,0.0,0.0,0.0,0.0,0.0,0.0,0.0,0.0,0.0,0.0,0.0,0.0,0.0,0.0,0.0,0.0,0.0,0.0,0.0,0.0,0.0,0.0,0.0,0.0,0.0,0.0,0.0,0.0,0.0,0.0,0.0,0.0,0.0,0.0,0.0,0.0,0.0,0.0,0.0,0.0,0.0,0.0,0.0,0.0,0.0,0.0,0.0,0.0,0.0,0.0,0.0,0.0,0.0,0.0,0.0,0.0,0.0,0.0,0.0,0.0,0.0,0.0,0.0,0.0,0.0,0.0,0.0,0.0,0.0,0.0,0.0,0.0,0.0,0.0,0.0,0.0,0.0,0.0,0.0,0.0,0.0,0.0,0.0,0.0,0.0,0.0,0.0,0.0,0.0,0.0,0.0,0.0,0.0,0.0,0.0,0.0,0.0,0.0,0.0,0.0,0.0,0.0,0.0,0.0,0.0,0.0,0.0,0.0,0.0,0.0,0.0,0.0,0.0,0.0,0.0,0.0,0.0,0.0,0.0,0.0,0.0,0.0,0.0,0.0,0.0,0.0,0.0,0.0,0.0
5156,0.0,0.0,4.5474653244018555,0.6577578186988831,7.445646286010742,8.082181930541992,2.5425124168395996,2.930739402770996,6.620802402496338,40.505653381347656,6.298734188079834,11.354194641113281,39.86325454711914,1.3128445148468018,0.47987696528434753,3.311647415161133,0.028528282418847084,0.045424871146678925,0.03900855407118797,0.0,2.4052045345306396,1.924190640449524,0.0,22.41860008239746,2.325390338897705,43.307552337646484,4.546623706817627,11.43537712097168,0.0,4.1111345291137695,0.0,0.6519535779953003,0.0,0.0,0.0,67.83638000488281,0.0,0.0,0.0,2.4434008598327637,3.9012129306793213,14.71873950958252,0.0,7.633866310119629,7.097360610961914,0.0,0.0,0.0,0.0,7.667078018188477,1.5140223503112793,2.894702672958374,8.563288688659668,0.0,0.0,0.0,0.0,0.0,0.0,0.0,0.0,0.0,0.0,0.5374433398246765,4.4715070724487305,0.0,0.530987024307251,0.19107401371002197,0.0,2.9810240268707275,39.3505973815918,16.2429256439209,39.3505973815918,0.0,0.0,2.983860731124878,0.0,0.0,0.0,0.0,0.0,0.0,0.0,0.0,0.0,0.0,0.0,0.0,0.0,0.0,0.0,1.2068722248077393,6.470398426055908,0.039128489792346954,0.32425710558891296,0.0,0.2698807120323181,1.1557230949401855,0.25728151202201843,0.07416173070669174,0.041276056319475174,0.0,0.0,0.0,0.136149063706398,0.6261034607887268,1.1726762056350708,0.0,2.018524169921875,0.0,0.0,0.1349390298128128,0.0,0.0,1.4072054624557495,1.5495988130569458,0.0,0.0,0.08294429630041122,0.0,0.7944989204406738,0.18954141438007355,1.9795371294021606,1.0470713376998901,0.0,0.0,0.0,0.0,0.0,0.0,83.91680145263672,2.4945623874664307,0.0,0.0,0.0,0.0,0.0,0.6739679574966431,2.4069807529449463,19.031518936157227,3.8131747245788574,0.7722899913787842,0.0,5.526853561401367,0.1710433065891266,6.8126444816589355,0.721830427646637,2.843701124191284,10.176905632019043,0.48567622900009155,0.0,0.0,8.279877662658691,0.0,0.0,0.36909428238868713,0.0,8.721348762512207,0.0,0.0,5.1621575355529785,0.0,1.5735361576080322,0.0,1.5488536357879639,0.0,0.0,19.422832489013672,0.0,0.3767269253730774,0.0,0.0,0.0,109.80550384521484,0.4104124903678894,22.656631469726562,0.0,1.1548880338668823,8.583786964416504,0.0,0.0,0.0,1.5548261404037476,0.11656605452299118,1.928229808807373,0.0,0.0,3.254288911819458,1.4377163648605347,0.0,0.0,0.0,0.2416442632675171,0.5801151990890503,0.0,2.0694854259490967,0.0,0.3725798726081848,0.060785192996263504,0.12856002151966095,0.31237372756004333,0.0,0.0,0.0,0.32900649309158325,0.0,0.0,0.0,1.3702011108398438,0.0,0.0,0.0,0.0,0.0,0.0,0.0,95.30482482910156,0.0,0.0,0.0,0.0,0.0,0.0,0.0,0.0,0.0,0.0,0.0,0.0,0.0,0.0,0.0,0.0,0.0,0.0,1.0400331020355225,0.0,0.0,0.0,8.03864860534668,0.0,0.0,0.5429190993309021,0.667833685874939,0.0,0.0,0.0,0.0,1.7461512088775635,7.549182891845703,1.3270028829574585,4.957379341125488,0.0,0.0,1.101575255393982,0.0,0.4721331298351288,21.143333435058594,3.674795389175415,0.0,0.0,0.0,0.0,0.0,0.0,0.0,0.0,0.0,0.0,0.0,0.0,0.0,0.0,0.0,0.0,0.0,0.0,0.0,0.0,0.0,0.0,0.0,0.0,0.0,0.0,0.0,0.0,0.0,0.0,0.0,0.0,0.0,0.0,0.0,0.0,0.0,0.0,0.0,0.0,0.0,0.0,0.0,0.0,0.0,0.0,0.0,0.0,0.0,0.0,0.0,0.0,0.0,0.0,0.0,0.0,0.0,0.0,0.0,0.0,0.0,0.0,0.0,0.0,0.0,0.0,0.0,0.0,0.0,0.0,0.0,0.0,0.0,0.0,0.0,0.0,0.0,0.0,0.0,0.0,0.0,0.0,0.0,0.0,0.0,0.0,0.0,0.0,0.0,0.0,0.0,0.0,0.0,0.0,0.0,0.0,0.0,0.0,0.0,0.0,0.0,0.0,0.0,0.0,0.0,0.0,0.0,0.0,0.0,0.0,0.0,0.0,0.0,0.0,0.0,0.0,0.0
5157,0.0,0.0,1.6350558996200562,0.28430885076522827,2.7121102809906006,2.853093147277832,0.9812372326850891,0.8540821075439453,2.3123979568481445,46.29715347290039,2.041823625564575,5.714730262756348,40.27115249633789,1.099175214767456,0.18952429294586182,7.603057861328125,0.0,0.0,0.0,0.0,0.49499523639678955,0.5085679292678833,0.0,8.40966510772705,0.7388603091239929,15.065801620483398,1.3622474670410156,4.814970016479492,0.0,1.1691089868545532,0.0,0.17678691446781158,0.0,0.0,0.0,35.262245178222656,0.0,0.0,0.0,2.4419305324554443,2.683474540710449,8.451325416564941,0.0,7.925906181335449,2.254478693008423,0.0,0.0,0.0,0.0,8.218788146972656,0.0,1.8202738761901855,5.258557319641113,0.0,0.0,0.0,0.0,0.0,0.0,0.0,0.0,0.0,0.0,0.0,1.1041923761367798,0.0,0.0,0.0,0.0,0.0,6.801641464233398,8.268228530883789,6.801641464233398,0.0,0.0,1.6536469459533691,0.0,0.0,1.562103509902954,0.0,0.0,0.0,0.0,0.0,0.0,0.0,0.0,0.0,2.343430995941162,0.0,0.0,1.3905823230743408,0.0,0.0,0.0,0.0,0.0,0.09175026416778564,0.0,0.0,5.543309211730957,0.0,0.0,0.0,1.2153239250183105,1.3701990842819214,0.0,0.0,10.495687484741211,0.0,0.0,0.30545729398727417,0.0,0.0,0.0,0.0,0.0,0.0,0.0,0.0,0.0,0.0,0.0,0.0,0.0,0.0,0.0,0.0,0.0,0.0,2.4945623874664307,2.4077420234680176,0.0,0.0,0.0,0.0,0.0,0.0,0.26008114218711853,18.940265655517578,0.0,0.0,0.0,3.6250274181365967,0.0,9.693120002746582,1.9009696245193481,0.0,4.159276485443115,2.0501015186309814,0.0,0.0,5.6049909591674805,0.0,0.0,3.3144304752349854,0.0,2.6508378982543945,0.0,0.0,1.131258487701416,0.0,0.6052234172821045,0.0,0.08075156062841415,0.0,0.0,2.847872734069824,0.0,0.24164070188999176,0.0,0.0,0.0,40.839927673339844,0.0,3.406466484069824,0.0,0.0,2.545501708984375,0.0,0.0,0.0,0.7078006863594055,0.0,0.5918180346488953,0.0,0.0,0.8698855638504028,0.523001492023468,0.0,0.0,0.0,0.0,0.24385862052440643,0.0,0.6592024564743042,0.0,0.22211597859859467,0.022682735696434975,0.05407249554991722,0.1480872929096222,0.0,0.0,0.0,1.2048721313476562,0.0,0.0,0.0,8.328948020935059,0.0,0.0,0.0,0.0,0.0,0.0,0.0,109.24576568603516,0.0,0.0,0.0,0.0,0.0,0.0,0.0,0.0,0.0,0.0,0.0,0.0,0.0,0.0,0.0,0.0,0.0,0.0,0.33830907940864563,0.0,0.0,0.0,2.710942268371582,0.0,0.0,0.0,0.0,0.0,0.0,0.0,0.0,0.6549493670463562,2.0204687118530273,0.08766040951013565,0.9940511584281921,0.0,0.0,1.3508838415145874,0.0,0.0,6.004296779632568,1.342469334602356,0.0,0.0,0.0,0.0,0.0,0.0,0.0,0.0,0.0,0.0,0.0,0.0,0.0,0.0,0.0,0.0,0.0,0.0,0.0,0.0,0.0,0.0,0.0,0.0,0.0,0.0,0.0,0.0,0.0,0.0,0.0,0.0,0.0,0.0,0.0,0.0,0.0,0.0,0.0,0.0,0.0,0.0,0.0,0.0,0.0,0.0,0.0,0.0,0.0,0.0,0.0,0.0,0.0,0.0,0.0,0.0,0.0,0.0,0.0,0.0,0.0,0.0,0.0,0.0,0.0,0.0,0.0,0.0,0.0,0.0,0.0,0.0,0.0,0.0,0.0,0.0,0.0,0.0,0.0,0.0,0.0,0.0,0.0,0.0,0.0,0.0,0.0,0.0,0.0,0.0,0.0,0.0,0.0,0.0,0.0,0.0,0.0,0.0,0.0,0.0,0.0,0.0,0.0,0.0,0.0,0.0,0.0,0.0,0.0,0.0,0.0,0.0,0.0,0.0,0.0,0.0,0.0
5158,0.0,0.0,0.0,0.0,0.0,0.0,0.0,0.0,0.0,0.0,0.0,0.0,0.0,0.0,0.0,0.0,0.0,0.0,0.0,0.0,0.0,0.0,0.0,0.0,0.0,0.0,0.0,0.0,0.0,0.0,0.0,0.0,0.0,0.0,0.0,0.0,0.0,0.0,0.0,0.0,0.0,0.0,0.0,0.0,0.0,0.0,0.0,0.0,0.0,0.0,0.0,0.0,0.0,0.0,0.0,0.0,0.0,0.0,0.0,0.0,0.0,0.0,0.0,0.0,0.0,0.0,0.0,0.0,0.0,0.0,0.0,0.0,0.0,0.0,0.0,0.0,0.0,0.0,0.0,0.0,0.0,0.0,0.0,0.0,0.0,0.0,0.0,0.0,0.0,0.0,0.0,0.0,0.0,0.0,0.0,0.0,0.0,0.0,0.0,0.0,0.0,0.0,0.0,0.0,0.0,0.0,0.0,0.0,0.0,0.0,0.0,0.0,0.0,0.0,0.0,0.0,0.0,0.0,0.0,0.0,0.0,0.0,0.0,0.0,0.0,0.0,0.0,0.0,0.0,0.0,0.0,0.0,0.0,0.0,0.0,0.0,0.0,0.0,0.0,0.0,0.0,0.0,0.0,0.0,0.0,0.0,0.0,0.0,0.0,0.0,0.0,0.0,0.0,0.0,0.0,0.0,0.0,0.0,0.0,0.0,0.0,0.0,0.0,0.0,0.0,0.0,0.0,0.0,0.0,0.0,0.0,0.0,0.0,0.0,0.0,0.0,0.0,0.0,0.0,0.0,0.0,0.0,0.0,0.0,0.0,0.0,0.0,0.0,0.0,0.0,0.0,0.0,0.0,0.0,0.0,0.0,0.0,0.0,0.0,0.0,0.0,0.0,0.0,0.0,0.0,0.0,0.0,0.0,0.0,0.0,0.0,0.0,0.0,0.0,0.0,0.0,0.0,0.0,0.0,0.0,0.0,0.0,0.0,0.0,0.0,0.0,0.0,0.0,0.0,0.0,0.0,0.0,0.0,0.0,0.0,0.0,0.0,0.0,0.0,0.0,0.0,0.0,0.0,0.0,0.0,0.0,0.0,0.0,0.0,0.0,0.0,0.0,0.0,0.0,0.0,0.0,0.0,0.0,0.0,0.0,0.0,0.0,0.0,0.0,0.0,0.0,0.0,0.0,0.0,0.0,0.0,0.0,0.0,0.0,0.0,0.0,0.0,0.0,0.0,0.0,0.0,0.0,0.0,0.0,0.0,0.0,0.0,0.0,0.0,0.0,0.0,0.0,0.0,0.0,0.0,0.0,0.0,0.0,0.0,0.0,0.0,0.0,0.0,0.0,0.0,0.0,0.0,0.0,0.0,0.0,0.0,0.0,0.0,0.0,0.0,0.0,0.0,0.0,0.0,0.0,0.0,0.0,0.0,0.0,0.0,0.0,0.0,0.0,0.0,0.0,0.0,0.0,0.0,0.0,0.0,0.0,0.0,0.0,0.0,0.0,0.0,0.0,0.0,0.0,0.0,0.0,0.0,0.0,0.0,0.0,0.0,0.0,0.0,0.0,0.0,0.0,0.0,0.0,0.0,0.0,0.0,0.0,0.0,0.0,0.0,0.0,0.0,0.0,0.0,0.0,0.0,0.0,0.0,0.0,0.0,0.0
5159,0.0,0.0,0.0,0.0,0.0,0.0,0.0,0.0,0.0,0.0,0.0,0.0,0.0,0.0,0.0,0.0,0.0,0.0,0.0,0.0,0.0,0.0,0.0,0.0,0.0,0.0,0.0,0.0,0.0,0.0,0.0,0.0,0.0,0.0,0.0,0.0,0.0,0.0,0.0,0.0,0.0,0.0,0.0,0.0,0.0,0.0,0.0,0.0,0.0,0.0,0.0,0.0,0.0,0.0,0.0,0.0,0.0,0.0,0.0,0.0,0.0,0.0,0.0,0.0,0.0,0.0,0.0,0.0,0.0,0.0,0.0,0.0,0.0,0.0,0.0,0.0,0.0,0.0,0.0,0.0,0.0,0.0,0.0,0.0,0.0,0.0,0.0,0.0,0.0,0.0,0.0,0.0,0.0,0.0,0.0,0.0,0.0,0.0,0.0,0.0,0.0,0.0,0.0,0.0,0.0,0.0,0.0,0.0,0.0,0.0,0.0,0.0,0.0,0.0,0.0,0.0,0.0,0.0,0.0,0.0,0.0,0.0,0.0,0.0,0.0,0.0,0.0,0.0,0.0,0.0,0.0,0.0,0.0,0.0,0.0,0.0,0.0,0.0,0.0,0.0,0.0,0.0,0.0,0.0,0.0,0.0,0.0,0.0,0.0,0.0,0.0,0.0,0.0,0.0,0.0,0.0,0.0,0.0,0.0,0.0,0.0,0.0,0.0,0.0,0.0,0.0,0.0,0.0,0.0,0.0,0.0,0.0,0.0,0.0,0.0,0.0,0.0,0.0,0.0,0.0,0.0,0.0,0.0,0.0,0.0,0.0,0.0,0.0,0.0,0.0,0.0,0.0,0.0,0.0,0.0,0.0,0.0,0.0,0.0,0.0,0.0,0.0,0.0,0.0,0.0,0.0,0.0,0.0,0.0,0.0,0.0,0.0,0.0,0.0,0.0,0.0,0.0,0.0,0.0,0.0,0.0,0.0,0.0,0.0,0.0,0.0,0.0,0.0,0.0,0.0,0.0,0.0,0.0,0.0,0.0,0.0,0.0,0.0,0.0,0.0,0.0,0.0,0.0,0.0,0.0,0.0,0.0,0.0,0.0,0.0,0.0,0.0,0.0,0.0,0.0,0.0,0.0,0.0,0.0,0.0,0.0,0.0,0.0,0.0,0.0,0.0,0.0,0.0,0.0,0.0,0.0,0.0,0.0,0.0,0.0,0.0,0.0,0.0,0.0,0.0,0.0,0.0,0.0,0.0,0.0,0.0,0.0,0.0,0.0,0.0,0.0,0.0,0.0,0.0,0.0,0.0,0.0,0.0,0.0,0.0,0.0,0.0,0.0,0.0,0.0,0.0,0.0,0.0,0.0,0.0,0.0,0.0,0.0,0.0,0.0,0.0,0.0,0.0,0.0,0.0,0.0,0.0,0.0,0.0,0.0,0.0,0.0,0.0,0.0,0.0,0.0,0.0,0.0,0.0,0.0,0.0,0.0,0.0,0.0,0.0,0.0,0.0,0.0,0.0,0.0,0.0,0.0,0.0,0.0,0.0,0.0,0.0,0.0,0.0,0.0,0.0,0.0,0.0,0.0,0.0,0.0,0.0,0.0,0.0,0.0,0.0,0.0,0.0,0.0,0.0,0.0,0.0,0.0,0.0,0.0,0.0
5160,0.0,0.0,0.0,0.0,0.0,0.0,0.0,0.0,0.0,0.0,0.0,0.0,0.0,0.0,0.0,0.0,0.0,0.0,0.0,0.0,0.0,0.0,0.0,0.0,0.0,0.0,0.0,0.0,0.0,0.0,0.0,0.0,0.0,0.0,0.0,0.0,0.0,0.0,0.0,0.0,0.0,0.0,0.0,0.0,0.0,0.0,0.0,0.0,0.0,0.0,0.0,0.0,0.0,0.0,0.0,0.0,0.0,0.0,0.0,0.0,0.0,0.0,0.0,0.0,0.0,0.0,0.0,0.0,0.0,0.0,0.0,0.0,0.0,0.0,0.0,0.0,0.0,0.0,0.0,0.0,0.0,0.0,0.0,0.0,0.0,0.0,0.0,0.0,0.0,0.0,0.0,0.0,0.0,0.0,0.0,0.0,0.0,0.0,0.0,0.0,0.0,0.0,0.0,0.0,0.0,0.0,0.0,0.0,0.0,0.0,0.0,0.0,0.0,0.0,0.0,0.0,0.0,0.0,0.0,0.0,0.0,0.0,0.0,0.0,0.0,0.0,0.0,0.0,0.0,0.0,0.0,0.0,0.0,0.0,0.0,0.0,0.0,0.0,0.0,0.0,0.0,0.0,0.0,0.0,0.0,0.0,0.0,0.0,0.0,0.0,0.0,0.0,0.0,0.0,0.0,0.0,0.0,0.0,0.0,0.0,0.0,0.0,0.0,0.0,0.0,0.0,0.0,0.0,0.0,0.0,0.0,0.0,0.0,0.0,0.0,0.0,0.0,0.0,0.0,0.0,0.0,0.0,0.0,0.0,0.0,0.0,0.0,0.0,0.0,0.0,0.0,0.0,0.0,0.0,0.0,0.0,0.0,0.0,0.0,0.0,0.0,0.0,0.0,0.0,0.0,0.0,0.0,0.0,0.0,0.0,0.0,0.0,0.0,0.0,0.0,0.0,0.0,0.0,0.0,0.0,0.0,0.0,0.0,0.0,0.0,0.0,0.0,0.0,0.0,0.0,0.0,0.0,0.0,0.0,0.0,0.0,0.0,0.0,0.0,0.0,0.0,0.0,0.0,0.0,0.0,0.0,0.0,0.0,0.0,0.0,0.0,0.0,0.0,0.0,0.0,0.0,0.0,0.0,0.0,0.0,0.0,0.0,0.0,0.0,0.0,0.0,0.0,0.0,0.0,0.0,0.0,0.0,0.0,0.0,0.0,0.0,0.0,0.0,0.0,0.0,0.0,0.0,0.0,0.0,0.0,0.0,0.0,0.0,0.0,0.0,0.0,0.0,0.0,0.0,0.0,0.0,0.0,0.0,0.0,0.0,0.0,0.0,0.0,0.0,0.0,0.0,0.0,0.0,0.0,0.0,0.0,0.0,0.0,0.0,0.0,0.0,0.0,0.0,0.0,0.0,0.0,0.0,0.0,0.0,0.0,0.0,0.0,0.0,0.0,0.0,0.0,0.0,0.0,0.0,0.0,0.0,0.0,0.0,0.0,0.0,0.0,0.0,0.0,0.0,0.0,0.0,0.0,0.0,0.0,0.0,0.0,0.0,0.0,0.0,0.0,0.0,0.0,0.0,0.0,0.0,0.0,0.0,0.0,0.0,0.0,0.0,0.0,0.0,0.0,0.0,0.0,0.0,0.0,0.0,0.0,0.0
5161,0.0,0.0,0.0,0.0,0.0,0.0,0.0,0.0,0.0,0.0,0.0,0.0,0.0,0.0,0.0,0.0,0.0,0.0,0.0,0.0,0.0,0.0,0.0,0.0,0.0,0.0,0.0,0.0,0.0,0.0,0.0,0.0,0.0,0.0,0.0,0.0,0.0,0.0,0.0,0.0,0.0,0.0,0.0,0.0,0.0,0.0,0.0,0.0,0.0,0.0,0.0,0.0,0.0,0.0,0.0,0.0,0.0,0.0,0.0,0.0,0.0,0.0,0.0,0.0,0.0,0.0,0.0,0.0,0.0,0.0,0.0,0.0,0.0,0.0,0.0,0.0,0.0,0.0,0.0,0.0,0.0,0.0,0.0,0.0,0.0,0.0,0.0,0.0,0.0,0.0,0.0,0.0,0.0,0.0,0.0,0.0,0.0,0.0,0.0,0.0,0.0,0.0,0.0,0.0,0.0,0.0,0.0,0.0,0.0,0.0,0.0,0.0,0.0,0.0,0.0,0.0,0.0,0.0,0.0,0.0,0.0,0.0,0.0,0.0,0.0,0.0,0.0,0.0,0.0,0.0,0.0,0.0,0.0,0.0,0.0,0.0,0.0,0.0,0.0,0.0,0.0,0.0,0.0,0.0,0.0,0.0,0.0,0.0,0.0,0.0,0.0,0.0,0.0,0.0,0.0,0.0,0.0,0.0,0.0,0.0,0.0,0.0,0.0,0.0,0.0,0.0,0.0,0.0,0.0,0.0,0.0,0.0,0.0,0.0,0.0,0.0,0.0,0.0,0.0,0.0,0.0,0.0,0.0,0.0,0.0,0.0,0.0,0.0,0.0,0.0,0.0,0.0,0.0,0.0,0.0,0.0,0.0,0.0,0.0,0.0,0.0,0.0,0.0,0.0,0.0,0.0,0.0,0.0,0.0,0.0,0.0,0.0,0.0,0.0,0.0,0.0,0.0,0.0,0.0,0.0,0.0,0.0,0.0,0.0,0.0,0.0,0.0,0.0,0.0,0.0,0.0,0.0,0.0,0.0,0.0,0.0,0.0,0.0,0.0,0.0,0.0,0.0,0.0,0.0,0.0,0.0,0.0,0.0,0.0,0.0,0.0,0.0,0.0,0.0,0.0,0.0,0.0,0.0,0.0,0.0,0.0,0.0,0.0,0.0,0.0,0.0,0.0,0.0,0.0,0.0,0.0,0.0,0.0,0.0,0.0,0.0,0.0,0.0,0.0,0.0,0.0,0.0,0.0,0.0,0.0,0.0,0.0,0.0,0.0,0.0,0.0,0.0,0.0,0.0,0.0,0.0,0.0,0.0,0.0,0.0,0.0,0.0,0.0,0.0,0.0,0.0,0.0,0.0,0.0,0.0,0.0,0.0,0.0,0.0,0.0,0.0,0.0,0.0,0.0,0.0,0.0,0.0,0.0,0.0,0.0,0.0,0.0,0.0,0.0,0.0,0.0,0.0,0.0,0.0,0.0,0.0,0.0,0.0,0.0,0.0,0.0,0.0,0.0,0.0,0.0,0.0,0.0,0.0,0.0,0.0,0.0,0.0,0.0,0.0,0.0,0.0,0.0,0.0,0.0,0.0,0.0,0.0,0.0,0.0,0.0,0.0,0.0,0.0,0.0,0.0,0.0,0.0,0.0,0.0,0.0,0.0
5162,0.0,0.0,0.0,0.0,0.0,0.0,0.0,0.0,0.0,0.0,0.0,0.0,0.0,0.0,0.0,0.0,0.0,0.0,0.0,0.0,0.0,0.0,0.0,0.0,0.0,0.0,0.0,0.0,0.0,0.0,0.0,0.0,0.0,0.0,0.0,0.0,0.0,0.0,0.0,0.0,0.0,0.0,0.0,0.0,0.0,0.0,0.0,0.0,0.0,0.0,0.0,0.0,0.0,0.0,0.0,0.0,0.0,0.0,0.0,0.0,0.0,0.0,0.0,0.0,0.0,0.0,0.0,0.0,0.0,0.0,0.0,0.0,0.0,0.0,0.0,0.0,0.0,0.0,0.0,0.0,0.0,0.0,0.0,0.0,0.0,0.0,0.0,0.0,0.0,0.0,0.0,0.0,0.0,0.0,0.0,0.0,0.0,0.0,0.0,0.0,0.0,0.0,0.0,0.0,0.0,0.0,0.0,0.0,0.0,0.0,0.0,0.0,0.0,0.0,0.0,0.0,0.0,0.0,0.0,0.0,0.0,0.0,0.0,0.0,0.0,0.0,0.0,0.0,0.0,0.0,0.0,0.0,0.0,0.0,0.0,0.0,0.0,0.0,0.0,0.0,0.0,0.0,0.0,0.0,0.0,0.0,0.0,0.0,0.0,0.0,0.0,0.0,0.0,0.0,0.0,0.0,0.0,0.0,0.0,0.0,0.0,0.0,0.0,0.0,0.0,0.0,0.0,0.0,0.0,0.0,0.0,0.0,0.0,0.0,0.0,0.0,0.0,0.0,0.0,0.0,0.0,0.0,0.0,0.0,0.0,0.0,0.0,0.0,0.0,0.0,0.0,0.0,0.0,0.0,0.0,0.0,0.0,0.0,0.0,0.0,0.0,0.0,0.0,0.0,0.0,0.0,0.0,0.0,0.0,0.0,0.0,0.0,0.0,0.0,0.0,0.0,0.0,0.0,0.0,0.0,0.0,0.0,0.0,0.0,0.0,0.0,0.0,0.0,0.0,0.0,0.0,0.0,0.0,0.0,0.0,0.0,0.0,0.0,0.0,0.0,0.0,0.0,0.0,0.0,0.0,0.0,0.0,0.0,0.0,0.0,0.0,0.0,0.0,0.0,0.0,0.0,0.0,0.0,0.0,0.0,0.0,0.0,0.0,0.0,0.0,0.0,0.0,0.0,0.0,0.0,0.0,0.0,0.0,0.0,0.0,0.0,0.0,0.0,0.0,0.0,0.0,0.0,0.0,0.0,0.0,0.0,0.0,0.0,0.0,0.0,0.0,0.0,0.0,0.0,0.0,0.0,0.0,0.0,0.0,0.0,0.0,0.0,0.0,0.0,0.0,0.0,0.0,0.0,0.0,0.0,0.0,0.0,0.0,0.0,0.0,0.0,0.0,0.0,0.0,0.0,0.0,0.0,0.0,0.0,0.0,0.0,0.0,0.0,0.0,0.0,0.0,0.0,0.0,0.0,0.0,0.0,0.0,0.0,0.0,0.0,0.0,0.0,0.0,0.0,0.0,0.0,0.0,0.0,0.0,0.0,0.0,0.0,0.0,0.0,0.0,0.0,0.0,0.0,0.0,0.0,0.0,0.0,0.0,0.0,0.0,0.0,0.0,0.0,0.0,0.0,0.0,0.0,0.0,0.0,0.0,0.0
5163,0.0,0.0,1.090179204940796,0.24242505431175232,0.9195776581764221,0.9898203015327454,0.43961694836616516,0.38981640338897705,1.0662809610366821,9.20497989654541,0.9161034822463989,1.6241130828857422,7.775482654571533,0.21728511154651642,0.2286020815372467,1.745483160018921,0.24623441696166992,0.24342849850654602,0.24623441696166992,0.0,0.3160286247730255,0.23282378911972046,0.0,3.095463275909424,0.41595587134361267,5.737894058227539,0.6884341835975647,3.1572484970092773,0.0,0.5715816617012024,0.0,0.09352020919322968,0.0,0.0,0.0,7.736703395843506,0.0,0.0,0.0,0.5148134827613831,0.39481696486473083,1.2600924968719482,0.0,1.282696008682251,0.29089999198913574,0.0,0.0,0.0,0.0,1.4496222734451294,0.23214854300022125,0.2386457622051239,1.1070090532302856,0.0,0.0,0.0,0.0,0.0,0.0,0.0,0.0,0.0,0.0,0.04629863053560257,0.13856934010982513,0.0,0.05279802158474922,0.04055807366967201,0.0,0.06866203248500824,0.5134546756744385,1.1830296516418457,0.5134546756744385,0.0,0.0,0.0,0.0,0.0,0.0,0.0,0.0,0.0,0.0,0.0,0.0,0.0,0.0,0.0,0.0,0.0,0.0,0.0,0.0,0.0,0.0,0.0,0.0,0.0,0.0,0.0,0.0,0.0,0.0,0.0,0.0,0.06716567277908325,0.0,0.0,0.30662068724632263,0.0,0.0,0.0,0.0,0.0,0.0,0.0,0.0,0.0,0.0,0.0,0.0,0.0,0.0,0.0,0.0,0.0,0.0,0.0,0.0,0.0,0.6739679574966431,0.0,0.0,0.0,0.0,0.0,0.0,0.0,0.0,0.3134470283985138,0.282904714345932,0.42565861344337463,0.0,0.8833053708076477,0.0,0.20857150852680206,0.0,0.6368075609207153,1.7639206647872925,0.0,0.0,0.0,1.4041531085968018,0.0,0.0,0.9236111044883728,0.0,0.4912305772304535,0.0,0.0,0.08032317459583282,0.0,0.027928538620471954,0.0,0.0,0.0,0.0,0.364126056432724,0.0,0.0,0.0,0.0,0.0,0.0,0.0,0.3976852595806122,0.0,0.0,0.16441385447978973,0.0,0.0,0.0,0.12548331916332245,0.016518788412213326,0.12548331916332245,0.0,0.0,0.2738553583621979,0.18862834572792053,0.0,0.0,0.0,0.017121924087405205,0.04214201122522354,0.0,0.5018068552017212,0.0,0.07218926399946213,0.023427564650774002,0.009835472330451012,0.025431953370571136,0.0,0.0,0.0,0.7152982950210571,0.0,0.0,0.0,0.8124915361404419,0.0,0.0,0.0,0.0,0.0,0.0,0.0,12.413732528686523,0.0,0.0,0.0,0.0,0.0,0.0,0.0,0.0,0.0,0.0,0.0,0.0,0.0,0.0,0.0,0.0,0.0,0.0,0.16101236641407013,0.0,0.0,0.0,1.2602732181549072,0.0,0.0,0.017327822744846344,0.016518788412213326,0.0,0.0,0.0,0.0,0.1842242181301117,0.6136232614517212,0.08538651466369629,0.35140612721443176,0.0,0.0,0.2374963015317917,0.0,0.016518788412213326,0.9643186330795288,0.5787810683250427,0.0,0.0,0.0,0.0,0.0,0.0,0.0,0.0,0.0,0.0,0.0,0.0,0.0,0.0,0.0,0.0,0.0,0.0,0.0,0.0,0.0,0.0,0.0,0.0,0.0,0.0,0.0,0.0,0.0,0.0,0.0,0.0,0.0,0.0,0.0,0.0,0.0,0.0,0.0,0.0,0.0,0.0,0.0,0.0,0.0,0.0,0.0,0.0,0.0,0.0,0.0,0.0,0.0,0.0,0.0,0.0,0.0,0.0,0.0,0.0,0.0,0.0,0.0,0.0,0.0,0.0,0.0,0.0,0.0,0.0,0.0,0.0,0.0,0.0,0.0,0.0,0.0,0.0,0.0,0.0,0.0,0.0,0.0,0.0,0.0,0.0,0.0,0.0,0.0,0.0,0.0,0.0,0.0,0.0,0.0,0.0,0.0,0.0,0.0,0.0,0.0,0.0,0.0,0.0,0.0,0.0,0.0,0.0,0.0,0.0,0.0,0.0,0.0,0.0,0.0,0.0,0.0
5164,0.1373375952243805,0.01354425773024559,3.898529291152954,0.26724499464035034,1.5210120677947998,3.4961931705474854,0.4889204800128937,1.0509754419326782,1.349265217781067,17.76259422302246,1.8361843824386597,3.119307518005371,14.893295288085938,0.35313117504119873,0.4713131785392761,3.129664659500122,0.5420121550559998,0.6416728496551514,0.3824138045310974,0.0,0.9480859041213989,0.7984669804573059,0.0,10.67220687866211,1.4341301918029785,19.945547103881836,2.3865487575531006,10.926663398742676,0.0,2.0402796268463135,0.0,0.33382347226142883,0.0,0.0,0.0,17.328083038330078,0.0,0.0,0.0,0.9858446717262268,0.8622742891311646,2.39965558052063,0.0,2.4976930618286133,0.5526553392410278,0.0,0.0,0.22685247659683228,0.0,2.6853888034820557,0.515539824962616,0.46962952613830566,2.385587215423584,0.0,0.0,0.0,0.0,0.0,0.0,0.5820309519767761,0.0,1.3519184589385986,0.0,0.10126488655805588,0.2632557153701782,0.03098539635539055,0.1422845721244812,0.12794174253940582,0.0,0.1454968899488449,0.9754673838615417,2.2475340366363525,0.9754673838615417,0.0,0.0,0.12484544515609741,0.0,0.0,0.11793418228626251,0.0,0.0,0.0,0.0,0.0,0.0,0.0,0.0,0.0,0.03971993178129196,0.0,0.0,0.1427023708820343,0.0,0.0,0.0,0.0,0.0,0.013063399121165276,0.0,0.0,0.0,0.0,0.0,0.0,0.03423887863755226,0.07720424234867096,0.03953934833407402,0.047596924006938934,0.7019898891448975,0.0,0.0,0.013395920395851135,0.0,0.0,0.0,0.0,0.0,0.0,0.0,0.0,0.08895385265350342,0.0,0.0,0.0,0.0,0.0,0.0,0.0,0.0,0.0,2.4069807529449463,0.26008114218711853,0.0,0.0,0.0,0.0,0.0,0.0,0.0,0.49211540818214417,0.4331647455692291,0.4958864152431488,0.0,2.3369758129119873,0.0,0.2366040199995041,0.06178520247340202,0.7916654944419861,2.5965373516082764,0.022279327735304832,0.0,0.0,2.2624471187591553,0.0,0.0,126.59429931640625,0.0,1.6471784114837646,0.0,0.0,0.27848783135414124,0.0,0.10277143865823746,0.0,0.0,0.0,0.0,0.45201075077056885,0.0,0.012077964842319489,0.0,0.0,0.0,0.0,0.0,0.48940086364746094,0.0,0.022380534559488297,0.20507623255252838,0.0,0.0,0.0,0.9441959261894226,0.04426704719662666,0.4260063171386719,0.0,0.0,0.9712306261062622,1.0261317491531372,0.0,0.0,0.0,0.0650324895977974,0.06622988730669022,0.0,1.077405571937561,0.0,0.1579705774784088,0.0838649645447731,0.07389867305755615,0.10700870305299759,0.0,0.0,1.3505330085754395,1.367905855178833,0.0,1.3505330085754395,0.0,1.5395910739898682,0.0,0.0,0.0,0.0,0.0,0.0,0.0,25.19632339477539,0.0,0.0,0.0,0.0,0.0,0.0,0.0,0.0,0.0,0.0,0.0,0.0,0.0,0.0,0.0,0.0,0.0,0.0,0.5742449164390564,0.0,0.0,0.0,2.3188323974609375,0.12577059864997864,0.0,0.11224963515996933,0.10700870305299759,0.0,0.0,0.0,0.0,0.6191549301147461,1.5221176147460938,0.2885003983974457,1.1872282028198242,0.0,0.0,0.44203418493270874,0.0,0.10700870305299759,3.4099678993225098,0.7297717928886414,0.0,0.0,0.0,0.0,0.0,0.0,0.0,0.0,0.0,0.0,0.0,0.0,0.0,0.0,0.0,0.0,0.0,0.0,0.0,0.0,0.0,0.0,0.0,0.0,0.0,0.0,0.0,0.0,0.0,0.0,0.0,0.0,0.0,0.0,0.0,0.0,0.0,0.0,0.0,0.0,0.0,0.0,0.0,0.0,0.0,0.0,0.0,0.0,0.0,0.0,0.0,0.0,0.0,0.0,0.0,0.0,0.0,0.0,0.0,0.0,0.0,0.0,0.0,0.0,0.0,0.0,0.0,0.0,0.0,0.0,0.0,0.0,0.0,0.0,0.0,0.0,0.0,0.0,0.0,0.0,0.0,0.0,0.0,0.0,0.0,0.0,0.0,0.0,0.0,0.0,0.0,0.0,0.0,0.0,0.0,0.0,0.0,0.0,0.0,0.0,0.0,0.0,0.0,0.0,0.0,0.0,0.0,0.0,0.0,0.0,0.0,0.0,0.0,0.0,0.0,0.0,0.0
5165,0.0,0.0,13.652287483215332,2.6969358921051025,13.04998779296875,14.903647422790527,11.160212516784668,3.7589073181152344,19.667261123657227,67.89044189453125,7.0178422927856445,11.972521781921387,66.33224487304688,1.2659181356430054,2.1775808334350586,9.700127601623535,1.4197288751602173,1.1001473665237427,0.9087528586387634,0.0,3.6668689250946045,3.1495168209075928,0.0,42.75983428955078,3.3261923789978027,76.19499969482422,6.605199813842773,22.965478897094727,0.0,8.313868522644043,0.0,4.082486629486084,0.0,0.0,0.0,53.94425582885742,0.0,0.0,0.0,3.0027670860290527,3.44710636138916,10.993034362792969,0.0,7.009068965911865,3.085968494415283,0.0,0.0,0.0,0.0,7.051451206207275,1.1734274625778198,1.3533309698104858,7.4551472663879395,0.0,0.0,0.0,0.0,0.0,0.0,0.0,0.0,0.0,0.0,0.42428135871887207,3.7883381843566895,0.0,0.6128022074699402,0.2995743453502655,0.0,2.605144500732422,25.39463233947754,12.286444664001465,25.39463233947754,0.0,0.0,1.1268413066864014,0.0,0.0,8.482574462890625,0.5459069013595581,0.15557636320590973,0.0,0.15057939291000366,0.15057939291000366,0.0,0.0,0.0,0.0,5.534585475921631,0.0,0.0,5.8333282470703125,0.0,0.0,1.4911487102508545,0.0,0.0,0.4192371070384979,0.0,0.0,2.2856879234313965,0.0,0.0,0.0,3.181507110595703,3.533444881439209,0.2517932653427124,0.30186691880226135,16.577375411987305,0.0,0.0,0.8496870994567871,0.0,0.0,0.0,0.0,0.0,0.0,0.0,0.0,3.2838027477264404,0.0,0.0,1.7510781288146973,0.0,0.0,0.0,0.0,0.0,0.0,19.031518936157227,18.940265655517578,0.0,0.0,0.0,0.0,0.0,0.3134470283985138,0.49211540818214417,24.87386131286621,0.4302304983139038,0.4933738112449646,0.0,7.688279151916504,0.0,12.602300643920898,3.6808409690856934,0.4302304983139038,5.711826324462891,3.336962938308716,0.0,0.0,8.13855266571045,0.0,0.0,4.674096584320068,0.0,17.77463722229004,0.0,0.0,7.346701622009277,0.0,2.61832332611084,0.0,0.3298226594924927,0.0,0.0,18.125520706176758,0.0,1.0453882217407227,0.0,0.0,0.0,252.6044464111328,0.8786193132400513,21.2770938873291,0.0,0.8786193132400513,16.088573455810547,0.0,0.0,0.0,3.361333131790161,0.2685951888561249,3.351322889328003,0.0,0.0,5.917726039886475,3.2704808712005615,0.0,0.0,0.0,0.42706817388534546,1.2254936695098877,0.0,11.735673904418945,0.0,1.3707629442214966,0.564383327960968,0.5285953283309937,1.2117791175842285,0.0,0.0,0.0,3.660719633102417,0.0,0.0,0.0,17.439725875854492,0.0,0.0,0.0,0.0,0.0,0.0,0.0,72.05784606933594,0.0,0.0,0.0,0.0,0.0,0.0,0.0,0.0,0.0,0.0,0.0,0.0,0.0,0.0,0.0,0.0,0.0,0.0,1.6804351806640625,0.0,0.0,0.0,10.884763717651367,0.0,0.0,0.7427939772605896,0.7708762884140015,0.0,0.0,0.0,0.0,3.234506845474243,13.579349517822266,1.9423911571502686,9.112818717956543,0.0,0.0,0.9269391894340515,0.0,0.7207832932472229,44.10094451904297,6.767005920410156,0.0,0.0,0.0,0.0,0.0,0.0,0.0,0.0,0.0,0.0,0.0,0.0,0.0,0.0,0.0,0.0,0.0,0.0,0.0,0.0,0.0,0.0,0.0,0.0,0.0,0.0,0.0,0.0,0.0,0.0,0.0,0.0,0.0,0.0,0.0,0.0,0.0,0.0,0.0,0.0,0.0,0.0,0.0,0.0,0.0,0.0,0.0,0.0,0.0,0.0,0.0,0.0,0.0,0.0,0.0,0.0,0.0,0.0,0.0,0.0,0.0,0.0,0.0,0.0,0.0,0.0,0.0,0.0,0.0,0.0,0.0,0.0,0.0,0.0,0.0,0.0,0.0,0.0,0.0,0.0,0.0,0.0,0.0,0.0,0.0,0.0,0.0,0.0,0.0,0.0,0.0,0.0,0.0,0.0,0.0,0.0,0.0,0.0,0.0,0.0,0.0,0.0,0.0,0.0,0.0,0.0,0.0,0.0,0.0,0.0,0.0,0.0,0.0,0.0,0.0,0.0,0.0
5166,0.0,0.0,1.3777191638946533,0.17915940284729004,0.5915467143058777,1.1212999820709229,1.9191980361938477,0.09346476197242737,1.55514395236969,5.419429302215576,0.36370977759361267,0.7200114727020264,4.991060256958008,0.0,0.19779622554779053,0.3692046105861664,0.0,0.0,0.0,0.0,0.04716934636235237,0.045496899634599686,0.0,1.6597129106521606,0.06201707571744919,3.0015411376953125,0.15910881757736206,1.6982346773147583,0.0,0.6322847604751587,0.0,1.3727988004684448,0.0,0.0,0.0,6.18431282043457,0.0,0.0,0.0,0.4134415090084076,0.2677913308143616,1.3414254188537598,0.0,0.8298447728157043,0.460774689912796,0.0,0.0,0.0,0.0,0.271090567111969,0.16094136238098145,0.16904334723949432,0.8951106071472168,0.0,0.0,0.0,0.0,0.0,0.0,0.0,0.0,0.0,0.0,0.0,0.5028663277626038,0.0,0.0,0.0,0.0,0.0,3.818464756011963,1.680992603302002,3.818464756011963,0.0,0.0,0.0,0.0,0.0,0.0,0.0,0.0,0.0,0.0,0.0,0.0,0.0,0.0,0.0,0.0,0.0,0.0,0.4056780934333801,0.0,0.0,0.5543574094772339,0.0,0.06682630628347397,0.06457949429750443,0.17469343543052673,0.0,0.1563206911087036,0.0,0.0,0.0,0.0,0.0,0.0,0.0,0.8871811032295227,0.0,0.0,0.32397720217704773,0.0,0.0,0.0,0.0,0.0,0.0,0.0,0.0,1.0957266092300415,0.0,0.0,0.0,0.0,0.0,0.0,0.0,0.0,0.0,3.8131747245788574,0.0,0.0,0.0,0.0,0.0,0.0,0.282904714345932,0.4331647455692291,0.4302304983139038,0.8604609966278076,0.0,0.0,0.4273006319999695,0.0,0.37572595477104187,0.0,0.8604609966278076,7.396866798400879,0.0,0.0,0.0,10.041413307189941,0.0,0.0,9.368802070617676,0.0,1.1282474994659424,0.0,0.0,2.293588638305664,0.0,0.0,0.0,0.0,0.0,0.0,0.34062355756759644,0.0,0.0,0.0,0.0,0.0,0.0,0.0,0.0,0.0,0.0,0.0,0.0,0.0,0.0,0.026941733434796333,0.0,0.023804275318980217,0.0,0.0,0.13535667955875397,0.16119346022605896,0.0,0.0,0.0,0.0,0.037974387407302856,0.0,1.9464164972305298,0.0,0.03891828656196594,0.0,0.0,0.0,0.0,0.0,0.0,0.0,0.0,0.0,0.0,1.274243712425232,0.0,0.0,0.0,0.0,0.0,0.0,0.0,5.053275108337402,0.0,0.0,0.0,0.0,0.0,0.0,0.0,0.0,0.0,0.0,0.0,0.0,0.0,0.0,0.0,0.0,0.0,0.0,0.029373273253440857,0.0,0.0,0.0,0.026690466329455376,0.0,0.0,0.03274339810013771,0.020591197535395622,0.0,0.0,0.0,0.0,0.5016749501228333,2.5013105869293213,0.7669341564178467,1.634849190711975,0.0,0.0,0.07756845653057098,0.0,0.023804275318980217,5.689502716064453,0.4450254738330841,0.0,0.0,0.0,0.0,0.0,0.0,0.0,0.0,0.0,0.0,0.0,0.0,0.0,0.0,0.0,0.0,0.0,0.0,0.0,0.0,0.0,0.0,0.0,0.0,0.0,0.0,0.0,0.0,0.0,0.0,0.0,0.0,0.0,0.0,0.0,0.0,0.0,0.0,0.0,0.0,0.0,0.0,0.0,0.0,0.0,0.0,0.0,0.0,0.0,0.0,0.0,0.0,0.0,0.0,0.0,0.0,0.0,0.0,0.0,0.0,0.0,0.0,0.0,0.0,0.0,0.0,0.0,0.0,0.0,0.0,0.0,0.0,0.0,0.0,0.0,0.0,0.0,0.0,0.0,0.0,0.0,0.0,0.0,0.0,0.0,0.0,0.0,0.0,0.0,0.0,0.0,0.0,0.0,0.0,0.0,0.0,0.0,0.0,0.0,0.0,0.0,0.0,0.0,0.0,0.0,0.0,0.0,0.0,0.0,0.0,0.0,0.0,0.0,0.0,0.0,0.0,0.0
5167,0.0,0.0,1.4085701704025269,0.11770787090063095,1.271144151687622,1.111362099647522,2.7059035301208496,0.14903861284255981,1.9202330112457275,3.619050979614258,0.2765297293663025,0.8168054819107056,7.728093147277832,0.0,0.0,0.3920357823371887,0.0,0.0,0.0,0.0,0.0,0.0,0.0,1.5278877019882202,0.19778446853160858,2.747878074645996,0.27689671516418457,1.727692723274231,0.0,0.3884996771812439,0.0,0.5382631421089172,0.0,0.0,0.0,7.123581886291504,0.0,0.0,0.0,0.31560051441192627,0.4641765058040619,1.9961280822753906,0.0,0.8576805591583252,0.5877659320831299,0.0,0.0,0.0,0.0,0.8645603060722351,0.0,0.0,0.6883388757705688,0.0,0.0,0.0,0.0,0.0,0.0,0.0,0.0,0.0,0.0,0.0,0.535033643245697,0.0,0.0,0.0,0.0,0.0,4.855724334716797,1.7984760999679565,4.855724334716797,0.0,0.0,0.0,0.0,0.0,0.0,0.0,0.0,0.0,0.0,0.0,0.0,0.0,0.0,0.0,0.0,0.0,0.0,0.32955190539360046,0.0,0.0,0.0,0.0,0.0,0.06636916846036911,0.0,0.0,0.0,0.0,0.0,0.0,0.0,0.0,0.0,0.0,2.829392194747925,0.0,0.0,1.0332260131835938,0.0,0.0,0.0,0.0,0.0,0.0,0.0,0.0,0.0,0.0,0.0,0.0,0.0,0.0,0.0,0.0,0.0,0.0,0.7722899913787842,0.0,0.0,0.0,0.0,0.0,0.0,0.42565861344337463,0.4958864152431488,0.4933738112449646,0.0,0.0,0.0,0.29196029901504517,0.0,0.0,0.0,1.0201815366744995,4.858898162841797,0.0,0.0,0.0,4.509824752807617,0.0,0.0,4.13516092300415,0.0,0.0,0.0,0.0,1.283068299293518,0.0,0.0,0.0,0.0,0.0,0.0,0.0,0.0,0.0,0.0,0.0,0.0,0.0,0.0,0.0,0.0,0.0,0.0,0.0,0.0,0.0,0.3373097777366638,0.0,0.3373097777366638,0.0,0.0,0.20733626186847687,0.3998079001903534,0.0,0.0,0.0,0.0,0.274698942899704,0.0,5.9270172119140625,0.0,0.0,0.0,0.0,0.0,0.0,0.0,0.0,0.0,0.0,0.0,0.0,1.8119726181030273,0.0,0.0,0.0,0.0,0.0,0.0,0.0,5.011467456817627,0.0,0.0,0.0,0.0,0.0,0.0,0.0,0.0,0.0,0.0,0.0,0.0,0.0,0.0,0.0,0.0,0.0,0.0,0.058213330805301666,0.0,0.0,0.0,0.0,0.0,0.0,0.0,0.0,0.0,0.0,0.0,0.0,0.0,1.9774037599563599,0.0,1.1013191938400269,0.0,0.0,0.09231316298246384,0.0,0.0,3.1995010375976562,0.8731355667114258,0.0,0.0,0.0,0.0,0.0,0.0,0.0,0.0,0.0,0.0,0.0,0.0,0.0,0.0,0.0,0.0,0.0,0.0,0.0,0.0,0.0,0.0,0.0,0.0,0.0,0.0,0.0,0.0,0.0,0.0,0.0,0.0,0.0,0.0,0.0,0.0,0.0,0.0,0.0,0.0,0.0,0.0,0.0,0.0,0.0,0.0,0.0,0.0,0.0,0.0,0.0,0.0,0.0,0.0,0.0,0.0,0.0,0.0,0.0,0.0,0.0,0.0,0.0,0.0,0.0,0.0,0.0,0.0,0.0,0.0,0.0,0.0,0.0,0.0,0.0,0.0,0.0,0.0,0.0,0.0,0.0,0.0,0.0,0.0,0.0,0.0,0.0,0.0,0.0,0.0,0.0,0.0,0.0,0.0,0.0,0.0,0.0,0.0,0.0,0.0,0.0,0.0,0.0,0.0,0.0,0.0,0.0,0.0,0.0,0.0,0.0,0.0,0.0,0.0,0.0,0.0,0.0
5168,0.0,0.0,0.0,0.0,0.0,0.0,0.0,0.0,0.0,0.0,0.0,0.0,0.0,0.0,0.0,0.0,0.0,0.0,0.0,0.0,0.0,0.0,0.0,0.0,0.0,0.0,0.0,0.0,0.0,0.0,0.0,0.0,0.0,0.0,0.0,0.0,0.0,0.0,0.0,0.0,0.0,0.0,0.0,0.0,0.0,0.0,0.0,0.0,0.0,0.0,0.0,0.0,0.0,0.0,0.0,0.0,0.0,0.0,0.0,0.0,0.0,0.0,0.0,0.0,0.0,0.0,0.0,0.0,0.0,0.0,0.0,0.0,0.0,0.0,0.0,0.0,0.0,0.0,0.0,0.0,0.0,0.0,0.0,0.0,0.0,0.0,0.0,0.0,0.0,0.0,0.0,0.0,0.0,0.0,0.0,0.0,0.0,0.0,0.0,0.0,0.0,0.0,0.0,0.0,0.0,0.0,0.0,0.0,0.0,0.0,0.0,0.0,0.0,0.0,0.0,0.0,0.0,0.0,0.0,0.0,0.0,0.0,0.0,0.0,0.0,0.0,0.0,0.0,0.0,0.0,0.0,0.0,0.0,0.0,0.0,0.0,0.0,0.0,0.0,0.0,0.0,0.0,0.0,0.0,0.0,0.0,0.0,0.0,0.0,0.0,0.0,0.0,0.0,0.0,0.0,0.0,0.0,0.0,0.0,0.0,0.0,0.0,0.0,0.0,0.0,0.0,0.0,0.0,0.0,0.0,0.0,0.0,0.0,0.0,0.0,0.0,0.0,0.0,0.0,0.0,0.0,0.0,0.0,0.0,0.0,0.0,0.0,0.0,0.0,0.0,0.0,0.0,0.0,0.0,0.0,0.0,0.0,0.0,0.0,0.0,0.0,0.0,0.0,0.0,0.0,0.0,0.0,0.0,0.0,0.0,0.0,0.0,0.0,0.0,0.0,0.0,0.0,0.0,0.0,0.0,0.0,0.0,0.0,0.0,0.0,0.0,0.0,0.0,0.0,0.0,0.0,0.0,0.0,0.0,0.0,0.0,0.0,0.0,0.0,0.0,0.0,0.0,0.0,0.0,0.0,0.0,0.0,0.0,0.0,0.0,0.0,0.0,0.0,0.0,0.0,0.0,0.0,0.0,0.0,0.0,0.0,0.0,0.0,0.0,0.0,0.0,0.0,0.0,0.0,0.0,0.0,0.0,0.0,0.0,0.0,0.0,0.0,0.0,0.0,0.0,0.0,0.0,0.0,0.0,0.0,0.0,0.0,0.0,0.0,0.0,0.0,0.0,0.0,0.0,0.0,0.0,0.0,0.0,0.0,0.0,0.0,0.0,0.0,0.0,0.0,0.0,0.0,0.0,0.0,0.0,0.0,0.0,0.0,0.0,0.0,0.0,0.0,0.0,0.0,0.0,0.0,0.0,0.0,0.0,0.0,0.0,0.0,0.0,0.0,0.0,0.0,0.0,0.0,0.0,0.0,0.0,0.0,0.0,0.0,0.0,0.0,0.0,0.0,0.0,0.0,0.0,0.0,0.0,0.0,0.0,0.0,0.0,0.0,0.0,0.0,0.0,0.0,0.0,0.0,0.0,0.0,0.0,0.0,0.0,0.0,0.0,0.0,0.0,0.0,0.0,0.0,0.0,0.0,0.0,0.0,0.0
5169,0.0,0.0,3.0681443214416504,0.6291745901107788,1.7923369407653809,2.5969443321228027,4.898361682891846,0.3071245551109314,2.2448678016662598,6.224465847015381,0.8230323791503906,1.6285420656204224,9.523540496826172,0.0,0.0,0.6746589541435242,0.0,0.0,0.0,0.0,0.0,0.0,0.0,4.128664016723633,0.49954062700271606,7.123384952545166,0.9990812540054321,4.128664016723633,0.0,0.7812840342521667,0.0,1.234330415725708,0.0,0.0,0.0,0.39830735325813293,0.0,0.0,0.0,0.9114002585411072,0.8604609966278076,2.386770725250244,0.0,9.134879112243652,0.730007529258728,0.0,0.0,0.0,0.0,9.55473804473877,2.0449435710906982,3.3631136417388916,3.5138258934020996,0.0,0.0,0.0,0.0,0.0,0.0,0.0,0.0,0.0,0.0,0.1497993767261505,0.4372650980949402,0.0,0.20701424777507782,0.16592028737068176,0.0,0.30240824818611145,0.730007529258728,0.9940400123596191,1.5319758653640747,0.0,0.0,6.14431095123291,0.0,0.0,4.091485977172852,0.0,0.0,0.0,0.0,0.0,0.0,0.0,0.0,0.0,2.2399299144744873,0.0,0.0,26.853670120239258,0.0,0.16037079691886902,9.51508903503418,0.0,0.8506695628166199,5.810606956481934,3.3117635250091553,0.5372529029846191,26.694581985473633,0.0,0.0,0.0,4.099860191345215,1.8370845317840576,0.0,0.09170570969581604,19.50203514099121,0.0,0.0,0.6356211304664612,0.0,0.0,2.7450404167175293,3.1987292766571045,0.0,0.0,3.61696457862854,0.0,6.375302314758301,2.218332052230835,9.939653396606445,3.317324161529541,0.0,1.5162014961242676,0.0,0.0,0.0,0.0,5.526853561401367,3.6250274181365967,0.0,0.0,0.0,0.0,0.0,0.8833053708076477,2.3369758129119873,7.688279151916504,0.4273006319999695,0.29196029901504517,0.0,0.8604609966278076,0.26897135376930237,3.461801052093506,1.3416308164596558,1.0321730375289917,3.8027889728546143,0.4370967149734497,0.0,0.0,1.7618129253387451,0.0,0.0,1.5891127586364746,0.0,5.160728931427002,0.0,0.0,0.7623236179351807,0.0,0.0,0.0,5.015279769897461,0.0,0.0,3.0402846336364746,0.0,0.0,0.0,0.0,0.0,5.722065448760986,0.0,3.776153326034546,0.0,0.0,0.4302304983139038,0.0,0.0,0.0,0.8548886179924011,0.0,0.8548886179924011,0.0,0.0,0.0,0.2064809501171112,0.0,0.0,0.0,0.0,0.3961631655693054,0.0,0.0,0.0,0.6540614366531372,0.2701880931854248,0.21761475503444672,0.5269123911857605,0.0,0.0,0.0,0.0,0.0,0.0,0.0,0.0,0.0,0.0,0.0,0.0,0.0,0.0,0.0,0.0,0.0,0.0,0.0,0.0,0.0,0.0,0.0,0.0,0.0,0.0,0.0,0.0,0.0,0.0,0.0,0.0,0.0,0.0,0.3665444850921631,0.0,0.0,0.0,0.0,0.0,0.0,0.23610085248947144,0.2754051387310028,0.0,0.0,0.0,0.0,0.0,0.8286809921264648,0.0,0.14218021929264069,0.0,0.0,0.5311492681503296,0.0,0.2250773012638092,0.0,0.696873128414154,0.0,0.0,0.0,0.27532538771629333,0.0,0.0,0.0,0.0,0.0,0.0,0.0,0.0,0.0,0.0,0.0,0.0,0.0,0.0,0.0,0.0,0.0,0.0,0.0,0.0,0.0,0.0,0.0,0.0,0.0,0.0,0.0,0.0,0.0,0.0,0.0,0.0,0.0,0.0,0.0,0.0,0.0,0.0,0.0,0.0,0.0,0.0,0.0,0.0,0.0,0.0,0.0,0.0,0.0,0.0,0.0,0.0,0.0,0.0,0.0,0.0,0.0,0.0,0.0,0.0,0.0,0.0,0.0,0.0,0.0,0.0,0.0,0.0,0.0,0.0,0.0,0.0,0.0,0.0,0.0,0.0,0.0,0.0,0.0,0.0,0.0,0.0,0.0,0.0,0.0,0.0,0.0,0.0,0.0,0.0,0.0,0.0,0.0,0.0,0.0,0.0,0.0,0.0,0.0,0.0,0.0,0.0,0.0,0.0,0.0,0.0,0.0,0.0,0.0,0.0,0.0,0.0,0.0
5170,0.0,0.0,0.22269554436206818,0.370651513338089,0.18092939257621765,0.3618587851524353,0.5222630500793457,0.0,0.370651513338089,1.5673582553863525,0.18092939257621765,0.18092939257621765,1.5065327882766724,0.0,0.0,0.0,0.0,0.0,0.0,0.0,0.0,0.0,0.0,1.0216069221496582,0.0,1.9875773191452026,0.18749433755874634,1.0216069221496582,0.0,0.23482345044612885,0.0,0.03842100128531456,0.0,0.0,0.0,1.40885329246521,0.0,0.0,0.0,0.0,0.0,0.29205983877182007,0.0,0.14528660476207733,0.0,0.0,0.0,0.0,0.0,0.0,0.0,0.0,0.0,0.0,0.0,0.0,0.0,0.0,0.0,0.0,0.0,0.0,0.0,0.0,0.0,0.0,0.0,0.0,0.0,0.0,0.0,0.0,0.0,0.0,0.0,0.0,0.0,0.0,0.0,0.0,0.0,0.0,0.0,0.0,0.0,0.0,0.0,0.0,0.0,0.0,0.0,0.0,0.0,0.0,0.0,0.0,0.0,0.0,0.0,0.0,0.0,0.0,0.0,0.0,0.0,0.0,0.0,0.0,0.0,0.0,0.0,0.0,0.0,0.0,0.0,0.0,0.0,0.0,0.0,0.0,0.0,0.0,0.0,0.0,0.0,0.0,0.0,0.0,0.0,0.0,0.1710433065891266,0.0,0.0,0.0,0.0,0.0,0.0,0.0,0.0,0.0,0.0,0.0,0.0,0.26897135376930237,0.0,0.0,0.0,0.0,0.18298140168190002,0.0,0.0,0.0,0.17006100714206696,0.0,0.0,0.10821639746427536,0.0,0.127614825963974,0.0,0.0,0.0,0.0,0.0,0.0,0.0,0.0,0.0,0.20008298754692078,0.0,0.0,0.0,0.0,0.0,0.0,0.0,0.4258246421813965,0.0,0.0,0.0,0.0,0.0,0.0,0.0,0.0,0.0,0.0,0.0,0.11578834056854248,0.14291022717952728,0.0,0.0,0.0,0.0,0.0,0.0,0.0,0.0,0.0,0.0,0.0,0.0,0.0,0.0,0.0,0.0,0.0,0.0,0.0,0.16165372729301453,0.0,0.0,0.0,0.0,0.0,0.0,0.0,2.577944040298462,0.0,0.0,0.0,0.0,0.0,0.0,0.0,0.0,0.0,0.0,0.0,0.0,0.0,0.0,0.0,0.0,0.0,0.0,0.039195992052555084,0.0,0.0,0.0,0.0,0.0,0.0,0.0,0.0,0.0,0.0,0.0,0.0,0.0,0.20604307949543,0.0,0.09786626696586609,0.0,0.0,0.0,0.0,0.0,0.43217897415161133,0.09868312627077103,0.0,0.0,0.0,0.0,0.0,0.0,0.0,0.0,0.0,0.0,0.0,0.0,0.0,0.0,0.0,0.0,0.0,0.0,0.0,0.0,0.0,0.0,0.0,0.0,0.0,0.0,0.0,0.0,0.0,0.0,0.0,0.0,0.0,0.0,0.0,0.0,0.0,0.0,0.0,0.0,0.0,0.0,0.0,0.0,0.0,0.0,0.0,0.0,0.0,0.0,0.0,0.0,0.0,0.0,0.0,0.0,0.0,0.0,0.0,0.0,0.0,0.0,0.0,0.0,0.0,0.0,0.0,0.0,0.0,0.0,0.0,0.0,0.0,0.0,0.0,0.0,0.0,0.0,0.0,0.0,0.0,0.0,0.0,0.0,0.0,0.0,0.0,0.0,0.0,0.0,0.0,0.0,0.0,0.0,0.0,0.0,0.0,0.0,0.0,0.0,0.0,0.0,0.0,0.0,0.0,0.0,0.0,0.0,0.0,0.0,0.0,0.0,0.0,0.0,0.0,0.0,0.0
5171,0.0,0.0,8.002766609191895,3.175248384475708,4.3176493644714355,5.098343849182129,7.942636966705322,1.3618000745773315,10.885730743408203,23.79718017578125,2.640169143676758,4.949192523956299,34.55968475341797,0.3399852514266968,0.9063670635223389,4.887238025665283,0.8128818273544312,0.7617834806442261,0.0,0.0,1.1716095209121704,0.7571661472320557,0.0,13.957921028137207,1.2285091876983643,25.608678817749023,2.0144073963165283,14.783288955688477,0.0,3.5443115234375,0.0,5.731648921966553,0.0,0.0,0.0,24.022747039794922,0.0,0.0,0.0,1.1233384609222412,1.1785329580307007,5.198142051696777,0.0,3.2315473556518555,1.8691915273666382,0.0,0.0,0.0,0.0,2.441246509552002,0.45333316922187805,1.0086092948913574,2.428417921066284,0.0,0.0,0.0,0.0,0.0,0.0,0.0,0.0,0.0,0.0,0.0,1.5399035215377808,0.0,0.0,0.0,0.0,0.0,12.125105857849121,6.1451263427734375,12.125105857849121,0.0,0.0,0.5307580232620239,0.0,0.0,0.5310574769973755,0.0,0.0,0.0,0.0,0.1346936672925949,0.0,0.0,0.0,0.0,0.1346936672925949,0.0,0.0,3.3939168453216553,0.0,0.0,0.0,0.0,0.0,0.3362848162651062,0.0,0.0,0.6885806322097778,0.0,0.0,0.0,0.19733770191669464,2.8757872581481934,0.22522974014282227,0.27112844586372375,7.11969518661499,0.0,0.0,1.6795752048492432,0.0,0.0,0.0,0.0,0.0,0.0,0.0,0.0,0.0,0.0,0.0,0.0,0.0,0.0,0.0,0.0,0.0,0.0,6.8126444816589355,9.693120002746582,0.0,0.0,0.0,0.0,0.0,0.20857150852680206,0.2366040199995041,12.602300643920898,0.37572595477104187,0.0,0.0,3.461801052093506,0.0,5.951464653015137,1.6341098546981812,0.37774649262428284,2.3908231258392334,1.6148637533187866,0.0,0.0,2.6581547260284424,0.0,0.0,0.5273096561431885,0.0,6.607387065887451,0.0,0.0,2.5837209224700928,0.0,0.9930830001831055,0.0,0.09998803585767746,0.0,0.0,7.641975402832031,0.0,0.43328025937080383,0.0,0.0,0.0,138.32781982421875,0.0,9.086721420288086,0.0,0.0,6.631573677062988,0.0,0.0,0.0,0.6514785885810852,0.0,0.6514785885810852,0.0,0.0,1.630507230758667,1.7487860918045044,0.0,0.0,0.0,0.11171956360340118,0.7879473567008972,0.0,13.088726043701172,0.0,1.178985595703125,0.4735235273838043,0.25310301780700684,0.4583110511302948,0.0,0.0,0.0,3.2505457401275635,0.0,0.0,0.0,8.03783893585205,0.0,0.0,0.0,0.0,0.0,0.0,0.0,38.23629379272461,0.0,0.0,0.0,0.0,0.0,0.0,0.0,0.0,0.0,0.0,0.0,0.0,0.0,0.0,0.0,0.0,0.0,0.0,0.29309388995170593,0.0,0.0,0.0,1.5266077518463135,0.0,0.0,0.11306305229663849,0.10778413712978363,0.0,0.0,0.0,0.0,1.1238446235656738,4.1515278816223145,0.9826511740684509,3.059932231903076,0.0,0.0,0.4111984074115753,0.0,0.10778413712978363,11.92142105102539,1.575177788734436,0.0,0.0,0.0,0.0,0.0,0.0,0.0,0.0,0.0,0.0,0.0,0.0,0.0,0.0,0.0,0.0,0.0,0.0,0.0,0.0,0.0,0.0,0.0,0.0,0.0,0.0,0.0,0.0,0.0,0.0,0.0,0.0,0.0,0.0,0.0,0.0,0.0,0.0,0.0,0.0,0.0,0.0,0.0,0.0,0.0,0.0,0.0,0.0,0.0,0.0,0.0,0.0,0.0,0.0,0.0,0.0,0.0,0.0,0.0,0.0,0.0,0.0,0.0,0.0,0.0,0.0,0.0,0.0,0.0,0.0,0.0,0.0,0.0,0.0,0.0,0.0,0.0,0.0,0.0,0.0,0.0,0.0,0.0,0.0,0.0,0.0,0.0,0.0,0.0,0.0,0.0,0.0,0.0,0.0,0.0,0.0,0.0,0.0,0.0,0.0,0.0,0.0,0.0,0.0,0.0,0.0,0.0,0.0,0.0,0.0,0.0,0.0,0.0,0.0,0.0,0.0,0.0
5172,0.0,0.0,2.870465040206909,0.8396663665771484,1.869249701499939,2.2148945331573486,3.940213203430176,0.7285231351852417,5.170943737030029,14.947606086730957,1.2359811067581177,1.6018441915512085,11.894479751586914,0.0,0.0,1.6894588470458984,0.0,0.0,0.0,0.0,0.5793824195861816,0.0,0.0,5.813704490661621,0.3107866644859314,10.16773796081543,0.831828773021698,6.2439351081848145,0.0,1.2013658285140991,0.0,2.7999114990234375,0.0,0.0,0.0,8.514373779296875,0.0,0.0,0.0,0.4302304983139038,0.31638556718826294,1.840033769607544,0.0,1.2506479024887085,0.43776461482048035,0.0,0.0,0.0,0.0,0.0,0.0,0.0,0.925129234790802,0.0,0.0,0.0,0.0,0.0,0.0,0.0,0.0,0.0,0.0,0.0,0.23858709633350372,0.0,0.0,0.0,0.0,0.0,2.7454285621643066,1.549249291419983,2.7454285621643066,0.0,0.0,0.32440462708473206,0.0,0.0,0.3064460754394531,0.0,0.0,0.0,0.0,0.0,0.0,0.0,0.0,0.0,0.0,0.0,0.0,0.967003583908081,0.0,0.0,0.0,0.0,0.0,0.0,0.0,0.0,0.0,0.0,0.0,0.0,0.0,0.26879915595054626,0.0,0.0,1.335637092590332,0.0,0.0,0.0,0.0,0.0,0.0,0.0,0.0,0.0,0.0,0.0,0.0,0.0,0.0,0.0,0.0,0.0,0.0,0.0,0.0,0.0,0.721830427646637,1.9009696245193481,0.0,0.0,0.0,0.0,0.0,0.0,0.06178520247340202,3.6808409690856934,0.0,0.0,0.0,1.3416308164596558,0.0,1.6341098546981812,0.8604609966278076,0.0,0.20993506908416748,0.24714024364948273,0.0,0.0,0.18835216760635376,0.0,0.0,0.16059474647045135,0.0,0.5704119801521301,0.0,0.0,0.11656796932220459,0.0,0.0,0.0,0.0,0.0,0.0,0.51221764087677,0.0,0.0,0.0,0.0,0.0,0.60901939868927,0.0,0.6169643998146057,0.0,0.0,0.5877828001976013,0.0,0.0,0.0,0.05226602405309677,0.0,0.11418487131595612,0.0,0.0,0.7341861724853516,0.7149692177772522,0.0,0.0,0.0,0.0,0.23375633358955383,0.0,3.2305350303649902,0.0,0.3523969352245331,0.0,0.0,0.0,0.0,0.0,0.0,0.0,0.0,0.0,0.0,3.0533525943756104,0.0,0.0,0.0,0.0,0.0,0.0,0.0,15.031045913696289,0.0,0.0,0.0,0.0,0.0,0.0,0.0,0.0,0.0,0.0,0.0,0.0,0.0,0.0,0.0,0.0,0.0,0.0,0.05581657215952873,0.0,0.0,0.0,0.2744530141353607,0.0,0.0,0.0,0.0,0.0,0.0,0.0,0.0,0.10359053313732147,1.2771544456481934,0.15654103457927704,1.3944164514541626,0.0,0.0,0.0,0.0,0.0,1.883378028869629,0.7888296246528625,0.0,0.0,0.0,0.0,0.0,0.0,0.0,0.0,0.0,0.0,0.0,0.0,0.0,0.0,0.0,0.0,0.0,0.0,0.0,0.0,0.0,0.0,0.0,0.0,0.0,0.0,0.0,0.0,0.0,0.0,0.0,0.0,0.0,0.0,0.0,0.0,0.0,0.0,0.0,0.0,0.0,0.0,0.0,0.0,0.0,0.0,0.0,0.0,0.0,0.0,0.0,0.0,0.0,0.0,0.0,0.0,0.0,0.0,0.0,0.0,0.0,0.0,0.0,0.0,0.0,0.0,0.0,0.0,0.0,0.0,0.0,0.0,0.0,0.0,0.0,0.0,0.0,0.0,0.0,0.0,0.0,0.0,0.0,0.0,0.0,0.0,0.0,0.0,0.0,0.0,0.0,0.0,0.0,0.0,0.0,0.0,0.0,0.0,0.0,0.0,0.0,0.0,0.0,0.0,0.0,0.0,0.0,0.0,0.0,0.0,0.0,0.0,0.0,0.0,0.0,0.0,0.0
5173,0.0,0.0,2.9980547428131104,0.6489560604095459,0.7783116102218628,0.9008612036705017,2.5983126163482666,0.2775253653526306,3.7464828491210938,5.9871015548706055,0.7508468627929688,1.3983724117279053,13.323113441467285,0.3789827525615692,0.2941083014011383,1.263179063796997,0.0,0.140543594956398,0.0,0.0,0.07871318608522415,0.09791035950183868,0.0,3.3954505920410156,0.36829522252082825,5.338267803192139,0.5506343245506287,3.5720419883728027,0.0,0.9603550434112549,0.0,4.218737602233887,0.0,0.0,0.0,13.660256385803223,0.0,0.0,0.0,0.8559372425079346,1.0229696035385132,3.4149906635284424,0.0,1.8626189231872559,1.0102580785751343,0.0,0.0,0.0,0.0,0.6007542014122009,0.3566564619541168,0.374610960483551,1.8585928678512573,0.0,0.0,0.0,0.0,0.0,0.0,0.0,0.0,0.0,0.0,0.22699712216854095,1.327714204788208,0.0,0.22427019476890564,0.08070293068885803,0.0,0.0,9.587066650390625,3.882838010787964,9.587066650390625,0.0,0.0,0.0,0.0,0.0,0.0,0.0,0.0,0.0,0.0,0.0,0.0,0.0,0.0,0.0,0.0,0.0,0.0,1.2092063426971436,0.0,0.0,1.7615394592285156,0.0,0.07976869493722916,0.10099556297063828,0.4251865744590759,0.0,0.3492635190486908,0.0,0.0,0.0,0.0,0.0,0.0,0.0,5.268622398376465,0.0,0.0,0.7179543972015381,0.0,0.0,0.0,0.0,0.0,0.0,0.0,0.0,2.4282009601593018,0.0,0.0,0.0,0.0,0.0,0.0,0.0,0.0,0.0,2.843701124191284,0.0,0.0,0.0,0.0,0.0,0.0,0.6368075609207153,0.7916654944419861,0.4302304983139038,0.8604609966278076,1.0201815366744995,0.0,1.0321730375289917,0.0,0.37774649262428284,0.0,0.8604609966278076,9.117789268493652,0.0,0.0,0.0,7.674834728240967,0.0,0.0,6.313429355621338,0.0,0.9474807381629944,0.0,0.0,2.0825233459472656,0.0,1.4842092990875244,0.0,0.0,0.0,0.0,0.34062355756759644,0.0,0.0,0.0,0.0,0.0,0.0,0.0,0.0,0.0,0.0,0.0,0.0,0.0,0.0,0.05718212202191353,0.0,0.05718212202191353,0.0,0.0,0.19081301987171173,0.24821949005126953,0.0,0.0,0.0,0.0,0.04751858115196228,0.0,3.920222282409668,0.0,0.041972678154706955,0.0,0.0,0.0,0.0,0.0,0.0,1.0612537860870361,0.0,0.0,0.0,4.953906059265137,0.0,0.0,0.0,0.0,0.0,0.0,0.0,10.300437927246094,0.0,0.0,0.0,0.0,0.0,0.0,0.0,0.0,0.0,0.0,0.0,0.0,0.0,0.0,0.0,0.0,0.0,0.0,0.038302335888147354,0.0,0.0,0.0,0.04380199685692787,0.0,0.0,0.039327748119831085,0.03371306136250496,0.0,0.0,0.0,0.0,0.30596694350242615,1.9641183614730835,0.39428266882896423,1.5951706171035767,0.0,0.0,0.3282321095466614,0.0,0.028591061010956764,1.631561279296875,0.6034539937973022,0.0,0.0,0.0,0.0,0.0,0.0,0.0,0.0,0.0,0.0,0.0,0.0,0.0,0.0,0.0,0.0,0.0,0.0,0.0,0.0,0.0,0.0,0.0,0.0,0.0,0.0,0.0,0.0,0.0,0.0,0.0,0.0,0.0,0.0,0.0,0.0,0.0,0.0,0.0,0.0,0.0,0.0,0.0,0.0,0.0,0.0,0.0,0.0,0.0,0.0,0.0,0.0,0.0,0.0,0.0,0.0,0.0,0.0,0.0,0.0,0.0,0.0,0.0,0.0,0.0,0.0,0.0,0.0,0.0,0.0,0.0,0.0,0.0,0.0,0.0,0.0,0.0,0.0,0.0,0.0,0.0,0.0,0.0,0.0,0.0,0.0,0.0,0.0,0.0,0.0,0.0,0.0,0.0,0.0,0.0,0.0,0.0,0.0,0.0,0.0,0.0,0.0,0.0,0.0,0.0,0.0,0.0,0.0,0.0,0.0,0.0,0.0,0.0,0.0,0.0,0.0,0.0
5174,0.5440739989280701,0.07154405862092972,12.509428024291992,4.535503387451172,5.375446796417236,6.025619029998779,17.600095748901367,1.5653769969940186,14.050180435180664,26.344566345214844,3.129117727279663,6.003571510314941,43.24433135986328,1.0712393522262573,1.329421043395996,5.6758832931518555,0.40688496828079224,0.2499953806400299,0.0920492559671402,0.0,0.8108235001564026,0.9041427969932556,0.0,17.312135696411133,1.5448880195617676,30.42820930480957,2.431762933731079,18.806421279907227,0.0,4.052639961242676,0.0,12.24417781829834,0.0,0.0,0.0,68.0892562866211,0.0,0.0,0.0,3.8727633953094482,3.9300129413604736,13.32402515411377,0.0,9.403018951416016,4.061654567718506,0.0,0.0,0.2146051824092865,0.09670517593622208,8.23509693145752,2.334238290786743,2.534057855606079,8.732832908630371,0.0,0.0,0.0,0.0,0.0,0.0,0.0,0.0,0.0,0.0,0.5726153254508972,3.409681558609009,0.4497762620449066,0.5937054753303528,0.5691766738891602,0.0,1.9805234670639038,25.883785247802734,14.111312866210938,25.883785247802734,0.0,0.0,1.7635207176208496,0.0,0.0,1.364199161529541,0.0,0.0,0.0,0.0,0.0,0.0,0.0,0.0,0.0,0.9484705328941345,0.0,0.0,2.4600703716278076,3.0763144493103027,0.659040093421936,7.945089340209961,0.0,0.49822407960891724,0.15220357477664948,0.7890705466270447,0.26294025778770447,1.0400930643081665,0.0,0.0,0.0,1.2585639953613281,1.7083402872085571,0.4497762620449066,0.8412656784057617,10.15705680847168,0.0,0.0,2.89203143119812,0.0,0.0,0.4497762620449066,0.49528855085372925,0.0,0.0,0.6891646385192871,0.0,7.3539628982543945,1.4282090663909912,0.6327070593833923,0.3346688449382782,0.0,0.3224794864654541,0.0,0.0,0.0,0.0,10.176905632019043,4.159276485443115,0.0,0.0,0.0,0.0,0.0,1.7639206647872925,2.5965373516082764,5.711826324462891,7.396866798400879,4.858898162841797,0.0,3.8027889728546143,0.18298140168190002,2.3908231258392334,0.20993506908416748,9.117789268493652,60.55632019042969,0.3326636552810669,0.0,0.0,58.820369720458984,0.0,0.0,45.509700775146484,0.0,7.081343173980713,0.0,0.0,22.363059997558594,0.0,9.238858222961426,0.0,0.24549850821495056,0.0,0.0,2.3524019718170166,0.0,0.0,0.0,0.0,0.0,9.965106964111328,0.0,3.4143166542053223,0.0,0.0,3.449589252471924,0.0,0.0,0.0,0.6522699594497681,0.011303156614303589,0.6522699594497681,0.0,0.0,1.5075061321258545,1.708824634552002,0.0,0.0,0.0,0.1737729012966156,1.016984224319458,0.0,18.319089889526367,0.0,0.9202089309692383,0.7088128328323364,0.3172638714313507,0.5607293844223022,0.0,0.0,0.5612435936927795,5.551237106323242,0.0,0.5612435936927795,0.0,12.041970252990723,0.0,0.0,0.0,0.0,0.0,0.0,0.0,51.994693756103516,0.0,0.0,0.0,0.0,0.0,0.0,0.0,0.0,0.0,0.0,0.0,0.0,0.0,0.0,0.0,0.0,0.0,0.0,0.31993162631988525,0.0,0.0,0.0,1.7888060808181763,0.0,0.0,0.23592545092105865,0.204180046916008,0.0,0.0,0.0,0.0,1.8983495235443115,7.697249889373779,1.1936358213424683,5.442415237426758,0.0,0.0,1.6960537433624268,0.0,0.20211593806743622,13.915826797485352,2.461923599243164,0.0,0.0,0.0,0.5767739415168762,0.0,0.0,0.0,0.0,0.0,0.0,0.0,0.0,0.0,0.0,0.0,0.0,0.0,0.0,0.0,0.0,0.0,0.0,0.0,0.0,0.0,0.0,0.0,0.0,0.0,0.0,0.0,0.0,0.0,0.0,0.0,0.0,0.0,0.0,0.0,0.0,0.0,0.0,0.0,0.0,0.0,0.0,0.0,0.0,0.0,0.0,0.0,0.0,0.0,0.0,0.0,0.0,0.0,0.0,0.0,0.0,0.0,0.0,0.0,0.0,0.0,0.0,0.0,0.0,0.0,0.0,0.0,0.0,0.0,0.0,0.0,0.0,0.0,0.0,0.0,0.0,0.0,0.0,0.0,0.0,0.0,0.0,0.0,0.0,0.0,0.0,0.0,0.0,0.0,0.0,0.0,0.0,0.0,0.0,0.0,0.0,0.0,0.0,0.0,0.0,0.0,0.0,0.0,0.0,0.0,0.0,0.0,0.0,0.0,0.0,0.0,0.0,0.0
5175,0.0,0.0,0.7374677658081055,0.29705941677093506,0.5354769825935364,0.6687389612197876,1.2058545351028442,0.15848594903945923,1.1541697978973389,2.8270034790039062,0.2906847596168518,0.5268073081970215,3.288337230682373,0.0,0.0,0.44616231322288513,0.0,0.0,0.0,0.0,0.0,0.0,0.0,1.9014230966567993,0.12064909934997559,3.1892457008361816,0.147098109126091,1.9437299966812134,0.0,0.39353686571121216,0.0,0.6075848937034607,0.0,0.0,0.0,2.410268545150757,0.0,0.0,0.0,0.0,0.05892089754343033,0.44314002990722656,0.0,0.30881714820861816,0.11706918478012085,0.0,0.0,0.0,0.0,0.0,0.0,0.0,0.3591403067111969,0.0,0.0,0.0,0.0,0.0,0.0,0.0,0.0,0.0,0.0,0.0,0.08793733268976212,0.0,0.0,0.0,0.0,0.0,0.5668933987617493,0.41664427518844604,0.5668933987617493,0.0,0.0,0.0,0.0,0.0,0.1189640611410141,0.0,0.0,0.0,0.0,0.0,0.0,0.0,0.0,0.0,0.0,0.0,0.0,0.16934391856193542,0.0,0.0,0.0,0.0,0.0,0.0,0.0,0.0,0.0,0.0,0.0,0.0,0.0,0.1047581285238266,0.0,0.0,0.4819163680076599,0.0,0.0,0.0,0.0,0.0,0.0,0.0,0.0,0.0,0.0,0.0,0.0,0.0,0.0,0.0,0.0,0.0,0.0,0.0,0.0,0.0,0.48567622900009155,2.0501015186309814,0.0,0.0,0.0,0.0,0.0,0.0,0.022279327735304832,3.336962938308716,0.0,0.0,0.0,0.4370967149734497,0.0,1.6148637533187866,0.24714024364948273,0.0,0.3326636552810669,0.0,0.0,0.0,0.1587548851966858,0.0,0.0,0.0933782085776329,0.0,0.4469688832759857,0.0,0.0,0.16021613776683807,0.0,0.0,0.0,0.0,0.0,0.0,2.1901512145996094,0.0,0.0,0.0,0.0,0.0,1.541284203529358,0.0,2.3674843311309814,0.0,0.0,2.1139440536499023,0.0,0.0,0.0,0.05061504244804382,0.0,0.05061504244804382,0.0,0.0,0.15597286820411682,0.2367338389158249,0.0,0.0,0.0,0.0,0.08450201153755188,0.0,1.1516326665878296,0.0,0.13498614728450775,0.0,0.0,0.0,0.0,0.0,0.0,0.0,0.0,0.0,0.0,0.6864311695098877,0.0,0.0,0.0,0.0,0.0,0.0,0.0,4.478488445281982,0.0,0.0,0.0,0.0,0.0,0.0,0.0,0.0,0.0,0.0,0.0,0.0,0.0,0.0,0.0,0.0,0.0,0.0,0.027257408946752548,0.0,0.0,0.0,0.23883119225502014,0.0,0.0,0.0,0.0,0.0,0.0,0.0,0.0,0.0689549371600151,0.37485063076019287,0.06077009439468384,0.3624037206172943,0.0,0.0,0.0,0.0,0.0,0.5984992384910583,0.17635878920555115,0.0,0.0,0.0,0.0,0.0,0.0,0.0,0.0,0.0,0.0,0.0,0.0,0.0,0.0,0.0,0.0,0.0,0.0,0.0,0.0,0.0,0.0,0.0,0.0,0.0,0.0,0.0,0.0,0.0,0.0,0.0,0.0,0.0,0.0,0.0,0.0,0.0,0.0,0.0,0.0,0.0,0.0,0.0,0.0,0.0,0.0,0.0,0.0,0.0,0.0,0.0,0.0,0.0,0.0,0.0,0.0,0.0,0.0,0.0,0.0,0.0,0.0,0.0,0.0,0.0,0.0,0.0,0.0,0.0,0.0,0.0,0.0,0.0,0.0,0.0,0.0,0.0,0.0,0.0,0.0,0.0,0.0,0.0,0.0,0.0,0.0,0.0,0.0,0.0,0.0,0.0,0.0,0.0,0.0,0.0,0.0,0.0,0.0,0.0,0.0,0.0,0.0,0.0,0.0,0.0,0.0,0.0,0.0,0.0,0.0,0.0,0.0,0.0,0.0,0.0,0.0,0.0
5176,0.0,0.0,0.0,0.0,0.0,0.0,0.0,0.0,0.0,0.0,0.0,0.0,0.0,0.0,0.0,0.0,0.0,0.0,0.0,0.0,0.0,0.0,0.0,0.0,0.0,0.0,0.0,0.0,0.0,0.0,0.0,0.0,0.0,0.0,0.0,0.0,0.0,0.0,0.0,0.0,0.0,0.0,0.0,0.0,0.0,0.0,0.0,0.0,0.0,0.0,0.0,0.0,0.0,0.0,0.0,0.0,0.0,0.0,0.0,0.0,0.0,0.0,0.0,0.0,0.0,0.0,0.0,0.0,0.0,0.0,0.0,0.0,0.0,0.0,0.0,0.0,0.0,0.0,0.0,0.0,0.0,0.0,0.0,0.0,0.0,0.0,0.0,0.0,0.0,0.0,0.0,0.0,0.0,0.0,0.0,0.0,0.0,0.0,0.0,0.0,0.0,0.0,0.0,0.0,0.0,0.0,0.0,0.0,0.0,0.0,0.0,0.0,0.0,0.0,0.0,0.0,0.0,0.0,0.0,0.0,0.0,0.0,0.0,0.0,0.0,0.0,0.0,0.0,0.0,0.0,0.0,0.0,0.0,0.0,0.0,0.0,0.0,0.0,0.0,0.0,0.0,0.0,0.0,0.0,0.0,0.0,0.0,0.0,0.0,0.0,0.0,0.0,0.0,0.0,0.0,0.0,0.0,0.0,0.0,0.0,0.0,0.0,0.0,0.0,0.0,0.0,0.0,0.0,0.0,0.0,0.0,0.0,0.0,0.0,0.0,0.0,0.0,0.0,0.0,0.0,0.0,0.0,0.0,0.0,0.0,0.0,0.0,0.0,0.0,0.0,0.0,0.0,0.0,0.0,0.0,0.0,0.0,0.0,0.0,0.0,0.0,0.0,0.0,0.0,0.0,0.0,0.0,0.0,0.0,0.0,0.0,0.0,0.0,0.0,0.0,0.0,0.0,0.0,0.0,0.0,0.0,0.0,0.0,0.0,0.0,0.0,0.0,0.0,0.0,0.0,0.0,0.0,0.0,0.0,0.0,0.0,0.0,0.0,0.0,0.0,0.0,0.0,0.0,0.0,0.0,0.0,0.0,0.0,0.0,0.0,0.0,0.0,0.0,0.0,0.0,0.0,0.0,0.0,0.0,0.0,0.0,0.0,0.0,0.0,0.0,0.0,0.0,0.0,0.0,0.0,0.0,0.0,0.0,0.0,0.0,0.0,0.0,0.0,0.0,0.0,0.0,0.0,0.0,0.0,0.0,0.0,0.0,0.0,0.0,0.0,0.0,0.0,0.0,0.0,0.0,0.0,0.0,0.0,0.0,0.0,0.0,0.0,0.0,0.0,0.0,0.0,0.0,0.0,0.0,0.0,0.0,0.0,0.0,0.0,0.0,0.0,0.0,0.0,0.0,0.0,0.0,0.0,0.0,0.0,0.0,0.0,0.0,0.0,0.0,0.0,0.0,0.0,0.0,0.0,0.0,0.0,0.0,0.0,0.0,0.0,0.0,0.0,0.0,0.0,0.0,0.0,0.0,0.0,0.0,0.0,0.0,0.0,0.0,0.0,0.0,0.0,0.0,0.0,0.0,0.0,0.0,0.0,0.0,0.0,0.0,0.0,0.0,0.0,0.0,0.0,0.0,0.0,0.0,0.0,0.0,0.0
5177,0.0,0.0,0.0,0.0,0.0,0.0,0.0,0.0,0.0,0.0,0.0,0.0,0.0,0.0,0.0,0.0,0.0,0.0,0.0,0.0,0.0,0.0,0.0,0.0,0.0,0.0,0.0,0.0,0.0,0.0,0.0,0.0,0.0,0.0,0.0,0.0,0.0,0.0,0.0,0.0,0.0,0.0,0.0,0.0,0.0,0.0,0.0,0.0,0.0,0.0,0.0,0.0,0.0,0.0,0.0,0.0,0.0,0.0,0.0,0.0,0.0,0.0,0.0,0.0,0.0,0.0,0.0,0.0,0.0,0.0,0.0,0.0,0.0,0.0,0.0,0.0,0.0,0.0,0.0,0.0,0.0,0.0,0.0,0.0,0.0,0.0,0.0,0.0,0.0,0.0,0.0,0.0,0.0,0.0,0.0,0.0,0.0,0.0,0.0,0.0,0.0,0.0,0.0,0.0,0.0,0.0,0.0,0.0,0.0,0.0,0.0,0.0,0.0,0.0,0.0,0.0,0.0,0.0,0.0,0.0,0.0,0.0,0.0,0.0,0.0,0.0,0.0,0.0,0.0,0.0,0.0,0.0,0.0,0.0,0.0,0.0,0.0,0.0,0.0,0.0,0.0,0.0,0.0,0.0,0.0,0.0,0.0,0.0,0.0,0.0,0.0,0.0,0.0,0.0,0.0,0.0,0.0,0.0,0.0,0.0,0.0,0.0,0.0,0.0,0.0,0.0,0.0,0.0,0.0,0.0,0.0,0.0,0.0,0.0,0.0,0.0,0.0,0.0,0.0,0.0,0.0,0.0,0.0,0.0,0.0,0.0,0.0,0.0,0.0,0.0,0.0,0.0,0.0,0.0,0.0,0.0,0.0,0.0,0.0,0.0,0.0,0.0,0.0,0.0,0.0,0.0,0.0,0.0,0.0,0.0,0.0,0.0,0.0,0.0,0.0,0.0,0.0,0.0,0.0,0.0,0.0,0.0,0.0,0.0,0.0,0.0,0.0,0.0,0.0,0.0,0.0,0.0,0.0,0.0,0.0,0.0,0.0,0.0,0.0,0.0,0.0,0.0,0.0,0.0,0.0,0.0,0.0,0.0,0.0,0.0,0.0,0.0,0.0,0.0,0.0,0.0,0.0,0.0,0.0,0.0,0.0,0.0,0.0,0.0,0.0,0.0,0.0,0.0,0.0,0.0,0.0,0.0,0.0,0.0,0.0,0.0,0.0,0.0,0.0,0.0,0.0,0.0,0.0,0.0,0.0,0.0,0.0,0.0,0.0,0.0,0.0,0.0,0.0,0.0,0.0,0.0,0.0,0.0,0.0,0.0,0.0,0.0,0.0,0.0,0.0,0.0,0.0,0.0,0.0,0.0,0.0,0.0,0.0,0.0,0.0,0.0,0.0,0.0,0.0,0.0,0.0,0.0,0.0,0.0,0.0,0.0,0.0,0.0,0.0,0.0,0.0,0.0,0.0,0.0,0.0,0.0,0.0,0.0,0.0,0.0,0.0,0.0,0.0,0.0,0.0,0.0,0.0,0.0,0.0,0.0,0.0,0.0,0.0,0.0,0.0,0.0,0.0,0.0,0.0,0.0,0.0,0.0,0.0,0.0,0.0,0.0,0.0,0.0,0.0,0.0,0.0,0.0,0.0,0.0,0.0,0.0
5178,0.0,0.0,4.691844463348389,1.4085195064544678,2.821202278137207,2.9547014236450195,7.559198379516602,0.6489599347114563,5.95063591003418,14.102718353271484,1.6410882472991943,3.156038999557495,17.4315185546875,0.16080455482006073,0.37628796696662903,1.9402681589126587,0.1287810057401657,0.06263422220945358,0.0,0.0,0.9516945481300354,0.08948426693677902,0.0,8.783641815185547,0.6953456401824951,15.817500114440918,1.5173277854919434,9.206862449645996,0.0,1.7682511806488037,0.0,2.9938883781433105,0.0,0.0,0.0,51.298919677734375,0.0,0.0,0.0,2.579367160797119,2.9718949794769287,11.155580520629883,0.0,7.124718189239502,3.720179557800293,0.0,0.0,0.25798723101615906,0.0,6.574328422546387,1.5908628702163696,1.934489369392395,7.131026744842529,0.0,0.0,0.0,0.0,0.0,0.0,0.0,0.0,0.0,0.0,0.2727724611759186,2.292511224746704,0.5406977534294128,0.6928173303604126,0.3828357756137848,0.0,1.938247561454773,24.44761848449707,12.178342819213867,24.44761848449707,0.0,0.0,1.0007615089416504,0.0,0.0,0.0,0.0,0.0,0.0,0.0,0.0,0.0,0.0,0.0,0.0,0.0,0.0,0.0,2.4533159732818604,3.6959753036499023,0.39567333459854126,6.217192649841309,0.0,0.5438543558120728,0.13452953100204468,0.6244080066680908,0.19433870911598206,1.095456600189209,0.0,0.0,0.0,0.5406977534294128,1.0813955068588257,0.5406977534294128,1.0113260746002197,10.09443473815918,0.0,0.0,2.8235106468200684,0.0,0.0,0.5406977534294128,0.5954102873802185,0.0,0.0,0.8284780383110046,0.0,6.755025386810303,1.663398027420044,0.7606076598167419,0.40232157707214355,0.0,0.3876681327819824,0.0,0.0,0.0,0.0,8.279877662658691,5.6049909591674805,0.0,0.0,0.0,0.0,0.0,1.4041531085968018,2.2624471187591553,8.13855266571045,10.041413307189941,4.509824752807617,0.0,1.7618129253387451,0.17006100714206696,2.6581547260284424,0.18835216760635376,7.674834728240967,58.820369720458984,0.1587548851966858,0.0,0.0,105.79419708251953,0.0,0.0,18.27989387512207,0.0,14.396773338317871,0.0,0.0,16.270774841308594,0.0,5.382193565368652,0.0,0.0,0.0,0.0,4.846446990966797,0.0,0.0,0.0,0.0,0.0,0.0,0.0,1.2959569692611694,0.0,0.0,1.175331473350525,0.0,0.0,0.0,0.2479233592748642,0.0,0.2479233592748642,0.0,0.0,1.160864233970642,1.0202006101608276,0.0,0.0,0.0,0.0,0.38249585032463074,0.0,5.405850410461426,0.0,0.6058608293533325,0.0,0.0,0.0,0.0,0.0,0.0,0.47708258032798767,0.0,0.0,0.0,3.862828016281128,0.0,0.0,0.0,0.0,0.0,0.0,0.0,25.79489517211914,0.0,0.0,0.0,0.0,0.0,0.0,0.0,0.0,0.0,0.0,0.0,0.0,0.0,0.0,0.0,0.0,0.0,0.0,0.11422630399465561,0.0,0.0,0.0,0.9662024974822998,0.0,0.0,0.016852907836437225,0.012353219091892242,0.0,0.0,0.0,0.0,0.43681591749191284,2.1127164363861084,0.20934927463531494,1.4392918348312378,0.0,0.0,0.8862511515617371,0.0,0.01225197408348322,5.665154933929443,1.1021275520324707,0.0,0.0,0.0,0.6933677792549133,0.0,0.0,0.0,0.0,0.0,0.0,0.0,0.0,0.0,0.0,0.0,0.0,0.0,0.0,0.0,0.0,0.0,0.0,0.0,0.0,0.0,0.0,0.0,0.0,0.0,0.0,0.0,0.0,0.0,0.0,0.0,0.0,0.0,0.0,0.0,0.0,0.0,0.0,0.0,0.0,0.0,0.0,0.0,0.0,0.0,0.0,0.0,0.0,0.0,0.0,0.0,0.0,0.0,0.0,0.0,0.0,0.0,0.0,0.0,0.0,0.0,0.0,0.0,0.0,0.0,0.0,0.0,0.0,0.0,0.0,0.0,0.0,0.0,0.0,0.0,0.0,0.0,0.0,0.0,0.0,0.0,0.0,0.0,0.0,0.0,0.0,0.0,0.0,0.0,0.0,0.0,0.0,0.0,0.0,0.0,0.0,0.0,0.0,0.0,0.0,0.0,0.0,0.0,0.0,0.0,0.0,0.0,0.0,0.0,0.0,0.0,0.0,0.0
5179,0.0,0.0,0.0,0.0,0.0,0.0,0.0,0.0,0.0,0.0,0.0,0.0,0.0,0.0,0.0,0.0,0.0,0.0,0.0,0.0,0.0,0.0,0.0,0.0,0.0,0.0,0.0,0.0,0.0,0.0,0.0,0.0,0.0,0.0,0.0,0.0,0.0,0.0,0.0,0.0,0.0,0.0,0.0,0.0,0.0,0.0,0.0,0.0,0.0,0.0,0.0,0.0,0.0,0.0,0.0,0.0,0.0,0.0,0.0,0.0,0.0,0.0,0.0,0.0,0.0,0.0,0.0,0.0,0.0,0.0,0.0,0.0,0.0,0.0,0.0,0.0,0.0,0.0,0.0,0.0,0.0,0.0,0.0,0.0,0.0,0.0,0.0,0.0,0.0,0.0,0.0,0.0,0.0,0.0,0.0,0.0,0.0,0.0,0.0,0.0,0.0,0.0,0.0,0.0,0.0,0.0,0.0,0.0,0.0,0.0,0.0,0.0,0.0,0.0,0.0,0.0,0.0,0.0,0.0,0.0,0.0,0.0,0.0,0.0,0.0,0.0,0.0,0.0,0.0,0.0,0.0,0.0,0.0,0.0,0.0,0.0,0.0,0.0,0.0,0.0,0.0,0.0,0.0,0.0,0.0,0.0,0.0,0.0,0.0,0.0,0.0,0.0,0.0,0.0,0.0,0.0,0.0,0.0,0.0,0.0,0.0,0.0,0.0,0.0,0.0,0.0,0.0,0.0,0.0,0.0,0.0,0.0,0.0,0.0,0.0,0.0,0.0,0.0,0.0,0.0,0.0,0.0,0.0,0.0,0.0,0.0,0.0,0.0,0.0,0.0,0.0,0.0,0.0,0.0,0.0,0.0,0.0,0.0,0.0,0.0,0.0,0.0,0.0,0.0,0.0,0.0,0.0,0.0,0.0,0.0,0.0,0.0,0.0,0.0,0.0,0.0,0.0,0.0,0.0,0.0,0.0,0.0,0.0,0.0,0.0,0.0,0.0,0.0,0.0,0.0,0.0,0.0,0.0,0.0,0.0,0.0,0.0,0.0,0.0,0.0,0.0,0.0,0.0,0.0,0.0,0.0,0.0,0.0,0.0,0.0,0.0,0.0,0.0,0.0,0.0,0.0,0.0,0.0,0.0,0.0,0.0,0.0,0.0,0.0,0.0,0.0,0.0,0.0,0.0,0.0,0.0,0.0,0.0,0.0,0.0,0.0,0.0,0.0,0.0,0.0,0.0,0.0,0.0,0.0,0.0,0.0,0.0,0.0,0.0,0.0,0.0,0.0,0.0,0.0,0.0,0.0,0.0,0.0,0.0,0.0,0.0,0.0,0.0,0.0,0.0,0.0,0.0,0.0,0.0,0.0,0.0,0.0,0.0,0.0,0.0,0.0,0.0,0.0,0.0,0.0,0.0,0.0,0.0,0.0,0.0,0.0,0.0,0.0,0.0,0.0,0.0,0.0,0.0,0.0,0.0,0.0,0.0,0.0,0.0,0.0,0.0,0.0,0.0,0.0,0.0,0.0,0.0,0.0,0.0,0.0,0.0,0.0,0.0,0.0,0.0,0.0,0.0,0.0,0.0,0.0,0.0,0.0,0.0,0.0,0.0,0.0,0.0,0.0,0.0,0.0,0.0,0.0,0.0,0.0,0.0,0.0
5180,0.0,0.0,0.0,0.0,0.0,0.0,0.0,0.0,0.0,0.0,0.0,0.0,0.0,0.0,0.0,0.0,0.0,0.0,0.0,0.0,0.0,0.0,0.0,0.0,0.0,0.0,0.0,0.0,0.0,0.0,0.0,0.0,0.0,0.0,0.0,0.0,0.0,0.0,0.0,0.0,0.0,0.0,0.0,0.0,0.0,0.0,0.0,0.0,0.0,0.0,0.0,0.0,0.0,0.0,0.0,0.0,0.0,0.0,0.0,0.0,0.0,0.0,0.0,0.0,0.0,0.0,0.0,0.0,0.0,0.0,0.0,0.0,0.0,0.0,0.0,0.0,0.0,0.0,0.0,0.0,0.0,0.0,0.0,0.0,0.0,0.0,0.0,0.0,0.0,0.0,0.0,0.0,0.0,0.0,0.0,0.0,0.0,0.0,0.0,0.0,0.0,0.0,0.0,0.0,0.0,0.0,0.0,0.0,0.0,0.0,0.0,0.0,0.0,0.0,0.0,0.0,0.0,0.0,0.0,0.0,0.0,0.0,0.0,0.0,0.0,0.0,0.0,0.0,0.0,0.0,0.0,0.0,0.0,0.0,0.0,0.0,0.0,0.0,0.0,0.0,0.0,0.0,0.0,0.0,0.0,0.0,0.0,0.0,0.0,0.0,0.0,0.0,0.0,0.0,0.0,0.0,0.0,0.0,0.0,0.0,0.0,0.0,0.0,0.0,0.0,0.0,0.0,0.0,0.0,0.0,0.0,0.0,0.0,0.0,0.0,0.0,0.0,0.0,0.0,0.0,0.0,0.0,0.0,0.0,0.0,0.0,0.0,0.0,0.0,0.0,0.0,0.0,0.0,0.0,0.0,0.0,0.0,0.0,0.0,0.0,0.0,0.0,0.0,0.0,0.0,0.0,0.0,0.0,0.0,0.0,0.0,0.0,0.0,0.0,0.0,0.0,0.0,0.0,0.0,0.0,0.0,0.0,0.0,0.0,0.0,0.0,0.0,0.0,0.0,0.0,0.0,0.0,0.0,0.0,0.0,0.0,0.0,0.0,0.0,0.0,0.0,0.0,0.0,0.0,0.0,0.0,0.0,0.0,0.0,0.0,0.0,0.0,0.0,0.0,0.0,0.0,0.0,0.0,0.0,0.0,0.0,0.0,0.0,0.0,0.0,0.0,0.0,0.0,0.0,0.0,0.0,0.0,0.0,0.0,0.0,0.0,0.0,0.0,0.0,0.0,0.0,0.0,0.0,0.0,0.0,0.0,0.0,0.0,0.0,0.0,0.0,0.0,0.0,0.0,0.0,0.0,0.0,0.0,0.0,0.0,0.0,0.0,0.0,0.0,0.0,0.0,0.0,0.0,0.0,0.0,0.0,0.0,0.0,0.0,0.0,0.0,0.0,0.0,0.0,0.0,0.0,0.0,0.0,0.0,0.0,0.0,0.0,0.0,0.0,0.0,0.0,0.0,0.0,0.0,0.0,0.0,0.0,0.0,0.0,0.0,0.0,0.0,0.0,0.0,0.0,0.0,0.0,0.0,0.0,0.0,0.0,0.0,0.0,0.0,0.0,0.0,0.0,0.0,0.0,0.0,0.0,0.0,0.0,0.0,0.0,0.0,0.0,0.0,0.0,0.0,0.0,0.0,0.0,0.0,0.0,0.0
5181,0.0,0.0,2.374523639678955,0.33068153262138367,1.215805172920227,1.395020842552185,4.679467678070068,0.07583896815776825,3.3813118934631348,8.282731056213379,1.1042851209640503,1.105496883392334,10.922805786132812,0.0,0.174979567527771,0.5582106113433838,0.0,0.0,0.0,0.0,0.057642076164484024,0.0,0.0,5.562399387359619,0.16154886782169342,9.242876052856445,0.9844016432762146,5.90992546081543,0.0,1.602870225906372,0.0,2.9540510177612305,0.0,0.0,0.0,29.613338470458984,0.0,0.0,0.0,0.7705657482147217,1.2799113988876343,7.223571300506592,0.0,4.0875115394592285,2.3586978912353516,0.0,0.0,0.0,0.0,1.6709626913070679,0.7308377623558044,1.0419585704803467,4.802177906036377,0.0,0.0,0.0,0.0,0.0,0.0,0.0,0.0,0.0,0.0,0.166231170296669,1.1493628025054932,0.0,0.1642342358827591,0.05909917131066322,0.0,0.9220304489135742,16.520992279052734,7.552999973297119,16.520992279052734,0.0,0.0,0.0,0.0,0.0,0.0,0.0,0.0,0.0,0.0,0.0,0.0,0.0,0.0,0.0,0.0,0.0,0.0,1.7509864568710327,0.0,0.6747260689735413,3.0600979328155518,0.0,0.3246777653694153,0.09147348254919052,0.4922923445701599,0.1972842663526535,0.6990031599998474,0.0,0.0,0.0,0.9220304489135742,0.9220304489135742,0.0,0.0,8.767232894897461,0.0,0.0,2.354361057281494,0.0,0.0,0.0,0.0,0.0,0.0,0.5271926522254944,0.0,4.975715160369873,0.7708372473716736,0.0,0.6860629916191101,0.0,0.0,0.0,0.0,0.0,0.0,0.36909428238868713,3.3144304752349854,0.0,0.0,0.0,0.0,0.0,0.9236111044883728,126.59429931640625,4.674096584320068,9.368802070617676,4.13516092300415,0.0,1.5891127586364746,0.10821639746427536,0.5273096561431885,0.16059474647045135,6.313429355621338,45.509700775146484,0.0933782085776329,0.0,0.0,18.27989387512207,0.0,0.0,73.48181915283203,0.0,111.73201751708984,0.0,0.0,50.69324493408203,0.0,11.292916297912598,0.0,19.602996826171875,0.0,0.0,19.78411865234375,0.0,0.0,0.0,0.0,0.0,22.986217498779297,0.0,10.83213996887207,0.0,0.0,5.691986560821533,0.0,0.0,0.0,0.02810891717672348,0.0,0.02810891717672348,0.0,0.0,0.5502171516418457,0.6352717280387878,0.0,0.0,0.0,0.0,0.041856735944747925,0.0,3.4802796840667725,0.0,0.05697072297334671,0.0,0.0,0.0,0.0,0.0,0.0,0.0,0.0,0.0,0.0,3.3215723037719727,0.0,0.0,0.0,0.0,0.0,0.0,0.0,18.297761917114258,0.0,0.0,0.0,0.0,0.0,0.0,0.0,0.0,0.0,0.0,0.0,0.0,0.0,0.0,0.0,0.0,0.0,0.0,0.037367258220911026,0.0,0.0,0.0,0.2045450508594513,0.0,0.0,0.0,0.0,0.0,0.0,0.0,0.0,0.850098729133606,3.2532804012298584,0.4216192960739136,2.52005934715271,0.0,0.0,0.3417919874191284,0.0,0.0,3.8529675006866455,0.8870953321456909,0.0,0.0,0.0,0.0,0.0,0.0,0.0,0.0,0.0,0.0,0.0,0.0,0.0,0.0,0.0,0.0,0.0,0.0,0.0,0.0,0.0,0.0,0.0,0.0,0.0,0.0,0.0,0.0,0.0,0.0,0.0,0.0,0.0,0.0,0.0,0.0,0.0,0.0,0.0,0.0,0.0,0.0,0.0,0.0,0.0,0.0,0.0,0.0,0.0,0.0,0.0,0.0,0.0,0.0,0.0,0.0,0.0,0.0,0.0,0.0,0.0,0.0,0.0,0.0,0.0,0.0,0.0,0.0,0.0,0.0,0.0,0.0,0.0,0.0,0.0,0.0,0.0,0.0,0.0,0.0,0.0,0.0,0.0,0.0,0.0,0.0,0.0,0.0,0.0,0.0,0.0,0.0,0.0,0.0,0.0,0.0,0.0,0.0,0.0,0.0,0.0,0.0,0.0,0.0,0.0,0.0,0.0,0.0,0.0,0.0,0.0,0.0,0.0,0.0,0.0,0.0,0.0
5182,0.0,0.0,0.0,0.0,0.0,0.0,0.0,0.0,0.0,0.0,0.0,0.0,0.0,0.0,0.0,0.0,0.0,0.0,0.0,0.0,0.0,0.0,0.0,0.0,0.0,0.0,0.0,0.0,0.0,0.0,0.0,0.0,0.0,0.0,0.0,0.0,0.0,0.0,0.0,0.0,0.0,0.0,0.0,0.0,0.0,0.0,0.0,0.0,0.0,0.0,0.0,0.0,0.0,0.0,0.0,0.0,0.0,0.0,0.0,0.0,0.0,0.0,0.0,0.0,0.0,0.0,0.0,0.0,0.0,0.0,0.0,0.0,0.0,0.0,0.0,0.0,0.0,0.0,0.0,0.0,0.0,0.0,0.0,0.0,0.0,0.0,0.0,0.0,0.0,0.0,0.0,0.0,0.0,0.0,0.0,0.0,0.0,0.0,0.0,0.0,0.0,0.0,0.0,0.0,0.0,0.0,0.0,0.0,0.0,0.0,0.0,0.0,0.0,0.0,0.0,0.0,0.0,0.0,0.0,0.0,0.0,0.0,0.0,0.0,0.0,0.0,0.0,0.0,0.0,0.0,0.0,0.0,0.0,0.0,0.0,0.0,0.0,0.0,0.0,0.0,0.0,0.0,0.0,0.0,0.0,0.0,0.0,0.0,0.0,0.0,0.0,0.0,0.0,0.0,0.0,0.0,0.0,0.0,0.0,0.0,0.0,0.0,0.0,0.0,0.0,0.0,0.0,0.0,0.0,0.0,0.0,0.0,0.0,0.0,0.0,0.0,0.0,0.0,0.0,0.0,0.0,0.0,0.0,0.0,0.0,0.0,0.0,0.0,0.0,0.0,0.0,0.0,0.0,0.0,0.0,0.0,0.0,0.0,0.0,0.0,0.0,0.0,0.0,0.0,0.0,0.0,0.0,0.0,0.0,0.0,0.0,0.0,0.0,0.0,0.0,0.0,0.0,0.0,0.0,0.0,0.0,0.0,0.0,0.0,0.0,0.0,0.0,0.0,0.0,0.0,0.0,0.0,0.0,0.0,0.0,0.0,0.0,0.0,0.0,0.0,0.0,0.0,0.0,0.0,0.0,0.0,0.0,0.0,0.0,0.0,0.0,0.0,0.0,0.0,0.0,0.0,0.0,0.0,0.0,0.0,0.0,0.0,0.0,0.0,0.0,0.0,0.0,0.0,0.0,0.0,0.0,0.0,0.0,0.0,0.0,0.0,0.0,0.0,0.0,0.0,0.0,0.0,0.0,0.0,0.0,0.0,0.0,0.0,0.0,0.0,0.0,0.0,0.0,0.0,0.0,0.0,0.0,0.0,0.0,0.0,0.0,0.0,0.0,0.0,0.0,0.0,0.0,0.0,0.0,0.0,0.0,0.0,0.0,0.0,0.0,0.0,0.0,0.0,0.0,0.0,0.0,0.0,0.0,0.0,0.0,0.0,0.0,0.0,0.0,0.0,0.0,0.0,0.0,0.0,0.0,0.0,0.0,0.0,0.0,0.0,0.0,0.0,0.0,0.0,0.0,0.0,0.0,0.0,0.0,0.0,0.0,0.0,0.0,0.0,0.0,0.0,0.0,0.0,0.0,0.0,0.0,0.0,0.0,0.0,0.0,0.0,0.0,0.0,0.0,0.0,0.0,0.0,0.0,0.0,0.0,0.0
5183,0.0,0.0,3.1000800132751465,0.3781055808067322,3.9420557022094727,4.163372993469238,1.4383035898208618,1.081055998802185,3.4136202335357666,13.791158676147461,2.5338809490203857,4.368157863616943,22.191423416137695,0.34033066034317017,0.08777564764022827,1.516715168952942,0.0,0.1459803432226181,0.0,0.0,0.7000969648361206,0.11887122690677643,0.0,17.12998390197754,1.9066497087478638,30.3616886138916,1.8283401727676392,6.10959005355835,0.0,2.6961898803710938,0.0,0.4465455710887909,0.0,0.0,0.0,45.044349670410156,0.0,0.0,0.0,1.5655996799468994,2.1969194412231445,9.088635444641113,0.0,6.592906475067139,2.073183536529541,0.0,0.0,0.0,0.0,3.4499757289886475,1.0795156955718994,1.5405133962631226,4.194488525390625,0.0,0.0,0.0,0.0,0.0,0.0,0.0,0.0,0.0,0.0,0.46674033999443054,4.171797752380371,0.0,0.4611333906650543,0.1659374088048935,0.0,2.588857412338257,27.11603355407715,10.043309211730957,27.11603355407715,0.0,0.0,2.2619147300720215,0.0,0.0,0.0,0.0,0.0,0.0,0.0,0.0,0.0,0.0,0.0,0.0,0.0,0.0,0.0,3.8486621379852295,0.0,0.1828109323978424,1.4702084064483643,0.0,0.21267449855804443,0.8660624623298645,0.1711329221725464,0.06335993111133575,1.891903281211853,0.0,0.0,0.0,1.3667759895324707,1.3667759895324707,0.0,0.0,8.163341522216797,0.0,0.0,0.88489830493927,0.0,0.0,1.2220815420150757,1.3457423448562622,0.0,0.0,0.37144213914871216,0.0,2.306133270263672,0.9985876083374023,1.7191203832626343,0.909324586391449,0.0,0.0,0.0,0.0,0.0,0.0,8.721348762512207,2.6508378982543945,0.0,0.0,0.0,0.0,0.0,0.4912305772304535,1.6471784114837646,17.77463722229004,1.1282474994659424,0.0,0.0,5.160728931427002,0.127614825963974,6.607387065887451,0.5704119801521301,0.9474807381629944,7.081343173980713,0.4469688832759857,0.0,0.0,14.396773338317871,0.0,0.0,111.73201751708984,0.0,1111.3907470703125,0.0,0.0,301.5835876464844,2.633361577987671,150.26344299316406,0.0,1423.5618896484375,0.0,0.0,138.97425842285156,0.0,24.36109733581543,0.0,0.0,0.0,288.5250244140625,8.445013999938965,52.358245849609375,0.0,1.1888477802276611,119.51111602783203,0.0,0.0,0.0,1.3066539764404297,0.15489403903484344,2.8637123107910156,0.0,0.0,1.093042254447937,0.7403137683868408,0.0,0.0,0.0,0.2527463734149933,0.8362446427345276,0.0,6.809435844421387,0.0,0.6019008755683899,0.15015994012355804,0.048114657402038574,0.12284796684980392,0.0,0.0,0.0,0.7287219762802124,0.0,0.0,0.0,18.20421600341797,0.0,0.0,0.0,0.6240373253822327,0.0,0.0,0.0,165.0369415283203,0.0,0.0,0.0,0.0,0.0,0.0,0.0,0.0,0.0,0.0,0.0,0.0,0.0,0.3344724774360657,0.0,0.7930746674537659,0.0,0.0,1.4296414852142334,0.0,0.0,0.0,36.48734664916992,2.5032835006713867,0.0,0.4954743981361389,0.6010447144508362,0.0,0.0,0.0,0.0,8.258596420288086,26.39862632751465,5.047562599182129,19.144271850585938,0.0,0.0,0.5625230669975281,0.0,0.47071269154548645,11.31383228302002,1.9236828088760376,0.0,0.0,0.0,0.0,0.0,0.0,0.0,0.0,0.0,0.0,0.0,0.0,0.0,0.0,0.0,0.0,0.0,0.0,0.0,0.0,0.0,0.0,0.0,0.0,0.0,0.0,0.0,0.0,0.0,0.0,0.0,0.0,0.0,0.0,0.0,0.0,0.0,0.0,0.0,0.0,0.0,0.0,0.0,0.0,0.0,0.0,0.0,0.0,0.0,0.0,0.0,0.0,0.0,0.0,0.0,0.0,0.0,0.0,0.0,0.0,0.0,0.0,0.0,0.0,0.0,0.0,0.0,0.0,0.0,0.0,0.0,0.0,0.0,0.0,0.0,0.0,0.0,0.0,0.0,0.0,0.0,0.0,0.0,0.0,0.0,0.0,0.0,0.0,0.0,0.0,0.0,0.0,0.0,0.0,0.0,0.0,0.0,0.0,0.0,0.0,0.0,0.0,0.0,0.0,0.0,0.0,0.0,0.0,0.0,0.0,0.0,0.0,0.0,0.0,0.0,0.0,0.0
5184,0.0,0.0,0.0,0.0,0.0,0.0,0.0,0.0,0.0,0.0,0.0,0.0,0.0,0.0,0.0,0.0,0.0,0.0,0.0,0.0,0.0,0.0,0.0,0.0,0.0,0.0,0.0,0.0,0.0,0.0,0.0,0.0,0.0,0.0,0.0,0.0,0.0,0.0,0.0,0.0,0.0,0.0,0.0,0.0,0.0,0.0,0.0,0.0,0.0,0.0,0.0,0.0,0.0,0.0,0.0,0.0,0.0,0.0,0.0,0.0,0.0,0.0,0.0,0.0,0.0,0.0,0.0,0.0,0.0,0.0,0.0,0.0,0.0,0.0,0.0,0.0,0.0,0.0,0.0,0.0,0.0,0.0,0.0,0.0,0.0,0.0,0.0,0.0,0.0,0.0,0.0,0.0,0.0,0.0,0.0,0.0,0.0,0.0,0.0,0.0,0.0,0.0,0.0,0.0,0.0,0.0,0.0,0.0,0.0,0.0,0.0,0.0,0.0,0.0,0.0,0.0,0.0,0.0,0.0,0.0,0.0,0.0,0.0,0.0,0.0,0.0,0.0,0.0,0.0,0.0,0.0,0.0,0.0,0.0,0.0,0.0,0.0,0.0,0.0,0.0,0.0,0.0,0.0,0.0,0.0,0.0,0.0,0.0,0.0,0.0,0.0,0.0,0.0,0.0,0.0,0.0,0.0,0.0,0.0,0.0,0.0,0.0,0.0,0.0,0.0,0.0,0.0,0.0,0.0,0.0,0.0,0.0,0.0,0.0,0.0,0.0,0.0,0.0,0.0,0.0,0.0,0.0,0.0,0.0,0.0,0.0,0.0,0.0,0.0,0.0,0.0,0.0,0.0,0.0,0.0,0.0,0.0,0.0,0.0,0.0,0.0,0.0,0.0,0.0,0.0,0.0,0.0,0.0,0.0,0.0,0.0,0.0,0.0,0.0,0.0,0.0,0.0,0.0,0.0,0.0,0.0,0.0,0.0,0.0,0.0,0.0,0.0,0.0,0.0,0.0,0.0,0.0,0.0,0.0,0.0,0.0,0.0,0.0,0.0,0.0,0.0,0.0,0.0,0.0,0.0,0.0,0.0,0.0,0.0,0.0,0.0,0.0,0.0,0.0,0.0,0.0,0.0,0.0,0.0,0.0,0.0,0.0,0.0,0.0,0.0,0.0,0.0,0.0,0.0,0.0,0.0,0.0,0.0,0.0,0.0,0.0,0.0,0.0,0.0,0.0,0.0,0.0,0.0,0.0,0.0,0.0,0.0,0.0,0.0,0.0,0.0,0.0,0.0,0.0,0.0,0.0,0.0,0.0,0.0,0.0,0.0,0.0,0.0,0.0,0.0,0.0,0.0,0.0,0.0,0.0,0.0,0.0,0.0,0.0,0.0,0.0,0.0,0.0,0.0,0.0,0.0,0.0,0.0,0.0,0.0,0.0,0.0,0.0,0.0,0.0,0.0,0.0,0.0,0.0,0.0,0.0,0.0,0.0,0.0,0.0,0.0,0.0,0.0,0.0,0.0,0.0,0.0,0.0,0.0,0.0,0.0,0.0,0.0,0.0,0.0,0.0,0.0,0.0,0.0,0.0,0.0,0.0,0.0,0.0,0.0,0.0,0.0,0.0,0.0,0.0,0.0,0.0,0.0,0.0,0.0,0.0
5185,0.0,0.0,0.0,0.0,0.0,0.0,0.0,0.0,0.0,0.0,0.0,0.0,0.0,0.0,0.0,0.0,0.0,0.0,0.0,0.0,0.0,0.0,0.0,0.0,0.0,0.0,0.0,0.0,0.0,0.0,0.0,0.0,0.0,0.0,0.0,0.0,0.0,0.0,0.0,0.0,0.0,0.0,0.0,0.0,0.0,0.0,0.0,0.0,0.0,0.0,0.0,0.0,0.0,0.0,0.0,0.0,0.0,0.0,0.0,0.0,0.0,0.0,0.0,0.0,0.0,0.0,0.0,0.0,0.0,0.0,0.0,0.0,0.0,0.0,0.0,0.0,0.0,0.0,0.0,0.0,0.0,0.0,0.0,0.0,0.0,0.0,0.0,0.0,0.0,0.0,0.0,0.0,0.0,0.0,0.0,0.0,0.0,0.0,0.0,0.0,0.0,0.0,0.0,0.0,0.0,0.0,0.0,0.0,0.0,0.0,0.0,0.0,0.0,0.0,0.0,0.0,0.0,0.0,0.0,0.0,0.0,0.0,0.0,0.0,0.0,0.0,0.0,0.0,0.0,0.0,0.0,0.0,0.0,0.0,0.0,0.0,0.0,0.0,0.0,0.0,0.0,0.0,0.0,0.0,0.0,0.0,0.0,0.0,0.0,0.0,0.0,0.0,0.0,0.0,0.0,0.0,0.0,0.0,0.0,0.0,0.0,0.0,0.0,0.0,0.0,0.0,0.0,0.0,0.0,0.0,0.0,0.0,0.0,0.0,0.0,0.0,0.0,0.0,0.0,0.0,0.0,0.0,0.0,0.0,0.0,0.0,0.0,0.0,0.0,0.0,0.0,0.0,0.0,0.0,0.0,0.0,0.0,0.0,0.0,0.0,0.0,0.0,0.0,0.0,0.0,0.0,0.0,0.0,0.0,0.0,0.0,0.0,0.0,0.0,0.0,0.0,0.0,0.0,0.0,0.0,0.0,0.0,0.0,0.0,0.0,0.0,0.0,0.0,0.0,0.0,0.0,0.0,0.0,0.0,0.0,0.0,0.0,0.0,0.0,0.0,0.0,0.0,0.0,0.0,0.0,0.0,0.0,0.0,0.0,0.0,0.0,0.0,0.0,0.0,0.0,0.0,0.0,0.0,0.0,0.0,0.0,0.0,0.0,0.0,0.0,0.0,0.0,0.0,0.0,0.0,0.0,0.0,0.0,0.0,0.0,0.0,0.0,0.0,0.0,0.0,0.0,0.0,0.0,0.0,0.0,0.0,0.0,0.0,0.0,0.0,0.0,0.0,0.0,0.0,0.0,0.0,0.0,0.0,0.0,0.0,0.0,0.0,0.0,0.0,0.0,0.0,0.0,0.0,0.0,0.0,0.0,0.0,0.0,0.0,0.0,0.0,0.0,0.0,0.0,0.0,0.0,0.0,0.0,0.0,0.0,0.0,0.0,0.0,0.0,0.0,0.0,0.0,0.0,0.0,0.0,0.0,0.0,0.0,0.0,0.0,0.0,0.0,0.0,0.0,0.0,0.0,0.0,0.0,0.0,0.0,0.0,0.0,0.0,0.0,0.0,0.0,0.0,0.0,0.0,0.0,0.0,0.0,0.0,0.0,0.0,0.0,0.0,0.0,0.0,0.0,0.0,0.0,0.0,0.0,0.0,0.0
5186,0.0,0.0,0.7121745347976685,0.08079355955123901,0.8942694067955017,0.8942694067955017,0.2812429368495941,0.12120164930820465,0.7730677127838135,3.8354971408843994,0.5430275797843933,1.2345799207687378,5.665609359741211,0.0,0.0,0.6210781931877136,0.0,0.0,0.0,0.0,0.0,0.0,0.0,4.555574417114258,0.0,7.680466175079346,0.3646775782108307,1.225003719329834,0.0,0.4132557809352875,0.0,0.07485054433345795,0.0,0.0,0.0,24.31415557861328,0.0,0.0,0.0,0.23313593864440918,0.3154415488243103,7.907732009887695,0.0,5.715668678283691,1.576513409614563,0.0,0.0,0.0,0.0,0.31932786107063293,0.18957895040512085,0.1991225779056549,0.5084799528121948,0.0,0.0,0.0,0.0,0.0,0.0,0.0,0.0,0.0,0.0,0.12065917998552322,1.2572824954986572,0.0,0.11920969933271408,0.04289723560214043,0.0,0.0,7.11124324798584,6.707240581512451,7.11124324798584,0.0,0.0,0.0,0.0,0.0,0.0,0.0,0.0,0.0,0.0,0.0,0.0,0.0,0.0,0.0,0.0,0.0,0.0,0.8407987952232361,0.0,0.0,0.19549846649169922,0.0,0.05497945472598076,0.1581590622663498,0.04432667791843414,0.0,12.103006362915039,0.0,0.0,0.0,0.669257402420044,0.669257402420044,0.0,0.0,1.732090950012207,0.0,0.0,0.2194909006357193,0.0,0.0,0.0,0.0,0.0,0.0,0.0,0.0,0.5584254860877991,0.2581494450569153,0.0,0.0,0.0,0.0,0.0,0.0,0.0,0.0,5.1621575355529785,1.131258487701416,0.0,0.0,0.0,0.0,0.0,0.08032317459583282,0.27848783135414124,7.346701622009277,2.293588638305664,1.283068299293518,0.0,0.7623236179351807,0.0,2.5837209224700928,0.11656796932220459,2.0825233459472656,22.363059997558594,0.16021613776683807,0.0,0.0,16.270774841308594,0.0,0.0,50.69324493408203,0.0,301.5835876464844,0.0,0.0,321.57183837890625,5.176177978515625,185.1000213623047,0.0,6.824716091156006,0.0,0.0,36.06521224975586,0.0,3.351167678833008,0.0,0.0,0.0,50.68617248535156,1.0560193061828613,18.7688045501709,0.0,0.0,13.053716659545898,0.0,0.0,0.0,0.3404713571071625,0.0,0.5617479681968689,0.0,0.0,0.27383953332901,0.19658739864826202,0.0,0.0,0.0,0.0,0.11798947304487228,0.0,0.6933080554008484,0.0,0.07804277539253235,0.0,0.0,0.0,0.0,0.0,0.0,0.0,0.0,0.0,0.0,4.22866678237915,0.0,0.0,0.0,0.0,0.0,0.0,0.0,39.22020721435547,0.0,0.0,0.0,0.0,0.0,0.0,0.0,0.0,0.0,0.0,0.0,0.0,0.0,0.0,0.0,0.15095283091068268,0.0,0.0,0.23594115674495697,0.0,0.0,0.0,7.000799655914307,0.3750686049461365,0.0,0.0,0.0,0.0,0.0,0.0,0.0,1.7391855716705322,5.008695602416992,0.7784714698791504,3.946023941040039,0.0,0.0,0.0913708284497261,0.0,0.0,2.9927990436553955,0.3328101933002472,0.0,0.0,0.0,0.0,0.0,0.0,0.0,0.0,0.0,0.0,0.0,0.0,0.0,0.0,0.0,0.0,0.0,0.0,0.0,0.0,0.0,0.0,0.0,0.0,0.0,0.0,0.0,0.0,0.0,0.0,0.0,0.0,0.0,0.0,0.0,0.0,0.0,0.0,0.0,0.0,0.0,0.0,0.0,0.0,0.0,0.0,0.0,0.0,0.0,0.0,0.0,0.0,0.0,0.0,0.0,0.0,0.0,0.0,0.0,0.0,0.0,0.0,0.0,0.0,0.0,0.0,0.0,0.0,0.0,0.0,0.0,0.0,0.0,0.0,0.0,0.0,0.0,0.0,0.0,0.0,0.0,0.0,0.0,0.0,0.0,0.0,0.0,0.0,0.0,0.0,0.0,0.0,0.0,0.0,0.0,0.0,0.0,0.0,0.0,0.0,0.0,0.0,0.0,0.0,0.0,0.0,0.0,0.0,0.0,0.0,0.0,0.0,0.0,0.0,0.0,0.0,0.0
5187,0.0,0.0,0.0,0.0,0.0,0.0,0.0,0.0,0.0,0.0,0.0,0.0,0.0,0.0,0.0,0.0,0.0,0.0,0.0,0.0,0.0,0.0,0.0,0.0,0.0,0.0,0.0,0.0,0.0,0.0,0.0,0.0,0.0,0.0,0.0,0.07336554676294327,0.0,0.0,0.0,0.0,0.0,0.0,0.0,0.0,0.0,0.0,0.0,0.0,0.0,0.0,0.0,0.0,0.0,0.0,0.0,0.0,0.0,0.0,0.0,0.0,0.0,0.0,0.0,0.0,0.0,0.0,0.0,0.0,0.0,0.0,0.0,0.0,0.0,0.0,0.0,0.0,0.0,0.0,0.0,0.0,0.0,0.0,0.0,0.0,0.0,0.0,0.0,0.0,0.0,0.0,0.0,0.0,0.0,0.0,0.0,0.0,0.0,0.0,0.0,0.0,0.0,0.0,0.0,0.0,0.0,0.0,0.0,0.0,0.0,0.0,0.0,0.0,0.0,0.0,0.0,0.0,0.0,0.0,0.0,0.0,0.0,0.0,0.0,0.0,0.0,0.0,0.0,0.0,0.0,0.0,0.0,0.0,0.0,0.0,0.0,0.0,0.0,0.0,0.0,0.0,0.0,0.0,0.0,0.0,0.0,0.0,0.0,0.0,0.0,0.0,0.0,0.0,0.0,0.0,0.0,0.0,0.0,2.633361577987671,0.0,0.0,5.176177978515625,0.0,1.54424250125885,0.0,0.06322669982910156,0.0,0.0,0.0,0.0,0.0,0.0,0.0,0.0,0.0,0.0,0.0,0.0,0.0,0.0,0.0,0.0,0.0,0.0,0.0,0.0,0.0,0.0,0.0,0.0,0.0,0.0,0.0,0.0,0.0,0.0,0.0,0.0,0.0,0.0,0.0,0.0,0.0,0.0,0.0,0.0,0.0,0.0,0.0,0.0,0.0,0.0,0.0,0.0,0.0,0.0,0.0,0.0,0.0,0.0,0.0,0.0,0.0,0.0,0.0,0.0,0.0,0.0,0.0,0.0,0.0,0.0,0.0,0.0,0.0,0.0,0.0,0.0,0.0,0.0,0.0,0.0,0.0,0.0,0.0,0.0,0.0,0.0,0.0,0.0,0.0,0.0,0.0,0.0,0.0,0.0,0.0,0.0,0.0,0.0,0.0,0.0,0.0,0.0,0.0,0.0,0.0,0.0,0.0,0.0,0.0,0.0,0.0,0.0,0.0,0.0,0.0,0.0,0.0,0.0,0.0,0.0,0.0,0.0,0.0,0.0,0.0,0.0,0.0,0.0,0.0,0.0,0.0,0.0,0.0,0.0,0.0,0.0,0.0,0.0,0.0,0.0,0.0,0.0,0.0,0.0,0.0,0.0,0.0,0.0,0.0,0.0,0.0,0.0,0.0,0.0,0.0,0.0,0.0,0.0,0.0,0.0,0.0,0.0,0.0,0.0,0.0,0.0,0.0,0.0,0.0,0.0,0.0,0.0,0.0,0.0,0.0,0.0,0.0,0.0,0.0,0.0,0.0,0.0,0.0,0.0,0.0,0.0,0.0,0.0,0.0,0.0,0.0,0.0,0.0,0.0,0.0,0.0,0.0,0.0,0.0,0.0,0.0,0.0,0.0,0.0,0.0,0.0,0.0,0.0,0.0,0.0,0.0,0.0,0.0,0.0,0.0
5188,0.0,0.0,0.24426813423633575,0.0,0.2022060751914978,0.2022060751914978,0.1463855803012848,0.0,0.2022060751914978,1.929742455482483,0.0,0.0,1.9413764476776123,0.0,0.0,0.0,0.0,0.0,0.0,0.0,0.0,0.0,0.0,2.1817636489868164,0.0,4.003332138061523,0.0,0.5266144275665283,0.0,0.0,0.0,0.0,0.0,0.0,0.0,11.884729385375977,0.0,0.0,0.0,0.0,0.14301460981369019,0.6068920493125916,0.0,3.9963252544403076,0.14355172216892242,0.0,0.0,0.0,0.0,0.0,0.0,0.0,0.0,0.0,0.0,0.0,0.0,0.0,0.0,0.0,0.0,0.0,0.0,0.0,0.2524396479129791,0.0,0.0,0.0,0.0,0.0,1.8755836486816406,0.6946836709976196,1.8755836486816406,0.0,0.0,0.0,0.0,0.0,0.0,0.0,0.0,0.0,0.0,0.0,0.0,0.0,0.0,0.0,0.0,0.0,0.0,0.20634019374847412,0.0,0.0,0.0,0.0,0.0,0.07170601189136505,0.0,0.0,0.0,0.0,0.0,0.0,0.0,0.0,0.0,0.0,1.0783357620239258,0.0,0.0,0.0,0.0,0.0,0.0,0.0,0.0,0.0,0.0,0.0,0.0,0.0,0.0,0.0,0.0,0.0,0.0,0.0,0.0,0.0,1.5735361576080322,0.6052234172821045,0.0,0.0,0.0,0.0,0.0,0.027928538620471954,0.10277143865823746,2.61832332611084,0.0,0.0,0.0,0.0,0.0,0.9930830001831055,0.0,1.4842092990875244,9.238858222961426,0.0,0.0,0.0,5.382193565368652,0.0,0.0,11.292916297912598,0.0,150.26344299316406,0.0,0.0,185.1000213623047,1.54424250125885,17.3751163482666,0.0,5.629587650299072,0.0,0.0,14.912859916687012,0.0,1.0642316341400146,0.0,0.0,0.0,13.090806007385254,0.0,7.932520389556885,0.0,0.0,5.536557197570801,0.0,0.0,0.0,0.0,0.0,0.2264501452445984,0.0,0.0,0.0,0.07151640951633453,0.0,0.0,0.0,0.0,0.0,0.0,0.15387341380119324,0.0,0.0,0.0,0.0,0.0,0.0,0.0,0.0,0.0,0.0,0.0,0.0,0.0,0.0,0.0,0.0,0.0,0.0,0.0,0.0,1.3177326917648315,0.0,0.0,0.0,0.0,0.0,0.0,0.0,0.0,0.0,0.0,0.0,0.0,0.0,0.0,0.0,0.0,0.0,0.0,0.06634462624788284,0.0,0.0,0.0,1.7321081161499023,0.0,0.0,0.0,0.0,0.0,0.0,0.0,0.0,0.8707656264305115,2.3253259658813477,0.2598536014556885,1.5374497175216675,0.0,0.0,0.05688409507274628,0.0,0.0,1.275341272354126,0.0,0.0,0.0,0.0,0.0,0.0,0.0,0.0,0.0,0.0,0.0,0.0,0.0,0.0,0.0,0.0,0.0,0.0,0.0,0.0,0.0,0.0,0.0,0.0,0.0,0.0,0.0,0.0,0.0,0.0,0.0,0.0,0.0,0.0,0.0,0.0,0.0,0.0,0.0,0.0,0.0,0.0,0.0,0.0,0.0,0.0,0.0,0.0,0.0,0.0,0.0,0.0,0.0,0.0,0.0,0.0,0.0,0.0,0.0,0.0,0.0,0.0,0.0,0.0,0.0,0.0,0.0,0.0,0.0,0.0,0.0,0.0,0.0,0.0,0.0,0.0,0.0,0.0,0.0,0.0,0.0,0.0,0.0,0.0,0.0,0.0,0.0,0.0,0.0,0.0,0.0,0.0,0.0,0.0,0.0,0.0,0.0,0.0,0.0,0.0,0.0,0.0,0.0,0.0,0.0,0.0,0.0,0.0,0.0,0.0,0.0,0.0,0.0,0.0,0.0,0.0,0.0,0.0
5189,0.0,0.0,0.0,0.0,0.0,0.0,0.0,0.0,0.0,0.0,0.0,0.0,0.0,0.0,0.0,0.0,0.0,0.0,0.0,0.0,0.0,0.0,0.0,0.0,0.0,0.0,0.0,0.0,0.0,0.0,0.0,0.0,0.0,0.0,0.0,0.0,0.0,0.0,0.0,0.0,0.0,0.0,0.0,0.0,0.0,0.0,0.0,0.0,0.0,0.0,0.0,0.0,0.0,0.0,0.0,0.0,0.0,0.0,0.0,0.0,0.0,0.0,0.0,0.0,0.0,0.0,0.0,0.0,0.0,0.0,0.0,0.0,0.0,0.0,0.0,0.0,0.0,0.0,0.0,0.0,0.0,0.0,0.0,0.0,0.0,0.0,0.0,0.0,0.0,0.0,0.0,0.0,0.0,0.0,0.0,0.0,0.0,0.0,0.0,0.0,0.0,0.0,0.0,0.0,0.0,0.0,0.0,0.0,0.0,0.0,0.0,0.0,0.0,0.0,0.0,0.0,0.0,0.0,0.0,0.0,0.0,0.0,0.0,0.0,0.0,0.0,0.0,0.0,0.0,0.0,0.0,0.0,0.0,0.0,0.0,0.0,0.0,0.0,0.0,0.0,0.0,0.0,0.0,0.0,0.0,0.0,0.0,0.0,0.0,0.0,0.0,0.0,0.0,0.0,0.0,0.0,0.0,0.0,0.0,0.0,0.0,0.0,0.0,0.0,0.0,0.0,0.0,0.0,0.0,0.0,0.0,0.0,0.0,0.0,0.0,0.0,0.0,0.0,0.0,0.0,0.0,0.0,0.0,0.0,0.0,0.0,0.0,0.0,0.0,0.0,0.0,0.0,0.0,0.0,0.0,0.0,0.0,0.0,0.0,0.0,0.0,0.0,0.0,0.0,0.0,0.0,0.0,0.0,0.0,0.0,0.0,0.0,0.0,0.0,0.0,0.0,0.0,0.0,0.0,0.0,0.0,0.0,0.0,0.0,0.0,0.0,0.0,0.0,0.0,0.0,0.0,0.0,0.0,0.0,0.0,0.0,0.0,0.0,0.0,0.0,0.0,0.0,0.0,0.0,0.0,0.0,0.0,0.0,0.0,0.0,0.0,0.0,0.0,0.0,0.0,0.0,0.0,0.0,0.0,0.0,0.0,0.0,0.0,0.0,0.0,0.0,0.0,0.0,0.0,0.0,0.0,0.0,0.0,0.0,0.0,0.0,0.0,0.0,0.0,0.0,0.0,0.0,0.0,0.0,0.0,0.0,0.0,0.0,0.0,0.0,0.0,0.0,0.0,0.0,0.0,0.0,0.0,0.0,0.0,0.0,0.0,0.0,0.0,0.0,0.0,0.0,0.0,0.0,0.0,0.0,0.0,0.0,0.0,0.0,0.0,0.0,0.0,0.0,0.0,0.0,0.0,0.0,0.0,0.0,0.0,0.0,0.0,0.0,0.0,0.0,0.0,0.0,0.0,0.0,0.0,0.0,0.0,0.0,0.0,0.0,0.0,0.0,0.0,0.0,0.0,0.0,0.0,0.0,0.0,0.0,0.0,0.0,0.0,0.0,0.0,0.0,0.0,0.0,0.0,0.0,0.0,0.0,0.0,0.0,0.0,0.0,0.0,0.0,0.0,0.0,0.0,0.0,0.0,0.0,0.0,0.0
5190,0.0,0.0,2.0886588096618652,0.1238972619175911,1.4381263256072998,1.5930497646331787,0.4779387414455414,0.6004044413566589,1.2981624603271484,7.69179105758667,1.2932907342910767,1.3309214115142822,6.612546920776367,0.10054657608270645,0.10706473141908646,0.8802890181541443,0.24040009081363678,0.044173020869493484,0.24040009081363678,0.0,0.40730220079421997,0.26592564582824707,0.0,17.645301818847656,0.3953186571598053,24.926589965820312,0.7285712361335754,3.9959847927093506,0.0,2.1995038986206055,0.0,0.18441438674926758,0.0,0.0,0.0,1.8548924922943115,0.0,0.0,0.0,0.0,0.0,0.6134438514709473,0.0,0.8190156817436218,0.19236689805984497,0.0,0.0,0.0,0.0,0.0,0.0,0.0,1.1408928632736206,0.0,0.0,0.0,0.0,0.0,0.0,0.0,0.0,0.0,0.0,0.0,0.0916333943605423,0.0,0.0,0.0,0.0,0.0,0.33953824639320374,0.7823160290718079,0.33953824639320374,0.0,0.0,0.0,0.0,0.0,0.0,0.0,0.0,0.0,0.0,0.0,0.0,0.0,0.0,0.0,0.0,0.0,0.0,0.04955475777387619,0.0,0.0,0.0,0.0,0.0,0.0,0.0,0.0,0.0,0.0,0.0,0.0,0.0,0.0,0.0,0.0,0.27464503049850464,0.0,0.0,0.0,0.0,0.0,0.0,0.0,0.0,0.0,0.0,0.0,0.0,0.0,0.0,0.0,0.0,0.0,0.0,0.0,0.0,0.0,1.5488536357879639,0.08075156062841415,0.0,0.0,0.0,0.0,0.0,0.0,0.0,0.3298226594924927,0.0,0.0,0.0,5.015279769897461,0.0,0.09998803585767746,0.0,0.0,0.24549850821495056,0.0,0.0,0.0,0.0,0.0,0.0,19.602996826171875,0.0,1423.5618896484375,0.0,0.0,6.824716091156006,0.06322669982910156,5.629587650299072,0.0,2731.00927734375,0.0,0.0,22.847991943359375,0.0,0.8095375299453735,0.0,0.0,0.0,122.89458465576172,0.21810439229011536,6.911591053009033,0.0,0.18240515887737274,7.908787727355957,0.0,0.0,0.0,0.9951369762420654,0.13276103138923645,2.4277760982513428,0.0,0.0,0.547267735004425,0.32509109377861023,0.0,0.0,0.0,0.41000694036483765,0.8126087188720703,0.0,3.246495246887207,0.0,0.5761388540267944,0.1908910572528839,0.0847720056772232,0.21430830657482147,0.0,0.0,0.08053424209356308,1.3392828702926636,0.0,0.14017264544963837,0.0,16.663841247558594,0.0,0.0,0.0,1.039631962776184,0.0,0.0,0.0,115.67465209960938,0.0,0.0,0.0,0.0,0.0,0.0,0.0,0.0,0.0,0.0,0.0,0.0,0.0,0.5506657361984253,0.0,1.304747223854065,0.0,0.0,1.0221693515777588,0.0,0.0,0.0,50.94339370727539,3.653024196624756,0.0,0.31441769003868103,0.3367660939693451,0.0,0.0,0.0,0.0,13.647977828979492,34.25852584838867,7.456695079803467,29.64849281311035,0.0,0.0,0.0,0.0,0.29120928049087524,9.715424537658691,0.5377966165542603,0.0,0.0,0.0,0.0,0.0,0.0,0.0,0.0,0.0,0.0,0.0,0.0,0.0,0.0,0.0,0.0,0.0,0.0,0.0,0.0,0.0,0.0,0.0,0.0,0.0,0.0,0.0,0.0,0.0,0.0,0.0,0.0,0.0,0.0,0.0,0.0,0.0,0.0,0.0,0.0,0.0,0.0,0.0,0.0,0.0,0.0,0.0,0.0,0.0,0.0,0.0,0.0,0.0,0.0,0.0,0.0,0.0,0.0,0.0,0.0,0.0,0.0,0.0,0.0,0.0,0.0,0.0,0.0,0.0,0.0,0.0,0.0,0.0,0.0,0.0,0.0,0.0,0.0,0.0,0.0,0.0,0.0,0.0,0.0,0.0,0.0,0.0,0.0,0.0,0.0,0.0,0.0,0.0,0.0,0.0,0.0,0.0,0.0,0.0,0.0,0.0,0.0,0.0,0.0,0.0,0.0,0.0,0.0,0.0,0.0,0.0,0.0,0.0,0.0,0.0,0.0,0.0
5191,0.0,0.0,0.0,0.0,0.0,0.0,0.0,0.0,0.0,0.0,0.0,0.0,0.0,0.0,0.0,0.0,0.0,0.0,0.0,0.0,0.0,0.0,0.0,0.0,0.0,0.0,0.0,0.0,0.0,0.0,0.0,0.0,0.0,0.0,0.0,0.0,0.0,0.0,0.0,0.0,0.0,0.0,0.0,0.0,0.0,0.0,0.0,0.0,0.0,0.0,0.0,0.0,0.0,0.0,0.0,0.0,0.0,0.0,0.0,0.0,0.0,0.0,0.0,0.0,0.0,0.0,0.0,0.0,0.0,0.0,0.0,0.0,0.0,0.0,0.0,0.0,0.0,0.0,0.0,0.0,0.0,0.0,0.0,0.0,0.0,0.0,0.0,0.0,0.0,0.0,0.0,0.0,0.0,0.0,0.0,0.0,0.0,0.0,0.0,0.0,0.0,0.0,0.0,0.0,0.0,0.0,0.0,0.0,0.0,0.0,0.0,0.0,0.0,0.0,0.0,0.0,0.0,0.0,0.0,0.0,0.0,0.0,0.0,0.0,0.0,0.0,0.0,0.0,0.0,0.0,0.0,0.0,0.0,0.0,0.0,0.0,0.0,0.0,0.0,0.0,0.0,0.0,0.0,0.0,0.0,0.0,0.0,0.0,0.0,0.0,0.0,0.0,0.0,0.0,0.0,0.0,0.0,0.0,0.0,0.0,0.0,0.0,0.0,0.0,0.0,0.0,0.0,0.0,0.0,0.0,0.0,0.0,0.0,0.0,0.0,0.0,0.0,0.0,0.0,0.0,0.0,0.0,0.0,0.0,0.0,0.0,0.0,0.0,0.0,0.0,0.0,0.0,0.0,0.0,0.0,0.0,0.0,0.0,0.0,0.0,0.0,0.0,0.0,0.0,0.0,0.0,0.0,0.0,0.0,0.0,0.0,0.0,0.0,0.0,0.0,0.0,0.0,0.0,0.0,0.0,0.0,0.0,0.0,0.0,0.0,0.0,0.0,0.0,0.0,0.0,0.0,0.0,0.0,0.0,0.0,0.0,0.0,0.0,0.0,0.0,0.0,0.0,0.0,0.0,0.0,0.0,0.0,0.0,0.0,0.0,0.0,0.0,0.0,0.0,0.0,0.0,0.0,0.0,0.0,0.0,0.0,0.0,0.0,0.0,0.0,0.0,0.0,0.0,0.0,0.0,0.0,0.0,0.0,0.0,0.0,0.0,0.0,0.0,0.0,0.0,0.0,0.0,0.0,0.0,0.0,0.0,0.0,0.0,0.0,0.0,0.0,0.0,0.0,0.0,0.0,0.0,0.0,0.0,0.0,0.0,0.0,0.0,0.0,0.0,0.0,0.0,0.0,0.0,0.0,0.0,0.0,0.0,0.0,0.0,0.0,0.0,0.0,0.0,0.0,0.0,0.0,0.0,0.0,0.0,0.0,0.0,0.0,0.0,0.0,0.0,0.0,0.0,0.0,0.0,0.0,0.0,0.0,0.0,0.0,0.0,0.0,0.0,0.0,0.0,0.0,0.0,0.0,0.0,0.0,0.0,0.0,0.0,0.0,0.0,0.0,0.0,0.0,0.0,0.0,0.0,0.0,0.0,0.0,0.0,0.0,0.0,0.0,0.0,0.0,0.0,0.0,0.0,0.0,0.0,0.0,0.0
5192,0.0,0.0,0.0,0.0,0.0,0.0,0.0,0.0,0.0,0.0,0.0,0.0,0.0,0.0,0.0,0.0,0.0,0.0,0.0,0.0,0.0,0.0,0.0,0.0,0.0,0.0,0.0,0.0,0.0,0.0,0.0,0.0,0.0,0.0,0.0,0.0,0.0,0.0,0.0,0.0,0.0,0.0,0.0,0.0,0.0,0.0,0.0,0.0,0.0,0.0,0.0,0.0,0.0,0.0,0.0,0.0,0.0,0.0,0.0,0.0,0.0,0.0,0.0,0.0,0.0,0.0,0.0,0.0,0.0,0.0,0.0,0.0,0.0,0.0,0.0,0.0,0.0,0.0,0.0,0.0,0.0,0.0,0.0,0.0,0.0,0.0,0.0,0.0,0.0,0.0,0.0,0.0,0.0,0.0,0.0,0.0,0.0,0.0,0.0,0.0,0.0,0.0,0.0,0.0,0.0,0.0,0.0,0.0,0.0,0.0,0.0,0.0,0.0,0.0,0.0,0.0,0.0,0.0,0.0,0.0,0.0,0.0,0.0,0.0,0.0,0.0,0.0,0.0,0.0,0.0,0.0,0.0,0.0,0.0,0.0,0.0,0.0,0.0,0.0,0.0,0.0,0.0,0.0,0.0,0.0,0.0,0.0,0.0,0.0,0.0,0.0,0.0,0.0,0.0,0.0,0.0,0.0,0.0,0.0,0.0,0.0,0.0,0.0,0.0,0.0,0.0,0.0,0.0,0.0,0.0,0.0,0.0,0.0,0.0,0.0,0.0,0.0,0.0,0.0,0.0,0.0,0.0,0.0,0.0,0.0,0.0,0.0,0.0,0.0,0.0,0.0,0.0,0.0,0.0,0.0,0.0,0.0,0.0,0.0,0.0,0.0,0.0,0.0,0.0,0.0,0.0,0.0,0.0,0.0,0.0,0.0,0.0,0.0,0.0,0.0,0.0,0.0,0.0,0.0,0.0,0.0,0.0,0.0,0.0,0.0,0.0,0.0,0.0,0.0,0.0,0.0,0.0,0.0,0.0,0.0,0.0,0.0,0.0,0.0,0.0,0.0,0.0,0.0,0.0,0.0,0.0,0.0,0.0,0.0,0.0,0.0,0.0,0.0,0.0,0.0,0.0,0.0,0.0,0.0,0.0,0.0,0.0,0.0,0.0,0.0,0.0,0.0,0.0,0.0,0.0,0.0,0.0,0.0,0.0,0.0,0.0,0.0,0.0,0.0,0.0,0.0,0.0,0.0,0.0,0.0,0.0,0.0,0.0,0.0,0.0,0.0,0.0,0.0,0.0,0.0,0.0,0.0,0.0,0.0,0.0,0.0,0.0,0.0,0.0,0.0,0.0,0.0,0.0,0.0,0.0,0.0,0.0,0.0,0.0,0.0,0.0,0.0,0.0,0.0,0.0,0.0,0.0,0.0,0.0,0.0,0.0,0.0,0.0,0.0,0.0,0.0,0.0,0.0,0.0,0.0,0.0,0.0,0.0,0.0,0.0,0.0,0.0,0.0,0.0,0.0,0.0,0.0,0.0,0.0,0.0,0.0,0.0,0.0,0.0,0.0,0.0,0.0,0.0,0.0,0.0,0.0,0.0,0.0,0.0,0.0,0.0,0.0,0.0,0.0,0.0,0.0,0.0,0.0,0.0,0.0,0.0
5193,0.0,0.0,1.91484797000885,0.25388726592063904,2.0562267303466797,2.2706921100616455,0.6387060284614563,0.7276611924171448,1.8514409065246582,12.45572280883789,1.8586715459823608,2.58986234664917,14.161471366882324,0.4312526285648346,0.12563124299049377,1.3462094068527222,0.0,0.037310730665922165,0.0,0.0,0.7920617461204529,0.6657811999320984,0.0,11.395350456237793,0.8624165058135986,21.072551727294922,1.054739236831665,6.498193740844727,0.0,1.6962454319000244,0.0,0.3116759657859802,0.0,0.0,0.0,19.737653732299805,0.0,0.0,0.0,0.4782993793487549,0.6040884256362915,5.09296178817749,0.0,4.718482494354248,1.4174160957336426,0.0,0.0,0.0,0.0,0.9792439937591553,0.30641061067581177,0.49520009756088257,1.0431923866271973,0.0,0.0,0.0,0.0,0.0,0.0,0.0,0.0,0.0,0.0,0.1324799656867981,1.5837032794952393,0.0,0.12357296049594879,0.044467344880104065,0.0,0.3468766212463379,9.195541381835938,6.221896648406982,9.195541381835938,0.0,0.0,0.718039333820343,0.0,0.0,1.0520981550216675,0.0,0.0,0.0,0.0,0.0,0.0,0.0,0.0,0.0,0.731479823589325,0.0,0.0,1.8919782638549805,2.3824667930603027,0.04393383488059044,0.5650643706321716,0.0,0.06418585032224655,0.3258376717567444,0.05132325738668442,0.019541427493095398,0.9040980935096741,0.0,0.0,0.0,0.73482346534729,1.081700086593628,0.3468766212463379,0.0,5.275886058807373,0.0,0.0,0.14727462828159332,0.0,0.0,0.3468766212463379,0.3819766342639923,0.0,0.0,0.18958503007888794,0.0,0.8267379403114319,0.26759812235832214,0.48795655369758606,0.2581034302711487,0.0,0.10652297735214233,0.0,0.0,0.0,0.0,19.422832489013672,2.847872734069824,0.0,0.0,0.0,0.0,0.0,0.364126056432724,0.45201075077056885,18.125520706176758,0.34062355756759644,0.0,0.0,3.0402846336364746,0.20008298754692078,7.641975402832031,0.51221764087677,0.34062355756759644,2.3524019718170166,2.1901512145996094,0.0,0.0,4.846446990966797,0.0,0.0,19.78411865234375,0.0,138.97425842285156,0.0,0.0,36.06521224975586,0.0,14.912859916687012,0.0,22.847991943359375,0.0,0.0,515.38134765625,0.0,11.870523452758789,0.0,0.0,0.0,128.84844970703125,1.7213926315307617,263.8555908203125,0.0,3.972503185272217,23.162321090698242,0.0,0.0,0.0,1.4986600875854492,0.07708299905061722,1.3775570392608643,0.0,0.0,0.9984979033470154,0.48372790217399597,0.0,0.0,0.0,0.14608997106552124,0.7012217044830322,0.0,2.2990736961364746,0.0,0.5125988721847534,0.19922341406345367,0.11240235716104507,0.29543691873550415,0.0,0.0,0.0,1.3567543029785156,0.0,0.0,0.0,11.41840934753418,0.0,0.0,0.0,0.12984329462051392,0.0,0.0,0.0,114.66657257080078,0.0,0.0,0.0,0.0,0.0,0.0,0.0,0.0,0.0,0.0,0.0,0.0,0.0,0.06568033248186111,0.0,0.04783642292022705,0.0,0.0,0.7916463017463684,0.0,0.0,0.0,6.359671115875244,0.15732555091381073,0.0,0.27487969398498535,0.3184632956981659,0.0,0.0,0.0,0.0,4.348186016082764,15.720122337341309,2.5927746295928955,10.471463203430176,0.0,0.0,1.4979004859924316,0.0,0.3177420496940613,7.29435920715332,0.9299307465553284,0.0,0.0,0.0,0.0,0.0,0.0,0.0,0.0,0.0,0.0,0.0,0.0,0.0,0.0,0.0,0.0,0.0,0.0,0.0,0.0,0.0,0.0,0.0,0.0,0.0,0.0,0.0,0.0,0.0,0.0,0.0,0.0,0.0,0.0,0.0,0.0,0.0,0.0,0.0,0.0,0.0,0.0,0.0,0.0,0.0,0.0,0.0,0.0,0.0,0.0,0.0,0.0,0.0,0.0,0.0,0.0,0.0,0.0,0.0,0.0,0.0,0.0,0.0,0.0,0.0,0.0,0.0,0.0,0.0,0.0,0.0,0.0,0.0,0.0,0.0,0.0,0.0,0.0,0.0,0.0,0.0,0.0,0.0,0.0,0.0,0.0,0.0,0.0,0.0,0.0,0.0,0.0,0.0,0.0,0.0,0.0,0.0,0.0,0.0,0.0,0.0,0.0,0.0,0.0,0.0,0.0,0.0,0.0,0.0,0.0,0.0,0.0,0.0,0.0,0.0,0.0,0.0
5194,0.0,0.0,0.0,0.0,0.0,0.0,0.0,0.0,0.0,0.0,0.0,0.0,0.0,0.0,0.0,0.0,0.0,0.0,0.0,0.0,0.0,0.0,0.0,0.0,0.0,0.0,0.0,0.0,0.0,0.0,0.0,0.0,0.0,0.0,0.0,0.0,0.0,0.0,0.0,0.0,0.0,0.0,0.0,0.0,0.0,0.0,0.0,0.0,0.0,0.0,0.0,0.0,0.0,0.0,0.0,0.0,0.0,0.0,0.0,0.0,0.0,0.0,0.0,0.0,0.0,0.0,0.0,0.0,0.0,0.0,0.0,0.0,0.0,0.0,0.0,0.0,0.0,0.0,0.0,0.0,0.0,0.0,0.0,0.0,0.0,0.0,0.0,0.0,0.0,0.0,0.0,0.0,0.0,0.0,0.0,0.0,0.0,0.0,0.0,0.0,0.0,0.0,0.0,0.0,0.0,0.0,0.0,0.0,0.0,0.0,0.0,0.0,0.0,0.0,0.0,0.0,0.0,0.0,0.0,0.0,0.0,0.0,0.0,0.0,0.0,0.0,0.0,0.0,0.0,0.0,0.0,0.0,0.0,0.0,0.0,0.0,0.0,0.0,0.0,0.0,0.0,0.0,0.0,0.0,0.0,0.0,0.0,0.0,0.0,0.0,0.0,0.0,0.0,0.0,0.0,0.0,0.0,0.0,0.0,0.0,0.0,0.0,0.0,0.0,0.0,0.0,0.0,0.0,0.0,0.0,0.0,0.0,0.0,0.0,0.0,0.0,0.0,0.0,0.0,0.0,0.0,0.0,0.0,0.0,0.0,0.0,0.0,0.0,0.0,0.0,0.0,0.0,0.0,0.0,0.0,0.0,0.0,0.0,0.0,0.0,0.0,0.0,0.0,0.0,0.0,0.0,0.0,0.0,0.0,0.0,0.0,0.0,0.0,0.0,0.0,0.0,0.0,0.0,0.0,0.0,0.0,0.0,0.0,0.0,0.0,0.0,0.0,0.0,0.0,0.0,0.0,0.0,0.0,0.0,0.0,0.0,0.0,0.0,0.0,0.0,0.0,0.0,0.0,0.0,0.0,0.0,0.0,0.0,0.0,0.0,0.0,0.0,0.0,0.0,0.0,0.0,0.0,0.0,0.0,0.0,0.0,0.0,0.0,0.0,0.0,0.0,0.0,0.0,0.0,0.0,0.0,0.0,0.0,0.0,0.0,0.0,0.0,0.0,0.0,0.0,0.0,0.0,0.0,0.0,0.0,0.0,0.0,0.0,0.0,0.0,0.0,0.0,0.0,0.0,0.0,0.0,0.0,0.0,0.0,0.0,0.0,0.0,0.0,0.0,0.0,0.0,0.0,0.0,0.0,0.0,0.0,0.0,0.0,0.0,0.0,0.0,0.0,0.0,0.0,0.0,0.0,0.0,0.0,0.0,0.0,0.0,0.0,0.0,0.0,0.0,0.0,0.0,0.0,0.0,0.0,0.0,0.0,0.0,0.0,0.0,0.0,0.0,0.0,0.0,0.0,0.0,0.0,0.0,0.0,0.0,0.0,0.0,0.0,0.0,0.0,0.0,0.0,0.0,0.0,0.0,0.0,0.0,0.0,0.0,0.0,0.0,0.0,0.0,0.0,0.0,0.0,0.0,0.0,0.0,0.0,0.0
5195,0.0,0.0,0.0,0.0,0.0,0.0,0.0,0.0,0.0,0.42987942695617676,0.0,0.0,0.47779980301856995,0.0,0.0,0.0,0.0,0.0,0.0,0.0,0.0,0.0,0.0,0.47235652804374695,0.0,0.44099941849708557,0.0,0.07955414056777954,0.0,0.0,0.0,0.0,0.0,0.0,0.0,0.24196463823318481,0.0,0.0,0.0,0.0,0.0,0.09793876856565475,0.0,0.04050099477171898,0.0,0.0,0.0,0.0,0.0,0.0,0.0,0.0,0.0,0.0,0.0,0.0,0.0,0.0,0.0,0.0,0.0,0.0,0.0,0.0,0.0,0.0,0.0,0.0,0.0,0.0,0.0,0.0,0.0,0.0,0.0,0.0,0.0,0.0,0.0,0.0,0.0,0.0,0.0,0.0,0.0,0.0,0.0,0.0,0.0,0.0,0.0,0.0880546048283577,0.0,0.0,0.0,0.0,0.0,0.0,0.0,0.0,0.0,0.0,0.0,0.0,0.0,0.0,0.0,0.0,0.0,0.0,0.0,0.0,0.0,0.0,0.0,0.0,0.0,0.0,0.0,0.0,0.0,0.0,0.0,0.0,0.0,0.0,0.0,0.0,0.0,0.0,0.3767269253730774,0.24164070188999176,0.0,0.0,0.0,0.0,0.0,0.0,0.012077964842319489,1.0453882217407227,0.0,0.0,0.0,0.0,0.0,0.43328025937080383,0.0,0.0,0.0,0.0,0.0,0.0,0.0,0.0,0.0,0.0,0.0,24.36109733581543,0.0,0.0,3.351167678833008,0.0,1.0642316341400146,0.0,0.8095375299453735,0.0,0.0,11.870523452758789,0.0,0.8604609966278076,0.0,0.0,0.0,0.4267500340938568,0.0,6.13116455078125,0.0,0.0,5.206228256225586,0.0,0.0,0.0,0.0,0.0,0.0,0.0,0.0,0.0,0.013200737535953522,0.0,0.0,0.0,0.0,0.0,0.0,0.0,0.0,0.0,0.0,0.0,0.0,0.0,0.0,0.0,0.0,0.0,0.0,0.0,0.0,0.0,0.0,0.0,0.0,0.0,0.0,0.0,0.0,0.0,0.0,0.0,0.0,0.0,0.0,0.0,0.0,0.0,0.0,0.0,0.0,0.0,0.0,0.0,0.0,0.0,0.0,0.0,0.0,0.0,0.0,0.21331007778644562,0.0,0.0,0.0,0.0,0.0,0.0,0.0,0.0,0.1490717977285385,0.3601977229118347,0.12448060512542725,0.2636997103691101,0.0,0.0,0.0,0.0,0.0,0.0,0.0,0.0,0.0,0.0,0.0,0.0,0.0,0.0,0.0,0.0,0.0,0.0,0.0,0.0,0.0,0.0,0.0,0.0,0.0,0.0,0.0,0.0,0.0,0.0,0.0,0.0,0.0,0.0,0.0,0.0,0.0,0.0,0.0,0.0,0.0,0.0,0.0,0.0,0.0,0.0,0.0,0.0,0.0,0.0,0.0,0.0,0.0,0.0,0.0,0.0,0.0,0.0,0.0,0.0,0.0,0.0,0.0,0.0,0.0,0.0,0.0,0.0,0.0,0.0,0.0,0.0,0.0,0.0,0.0,0.0,0.0,0.0,0.0,0.0,0.0,0.0,0.0,0.0,0.0,0.0,0.0,0.0,0.0,0.0,0.0,0.0,0.0,0.0,0.0,0.0,0.0,0.0,0.0,0.0,0.0,0.0,0.0,0.0,0.0,0.0,0.0,0.0,0.0,0.0,0.0,0.0,0.0,0.0,0.0,0.0,0.0,0.0,0.0,0.0,0.0,0.0,0.0,0.0
5196,0.0,0.0,0.0,0.0,0.0,0.0,0.0,0.0,0.0,0.0,0.0,0.0,0.0,0.0,0.0,0.0,0.0,0.0,0.0,0.0,0.0,0.0,0.0,0.0,0.0,0.0,0.0,0.0,0.0,0.0,0.0,0.0,0.0,0.0,0.0,0.0,0.0,0.0,0.0,0.0,0.0,0.0,0.0,0.0,0.0,0.0,0.0,0.0,0.0,0.0,0.0,0.0,0.0,0.0,0.0,0.0,0.0,0.0,0.0,0.0,0.0,0.0,0.0,0.0,0.0,0.0,0.0,0.0,0.0,0.0,0.0,0.0,0.0,0.0,0.0,0.0,0.0,0.0,0.0,0.0,0.0,0.0,0.0,0.0,0.0,0.0,0.0,0.0,0.0,0.0,0.0,0.0,0.0,0.0,0.0,0.0,0.0,0.0,0.0,0.0,0.0,0.0,0.0,0.0,0.0,0.0,0.0,0.0,0.0,0.0,0.0,0.0,0.0,0.0,0.0,0.0,0.0,0.0,0.0,0.0,0.0,0.0,0.0,0.0,0.0,0.0,0.0,0.0,0.0,0.0,0.0,0.0,0.0,0.0,0.0,0.0,0.0,0.0,0.0,0.0,0.0,0.0,0.0,0.0,0.0,0.0,0.0,0.0,0.0,0.0,0.0,0.0,0.0,0.0,0.0,0.0,0.0,0.0,0.0,0.0,0.0,0.0,0.0,0.0,0.0,0.0,0.0,0.0,0.0,0.0,0.0,0.0,0.0,0.0,0.0,0.0,0.0,0.0,0.0,0.0,0.0,0.0,0.0,0.0,0.0,0.0,0.0,0.0,0.0,0.0,0.0,0.0,0.0,0.0,0.0,0.0,0.0,0.0,0.0,0.0,0.0,0.0,0.0,0.0,0.0,0.0,0.0,0.0,0.0,0.0,0.0,0.0,0.0,0.0,0.0,0.0,0.0,0.0,0.0,0.0,0.0,0.0,0.0,0.0,0.0,0.0,0.0,0.0,0.0,0.0,0.0,0.0,0.0,0.0,0.0,0.0,0.0,0.0,0.0,0.0,0.0,0.0,0.0,0.0,0.0,0.0,0.0,0.0,0.0,0.0,0.0,0.0,0.0,0.0,0.0,0.0,0.0,0.0,0.0,0.0,0.0,0.0,0.0,0.0,0.0,0.0,0.0,0.0,0.0,0.0,0.0,0.0,0.0,0.0,0.0,0.0,0.0,0.0,0.0,0.0,0.0,0.0,0.0,0.0,0.0,0.0,0.0,0.0,0.0,0.0,0.0,0.0,0.0,0.0,0.0,0.0,0.0,0.0,0.0,0.0,0.0,0.0,0.0,0.0,0.0,0.0,0.0,0.0,0.0,0.0,0.0,0.0,0.0,0.0,0.0,0.0,0.0,0.0,0.0,0.0,0.0,0.0,0.0,0.0,0.0,0.0,0.0,0.0,0.0,0.0,0.0,0.0,0.0,0.0,0.0,0.0,0.0,0.0,0.0,0.0,0.0,0.0,0.0,0.0,0.0,0.0,0.0,0.0,0.0,0.0,0.0,0.0,0.0,0.0,0.0,0.0,0.0,0.0,0.0,0.0,0.0,0.0,0.0,0.0,0.0,0.0,0.0,0.0,0.0,0.0,0.0,0.0,0.0,0.0,0.0,0.0
5197,0.0,0.0,0.0,0.0,0.0,0.0,0.0,0.0,0.0,0.0,0.0,0.0,0.0,0.0,0.0,0.0,0.0,0.0,0.0,0.0,0.0,0.0,0.0,0.0,0.0,0.0,0.0,0.0,0.0,0.0,0.0,0.0,0.0,0.0,0.0,0.0,0.0,0.0,0.0,0.0,0.0,0.0,0.0,0.0,0.0,0.0,0.0,0.0,0.0,0.0,0.0,0.0,0.0,0.0,0.0,0.0,0.0,0.0,0.0,0.0,0.0,0.0,0.0,0.0,0.0,0.0,0.0,0.0,0.0,0.0,0.0,0.0,0.0,0.0,0.0,0.0,0.0,0.0,0.0,0.0,0.0,0.0,0.0,0.0,0.0,0.0,0.0,0.0,0.0,0.0,0.0,0.0,0.0,0.0,0.0,0.0,0.0,0.0,0.0,0.0,0.0,0.0,0.0,0.0,0.0,0.0,0.0,0.0,0.0,0.0,0.0,0.0,0.0,0.0,0.0,0.0,0.0,0.0,0.0,0.0,0.0,0.0,0.0,0.0,0.0,0.0,0.0,0.0,0.0,0.0,0.0,0.0,0.0,0.0,0.0,0.0,0.0,0.0,0.0,0.0,0.0,0.0,0.0,0.0,0.0,0.0,0.0,0.0,0.0,0.0,0.0,0.0,0.0,0.0,0.0,0.0,0.0,0.0,0.0,0.0,0.0,0.0,0.0,0.0,0.0,0.0,0.0,0.0,0.0,0.0,0.0,0.0,0.0,0.0,0.0,0.0,0.0,0.0,0.0,0.0,0.0,0.0,0.0,0.0,0.0,0.0,0.0,0.0,0.0,0.0,0.0,0.0,0.0,0.0,0.0,0.0,0.0,0.0,0.0,0.0,0.0,0.0,0.0,0.0,0.0,0.0,0.0,0.0,0.0,0.0,0.0,0.0,0.0,0.0,0.0,0.0,0.0,0.0,0.0,0.0,0.0,0.0,0.0,0.0,0.0,0.0,0.0,0.0,0.0,0.0,0.0,0.0,0.0,0.0,0.0,0.0,0.0,0.0,0.0,0.0,0.0,0.0,0.0,0.0,0.0,0.0,0.0,0.0,0.0,0.0,0.0,0.0,0.0,0.0,0.0,0.0,0.0,0.0,0.0,0.0,0.0,0.0,0.0,0.0,0.0,0.0,0.0,0.0,0.0,0.0,0.0,0.0,0.0,0.0,0.0,0.0,0.0,0.0,0.0,0.0,0.0,0.0,0.0,0.0,0.0,0.0,0.0,0.0,0.0,0.0,0.0,0.0,0.0,0.0,0.0,0.0,0.0,0.0,0.0,0.0,0.0,0.0,0.0,0.0,0.0,0.0,0.0,0.0,0.0,0.0,0.0,0.0,0.0,0.0,0.0,0.0,0.0,0.0,0.0,0.0,0.0,0.0,0.0,0.0,0.0,0.0,0.0,0.0,0.0,0.0,0.0,0.0,0.0,0.0,0.0,0.0,0.0,0.0,0.0,0.0,0.0,0.0,0.0,0.0,0.0,0.0,0.0,0.0,0.0,0.0,0.0,0.0,0.0,0.0,0.0,0.0,0.0,0.0,0.0,0.0,0.0,0.0,0.0,0.0,0.0,0.0,0.0,0.0,0.0,0.0,0.0,0.0,0.0,0.0,0.0,0.0
5198,0.0,0.0,0.0,0.0,0.0,0.0,0.0,0.0,0.0,0.0,0.0,0.0,0.0,0.0,0.0,0.0,0.0,0.0,0.0,0.0,0.0,0.0,0.0,0.0,0.0,0.0,0.0,0.0,0.0,0.0,0.0,0.0,0.0,0.0,0.0,0.0,0.0,0.0,0.0,0.0,0.0,0.0,0.0,0.0,0.0,0.0,0.0,0.0,0.0,0.0,0.0,0.0,0.0,0.0,0.0,0.0,0.0,0.0,0.0,0.0,0.0,0.0,0.0,0.0,0.0,0.0,0.0,0.0,0.0,0.0,0.0,0.0,0.0,0.0,0.0,0.0,0.0,0.0,0.0,0.0,0.0,0.0,0.0,0.0,0.0,0.0,0.0,0.0,0.0,0.0,0.0,0.0,0.0,0.0,0.0,0.0,0.0,0.0,0.0,0.0,0.0,0.0,0.0,0.0,0.0,0.0,0.0,0.0,0.0,0.0,0.0,0.0,0.0,0.0,0.0,0.0,0.0,0.0,0.0,0.0,0.0,0.0,0.0,0.0,0.0,0.0,0.0,0.0,0.0,0.0,0.0,0.0,0.0,0.0,0.0,0.0,0.0,0.0,0.0,0.0,0.0,0.0,0.0,0.0,0.0,0.0,0.0,0.0,0.0,0.0,0.0,0.0,0.0,0.0,0.0,0.0,0.0,0.0,0.0,0.0,0.0,0.0,0.0,0.0,0.0,0.0,0.0,0.0,0.0,0.0,0.0,0.0,0.0,0.0,0.0,0.0,0.0,0.0,0.0,0.0,0.0,0.0,0.0,0.0,0.0,0.0,0.0,0.0,0.0,0.0,0.0,0.0,0.0,0.0,0.0,0.0,0.0,0.0,0.0,0.0,0.0,0.0,0.0,0.0,0.0,0.0,0.0,0.0,0.0,0.0,0.0,0.0,0.0,0.0,0.0,0.0,0.0,0.0,0.0,0.0,0.0,0.0,0.0,0.0,0.0,0.0,0.0,0.0,0.0,0.0,0.0,0.0,0.0,0.0,0.0,0.0,0.0,0.0,0.0,0.0,0.0,0.0,0.0,0.0,0.0,0.0,0.0,0.0,0.0,0.0,0.0,0.0,0.0,0.0,0.0,0.0,0.0,0.0,0.0,0.0,0.0,0.0,0.0,0.0,0.0,0.0,0.0,0.0,0.0,0.0,0.0,0.0,0.0,0.0,0.0,0.0,0.0,0.0,0.0,0.0,0.0,0.0,0.0,0.0,0.0,0.0,0.0,0.0,0.0,0.0,0.0,0.0,0.0,0.0,0.0,0.0,0.0,0.0,0.0,0.0,0.0,0.0,0.0,0.0,0.0,0.0,0.0,0.0,0.0,0.0,0.0,0.0,0.0,0.0,0.0,0.0,0.0,0.0,0.0,0.0,0.0,0.0,0.0,0.0,0.0,0.0,0.0,0.0,0.0,0.0,0.0,0.0,0.0,0.0,0.0,0.0,0.0,0.0,0.0,0.0,0.0,0.0,0.0,0.0,0.0,0.0,0.0,0.0,0.0,0.0,0.0,0.0,0.0,0.0,0.0,0.0,0.0,0.0,0.0,0.0,0.0,0.0,0.0,0.0,0.0,0.0,0.0,0.0,0.0,0.0,0.0,0.0,0.0,0.0,0.0,0.0
5199,0.0,0.0,22.520397186279297,1.3037793636322021,7.873231887817383,7.873231887817383,2.5910794734954834,0.46602627635002136,4.483641624450684,10.086568832397461,4.898190021514893,2.2360873222351074,8.407635688781738,0.0,0.13781626522541046,1.795343041419983,0.0,0.0,0.0,0.0,0.5377534031867981,0.5377534031867981,0.0,28.561992645263672,0.3224216103553772,61.664207458496094,4.697944641113281,39.792999267578125,0.0,12.899903297424316,0.0,4.401514530181885,0.0,0.0,0.0,6.183666706085205,0.0,0.0,0.0,0.0,0.0,2.754674196243286,0.0,1.3724143505096436,0.0,0.0,0.0,0.0,0.0,0.0,0.0,0.0,5.123188018798828,0.0,0.0,0.0,0.0,0.0,0.0,0.0,0.0,0.0,0.0,0.0,0.0,0.0,0.0,0.0,0.0,0.0,0.0,0.0,0.0,0.0,0.0,0.0,0.0,0.0,0.0,0.0,0.0,0.0,0.0,0.0,0.0,0.0,0.0,0.0,0.0,0.0,0.0,2.1090199947357178,0.0,0.0,0.0,0.0,0.0,0.0,0.0,0.0,0.0,0.0,0.0,0.0,0.0,0.0,0.0,0.0,2.4733211994171143,0.0,0.0,0.0,0.0,0.0,0.0,0.0,0.0,0.0,0.0,0.0,0.0,0.0,0.0,0.0,0.0,0.0,0.0,0.0,0.0,0.0,109.80550384521484,40.839927673339844,0.0,0.0,0.0,0.0,0.0,0.0,0.0,252.6044464111328,0.0,0.0,0.0,5.722065448760986,0.0,138.32781982421875,0.60901939868927,0.0,9.965106964111328,1.541284203529358,0.0,0.0,0.0,0.0,0.0,22.986217498779297,0.0,288.5250244140625,0.0,0.0,50.68617248535156,0.0,13.090806007385254,0.0,122.89458465576172,0.0,0.0,128.84844970703125,0.0,0.4267500340938568,0.0,0.0,0.0,306.6832580566406,0.0,213.05477905273438,0.0,16.144895553588867,11.119071006774902,0.0,0.0,0.0,25.64085578918457,2.6642873287200928,72.63261413574219,0.0,0.0,2.8760740756988525,3.5348470211029053,0.0,0.0,0.0,12.62617015838623,18.882932662963867,0.0,66.23411560058594,0.0,14.52851390838623,4.610107898712158,1.4174425601959229,3.697042942047119,0.0,0.0,0.0,3.3320021629333496,0.0,0.0,0.0,28.7056827545166,0.0,0.0,0.0,0.0,0.0,0.0,0.0,132.42466735839844,0.0,0.0,0.0,0.0,0.0,0.0,0.0,0.0,0.0,0.0,0.0,0.0,0.0,0.0,0.0,3.891547441482544,0.0,0.0,19.143592834472656,0.0,0.0,0.0,138.84890747070312,9.449048042297363,0.0,15.305368423461914,16.129369735717773,0.0,0.0,0.0,0.0,48.450538635253906,223.18031311035156,36.198204040527344,139.8417205810547,0.0,0.0,0.0,0.0,10.164894104003906,28.14545249938965,4.311410427093506,0.0,0.0,0.0,0.0,0.0,0.0,0.0,0.0,0.0,0.0,0.0,0.0,0.0,0.0,0.0,0.0,0.0,0.0,0.0,0.0,0.0,0.0,0.0,0.0,0.0,0.0,0.0,0.0,0.0,0.0,0.0,0.0,0.0,0.0,0.0,0.0,0.0,0.0,0.0,0.0,0.0,0.0,0.0,0.0,0.0,0.0,0.0,0.0,0.0,0.0,0.0,0.0,0.0,0.0,0.0,0.0,0.0,0.0,0.0,0.0,0.0,0.0,0.0,0.0,0.0,0.0,0.0,0.0,0.0,0.0,0.0,0.0,0.0,0.0,0.0,0.0,0.0,0.0,0.0,0.0,0.0,0.0,0.0,0.0,0.0,0.0,0.0,0.0,0.0,0.0,0.0,0.0,0.0,0.0,0.0,0.0,0.0,0.0,0.0,0.0,0.0,0.0,0.0,0.0,0.0,0.0,0.0,0.0,0.0,0.0,0.0,0.0,0.0,0.0,0.0,0.0,0.0
5200,0.0,0.0,0.0,0.0,0.0,0.0,0.0,0.0,0.0,0.0,0.0,0.0,0.0,0.0,0.0,0.0,0.0,0.0,0.0,0.0,0.0,0.0,0.0,0.0,0.0,0.0,0.0,0.0,0.0,0.0,0.0,0.0,0.0,0.0,0.0,0.14451174437999725,0.0,0.0,0.0,0.0,0.0,0.0,0.0,0.0,0.0,0.0,0.0,0.0,0.0,0.0,0.0,0.0,0.0,0.0,0.0,0.0,0.0,0.0,0.0,0.0,0.0,0.0,0.0,0.0,0.0,0.0,0.0,0.0,0.0,0.0,0.0,0.0,0.0,0.0,0.0,0.0,0.0,0.0,0.0,0.0,0.0,0.0,0.0,0.0,0.0,0.0,0.0,0.0,0.0,0.0,0.0,0.0,0.0,0.0,0.0,0.0,0.0,0.0,0.0,0.0,0.0,0.0,0.0,0.0,0.0,0.0,0.0,0.0,0.0,0.0,0.0,0.0,0.0,0.0,0.0,0.0,0.0,0.0,0.0,0.0,0.0,0.0,0.0,0.0,0.0,0.0,0.0,0.0,0.0,0.0,0.4104124903678894,0.0,0.0,0.0,0.0,0.0,0.0,0.0,0.0,0.8786193132400513,0.0,0.0,0.0,0.0,0.0,0.0,0.0,0.0,0.0,0.0,0.0,0.0,0.0,0.0,0.0,0.0,0.0,8.445013999938965,0.0,0.0,1.0560193061828613,0.0,0.0,0.0,0.21810439229011536,0.0,0.0,1.7213926315307617,0.0,0.0,0.0,0.0,0.0,0.0,0.0,1.2764487266540527,0.0,0.0,3.268203020095825,0.0,0.0,0.0,0.0,0.0,0.0,0.0,0.0,0.0,0.0,0.0,0.0,0.0,0.0,0.0,0.0,0.0,0.0,0.0,0.0,0.0,0.0,0.0,0.0,0.0,0.0,0.0,0.0,0.0,0.0,0.0,0.0,0.0,0.0,0.0,0.0,0.0,0.0,0.0,0.0,0.0,0.0,0.0,0.0,0.0,0.0,0.0,0.0,0.0,0.0,0.0,0.0,0.0,0.0,0.0,0.0,0.0,0.0,0.0,0.0,0.0961039587855339,0.0,0.0,0.0,0.0,0.0,0.0,0.0,0.0,0.0,0.15364913642406464,0.0,0.1817469447851181,0.0,0.0,0.0,0.0,0.0,0.0,0.0,0.0,0.0,0.0,0.0,0.0,0.0,0.0,0.0,0.0,0.0,0.0,0.0,0.0,0.0,0.0,0.0,0.0,0.0,0.0,0.0,0.0,0.0,0.0,0.0,0.0,0.0,0.0,0.0,0.0,0.0,0.0,0.0,0.0,0.0,0.0,0.0,0.0,0.0,0.0,0.0,0.0,0.0,0.0,0.0,0.0,0.0,0.0,0.0,0.0,0.0,0.0,0.0,0.0,0.0,0.0,0.0,0.0,0.0,0.0,0.0,0.0,0.0,0.0,0.0,0.0,0.0,0.0,0.0,0.0,0.0,0.0,0.0,0.0,0.0,0.0,0.0,0.0,0.0,0.0,0.0,0.0,0.0,0.0,0.0,0.0,0.0,0.0,0.0,0.0,0.0,0.0,0.0,0.0,0.0,0.0,0.0,0.0,0.0,0.0,0.0,0.0,0.0,0.0,0.0,0.0,0.0,0.0,0.0,0.0,0.0,0.0,0.0,0.0,0.0,0.0,0.0,0.0
5201,0.0,0.0,2.2617478370666504,0.1726086437702179,2.4238736629486084,2.4039244651794434,0.7045162916183472,0.7404120564460754,2.067206859588623,13.325156211853027,1.7623488903045654,2.8254013061523438,13.374191284179688,0.0,0.18396849930286407,1.180173635482788,0.0,0.0,0.0,0.0,1.0070812702178955,0.0,0.0,12.856696128845215,0.8584933280944824,23.399211883544922,0.9764523506164551,4.713524341583252,0.0,2.1310243606567383,0.0,0.3617091178894043,0.0,0.0,0.0,24.514095306396484,0.0,0.0,0.0,0.5295540690422058,0.7373803853988647,8.062902450561523,0.0,3.7150564193725586,0.7184179425239563,0.0,0.0,0.0,0.0,1.0155415534973145,0.19333887100219727,0.43018725514411926,1.2440884113311768,0.0,0.0,0.0,0.0,0.0,0.0,0.0,0.0,0.0,0.0,0.1230522096157074,1.1737686395645142,0.0,0.12157398462295532,0.04374801740050316,0.0,0.6825307607650757,9.3865327835083,3.476609230041504,9.3865327835083,0.0,0.0,1.2632761001586914,0.0,0.0,2.125011444091797,0.0,0.0,0.0,0.0,0.0,0.0,0.0,0.0,0.0,1.4392939805984497,0.0,0.0,2.1081368923187256,0.0,0.0,0.29559603333473206,0.0,0.07047384977340698,0.34673041105270386,0.04624208062887192,0.03886357322335243,31.53824806213379,0.0,0.0,0.0,0.6825307607650757,1.4458731412887573,0.6825307607650757,0.0,5.560043811798096,0.0,0.0,0.23913832008838654,0.0,0.0,0.0,0.0,0.0,0.0,0.2157495766878128,0.0,0.7333987355232239,0.28475654125213623,0.0,0.5078564882278442,0.0,0.0,0.0,0.0,0.0,0.0,22.656631469726562,3.406466484069824,0.0,0.0,0.0,0.0,0.0,0.3976852595806122,0.48940086364746094,21.2770938873291,0.0,0.0,0.0,3.776153326034546,0.4258246421813965,9.086721420288086,0.6169643998146057,0.0,3.4143166542053223,2.3674843311309814,0.0,0.0,1.2959569692611694,0.0,0.0,10.83213996887207,0.0,52.358245849609375,0.0,0.0,18.7688045501709,0.0,7.932520389556885,0.0,6.911591053009033,0.0,0.0,263.8555908203125,0.0,6.13116455078125,0.0,0.0,0.0,213.05477905273438,1.2764487266540527,158.79893493652344,0.0,4.259589672088623,27.716907501220703,0.0,0.0,0.0,1.2713474035263062,0.12339513748884201,2.152935743331909,0.0,0.0,1.1491864919662476,0.5486340522766113,0.0,0.0,0.0,0.3822575509548187,0.8311205506324768,0.0,2.7580273151397705,0.0,0.5685761570930481,0.16536331176757812,0.05298616364598274,0.13162586092948914,0.0,0.0,0.0,0.11167790740728378,0.0,0.0,0.0,10.006308555603027,0.0,0.0,0.0,0.3417002260684967,0.0,0.0,0.0,129.14910888671875,0.0,0.0,0.0,0.0,0.0,0.0,0.0,0.0,0.0,0.0,0.0,0.0,0.0,0.20172160863876343,0.0,0.14591428637504578,0.0,0.0,0.9813472628593445,0.0,0.0,0.0,6.841213703155518,0.3810498118400574,0.0,0.45964816212654114,0.36979109048843384,0.0,0.0,0.0,0.0,4.655832767486572,18.531902313232422,3.2324936389923096,11.894896507263184,0.0,0.0,0.16684477031230927,0.0,0.33416175842285156,7.737894535064697,1.0600823163986206,0.0,0.0,0.0,0.0,0.0,0.0,0.0,0.0,0.0,0.0,0.0,0.0,0.0,0.0,0.0,0.0,0.0,0.0,0.0,0.0,0.0,0.0,0.0,0.0,0.0,0.0,0.0,0.0,0.0,0.0,0.0,0.0,0.0,0.0,0.0,0.0,0.0,0.0,0.0,0.0,0.0,0.0,0.0,0.0,0.0,0.0,0.0,0.0,0.0,0.0,0.0,0.0,0.0,0.0,0.0,0.0,0.0,0.0,0.0,0.0,0.0,0.0,0.0,0.0,0.0,0.0,0.0,0.0,0.0,0.0,0.0,0.0,0.0,0.0,0.0,0.0,0.0,0.0,0.0,0.0,0.0,0.0,0.0,0.0,0.0,0.0,0.0,0.0,0.0,0.0,0.0,0.0,0.0,0.0,0.0,0.0,0.0,0.0,0.0,0.0,0.0,0.0,0.0,0.0,0.0,0.0,0.0,0.0,0.0,0.0,0.0,0.0,0.0,0.0,0.0,0.0,0.0
5202,0.0,0.0,0.0,0.0,0.0,0.0,0.0,0.0,0.0,0.0,0.0,0.0,0.0,0.0,0.0,0.0,0.0,0.0,0.0,0.0,0.0,0.0,0.0,0.0,0.0,0.0,0.0,0.0,0.0,0.0,0.0,0.0,0.0,0.0,0.0,0.0,0.0,0.0,0.0,0.0,0.0,0.0,0.0,0.0,0.0,0.0,0.0,0.0,0.0,0.0,0.0,0.0,0.0,0.0,0.0,0.0,0.0,0.0,0.0,0.0,0.0,0.0,0.0,0.0,0.0,0.0,0.0,0.0,0.0,0.0,0.0,0.0,0.0,0.0,0.0,0.0,0.0,0.0,0.0,0.0,0.0,0.0,0.0,0.0,0.0,0.0,0.0,0.0,0.0,0.0,0.0,0.0,0.0,0.0,0.0,0.0,0.0,0.0,0.0,0.0,0.0,0.0,0.0,0.0,0.0,0.0,0.0,0.0,0.0,0.0,0.0,0.0,0.0,0.0,0.0,0.0,0.0,0.0,0.0,0.0,0.0,0.0,0.0,0.0,0.0,0.0,0.0,0.0,0.0,0.0,0.0,0.0,0.0,0.0,0.0,0.0,0.0,0.0,0.0,0.0,0.0,0.0,0.0,0.0,0.0,0.0,0.0,0.0,0.0,0.0,0.0,0.0,0.0,0.0,0.0,0.0,0.0,0.0,0.0,0.0,0.0,0.0,0.0,0.0,0.0,0.0,0.0,0.0,0.0,0.0,0.0,0.0,0.0,0.0,0.0,0.0,0.0,0.0,0.0,0.0,0.0,0.0,0.0,0.0,0.0,0.0,0.0,0.0,0.0,0.0,0.0,0.0,0.0,0.0,0.0,0.0,0.0,0.0,0.0,0.0,0.0,0.0,0.0,0.0,0.0,0.0,0.0,0.0,0.0,0.0,0.0,0.0,0.0,0.0,0.0,0.0,0.0,0.0,0.0,0.0,0.0,0.0,0.0,0.0,0.0,0.0,0.0,0.0,0.0,0.0,0.0,0.0,0.0,0.0,0.0,0.0,0.0,0.0,0.0,0.0,0.0,0.0,0.0,0.0,0.0,0.0,0.0,0.0,0.0,0.0,0.0,0.0,0.0,0.0,0.0,0.0,0.0,0.0,0.0,0.0,0.0,0.0,0.0,0.0,0.0,0.0,0.0,0.0,0.0,0.0,0.0,0.0,0.0,0.0,0.0,0.0,0.0,0.0,0.0,0.0,0.0,0.0,0.0,0.0,0.0,0.0,0.0,0.0,0.0,0.0,0.0,0.0,0.0,0.0,0.0,0.0,0.0,0.0,0.0,0.0,0.0,0.0,0.0,0.0,0.0,0.0,0.0,0.0,0.0,0.0,0.0,0.0,0.0,0.0,0.0,0.0,0.0,0.0,0.0,0.0,0.0,0.0,0.0,0.0,0.0,0.0,0.0,0.0,0.0,0.0,0.0,0.0,0.0,0.0,0.0,0.0,0.0,0.0,0.0,0.0,0.0,0.0,0.0,0.0,0.0,0.0,0.0,0.0,0.0,0.0,0.0,0.0,0.0,0.0,0.0,0.0,0.0,0.0,0.0,0.0,0.0,0.0,0.0,0.0,0.0,0.0,0.0,0.0,0.0,0.0,0.0,0.0,0.0,0.0,0.0,0.0
5203,0.0,0.0,0.0,0.0,0.0,0.0,0.0,0.0,0.0,0.8655596375465393,0.0,0.0,0.0,0.0,0.0,0.0,0.0,0.0,0.0,0.0,0.0,0.0,0.0,0.20748506486415863,0.0,1.038912296295166,0.0,0.4196842610836029,0.0,0.0,0.0,0.0,0.0,0.0,0.0,0.6944217085838318,0.0,0.0,0.0,0.0,0.0,0.18148106336593628,0.0,0.07548654079437256,0.0,0.0,0.0,0.0,0.0,0.0,0.0,0.0,0.0,0.0,0.0,0.0,0.0,0.0,0.0,0.0,0.0,0.0,0.0,0.0,0.0,0.0,0.0,0.0,0.0,0.0,0.0,0.0,0.0,0.0,0.0,0.0,0.0,0.0,0.0,0.0,0.0,0.0,0.0,0.0,0.0,0.0,0.0,0.0,0.0,0.0,0.0,0.16993854939937592,0.0,0.0,0.0,0.0,0.0,0.0,0.0,0.0,0.0,0.0,0.0,0.0,0.0,0.0,0.0,0.0,0.0,0.0,0.0,0.0,0.0,0.0,0.0,0.0,0.0,0.0,0.0,0.0,0.0,0.0,0.0,0.0,0.0,0.0,0.0,0.0,0.0,0.0,1.1548880338668823,0.0,0.0,0.0,0.0,0.0,0.0,0.0,0.022380534559488297,0.8786193132400513,0.0,0.0,0.0,0.0,0.0,0.0,0.0,0.0,0.0,0.0,0.0,0.0,0.0,0.0,0.0,0.0,0.0,1.1888477802276611,0.0,0.0,0.0,0.0,0.0,0.0,0.18240515887737274,0.0,0.0,3.972503185272217,0.0,0.0,0.0,0.0,0.0,16.144895553588867,0.0,4.259589672088623,0.0,0.0,0.8604609966278076,0.0,0.0,0.0,0.0,0.0,0.0,0.0,0.0,0.0,0.0,0.0,0.0,0.0,0.0,0.0,0.0,0.5086420178413391,0.0,0.0,0.0,0.0,0.0,0.0,0.0,0.0,0.0,0.0,0.0,0.0,0.0,0.0,0.0,0.0,0.0,0.0,0.0,0.0,0.0,0.0,0.0,0.0,0.0,0.0,0.0,0.0,0.0,0.0,0.0,0.0,0.0,0.0,0.0,0.0,0.0,0.0,0.0,0.0,0.0,0.0,0.0,0.41982898116111755,0.0,0.0,0.0,0.0,0.0,0.0,0.0,0.0,0.27753356099128723,1.2784837484359741,0.0,0.23175103962421417,0.0,0.0,0.0,0.0,0.0,0.0,0.0,0.0,0.0,0.0,0.0,0.0,0.0,0.0,0.0,0.0,0.0,0.0,0.0,0.0,0.0,0.0,0.0,0.0,0.0,0.0,0.0,0.0,0.0,0.0,0.0,0.0,0.0,0.0,0.0,0.0,0.0,0.0,0.0,0.0,0.0,0.0,0.0,0.0,0.0,0.0,0.0,0.0,0.0,0.0,0.0,0.0,0.0,0.0,0.0,0.0,0.0,0.0,0.0,0.0,0.0,0.0,0.0,0.0,0.0,0.0,0.0,0.0,0.0,0.0,0.0,0.0,0.0,0.0,0.0,0.0,0.0,0.0,0.0,0.0,0.0,0.0,0.0,0.0,0.0,0.0,0.0,0.0,0.0,0.0,0.0,0.0,0.0,0.0,0.0,0.0,0.0,0.0,0.0,0.0,0.0,0.0,0.0,0.0,0.0,0.0,0.0,0.0,0.0,0.0,0.0,0.0,0.0,0.0,0.0,0.0,0.0,0.0,0.0,0.0,0.0,0.0,0.0,0.0
5204,0.0,0.0,0.5156942009925842,0.026901308447122574,0.5406951904296875,0.5573875308036804,0.2791878581047058,0.0,0.5406951904296875,2.816171646118164,0.5397683382034302,0.9165071845054626,4.146085739135742,0.0,0.0,0.31272947788238525,0.0,0.0,0.0,0.0,0.0,0.0,0.0,2.7718403339385986,0.0,5.194357395172119,0.5508084893226624,1.3497521877288818,0.0,0.17999409139156342,0.0,0.010666280053555965,0.0,0.0,0.0,9.177716255187988,0.0,0.0,0.0,0.21005746722221375,0.30894672870635986,3.709352493286133,0.0,1.7533947229385376,0.35379183292388916,0.0,0.0,0.0,0.0,0.5754342675209045,0.0,0.3588222861289978,0.45814475417137146,0.0,0.0,0.0,0.0,0.0,0.0,0.0,0.0,0.0,0.0,0.0,0.2964840233325958,0.0,0.0,0.0,0.0,0.0,3.760831594467163,1.3929468393325806,3.760831594467163,0.0,0.0,0.0,0.0,0.0,0.0,0.0,0.0,0.0,0.0,0.0,0.0,0.0,0.0,0.0,0.0,0.0,0.0,1.9885629415512085,0.0,0.0,0.1359400451183319,0.0,0.0,0.1835005283355713,0.0,0.0,0.14834748208522797,0.0,0.0,0.0,1.2060132026672363,1.2060132026672363,0.0,0.0,4.691211223602295,0.0,0.0,0.044842060655355453,0.0,0.0,0.0,0.0,0.0,0.0,0.0,0.0,0.7039847373962402,0.0,0.0,0.8973684906959534,0.0,0.0,0.0,0.0,0.0,0.0,8.583786964416504,2.545501708984375,0.0,0.0,0.0,0.0,0.0,0.16441385447978973,0.20507623255252838,16.088573455810547,0.0,0.0,0.0,0.4302304983139038,0.0,6.631573677062988,0.5877828001976013,0.0,3.449589252471924,2.1139440536499023,0.0,0.0,1.175331473350525,0.0,0.0,5.691986560821533,0.0,119.51111602783203,0.0,0.0,13.053716659545898,0.0,5.536557197570801,0.0,7.908787727355957,0.0,0.0,23.162321090698242,0.0,5.206228256225586,0.0,0.0,0.0,11.119071006774902,3.268203020095825,27.716907501220703,0.0,0.8604609966278076,73.90086364746094,0.0,0.0,0.0,0.26762810349464417,0.0,0.26762810349464417,0.0,0.0,0.14098282158374786,0.11944472789764404,0.0,0.0,0.0,0.0,0.20835496485233307,0.0,0.8804853558540344,0.0,0.1945725977420807,0.0,0.0,0.0,0.0,0.0,0.0,0.0,0.0,0.0,0.0,2.9184420108795166,0.0,0.0,0.0,0.0,0.0,0.0,0.0,26.247364044189453,0.0,0.0,0.0,0.0,0.0,0.0,0.0,0.0,0.0,0.0,0.0,0.0,0.0,0.0,0.0,0.07308084517717361,0.0,0.0,0.23309747874736786,0.0,0.0,0.0,6.168697834014893,0.26658234000205994,0.0,0.0,0.0,0.0,0.0,0.0,0.0,0.8434962630271912,3.6113831996917725,0.3713996112346649,2.2555019855499268,0.0,0.0,0.0614418163895607,0.0,0.0,2.0643320083618164,0.39971235394477844,0.0,0.0,0.0,0.0,0.0,0.0,0.0,0.0,0.0,0.0,0.0,0.0,0.0,0.0,0.0,0.0,0.0,0.0,0.0,0.0,0.0,0.0,0.0,0.0,0.0,0.0,0.0,0.0,0.0,0.0,0.0,0.0,0.0,0.0,0.0,0.0,0.0,0.0,0.0,0.0,0.0,0.0,0.0,0.0,0.0,0.0,0.0,0.0,0.0,0.0,0.0,0.0,0.0,0.0,0.0,0.0,0.0,0.0,0.0,0.0,0.0,0.0,0.0,0.0,0.0,0.0,0.0,0.0,0.0,0.0,0.0,0.0,0.0,0.0,0.0,0.0,0.0,0.0,0.0,0.0,0.0,0.0,0.0,0.0,0.0,0.0,0.0,0.0,0.0,0.0,0.0,0.0,0.0,0.0,0.0,0.0,0.0,0.0,0.0,0.0,0.0,0.0,0.0,0.0,0.0,0.0,0.0,0.0,0.0,0.0,0.0,0.0,0.0,0.0,0.0,0.0,0.0
5205,0.0,0.0,0.0,0.0,0.0,0.0,0.0,0.0,0.0,0.0,0.0,0.0,0.0,0.0,0.0,0.0,0.0,0.0,0.0,0.0,0.0,0.0,0.0,0.0,0.0,0.0,0.0,0.0,0.0,0.0,0.0,0.0,0.0,0.0,0.0,0.0,0.0,0.0,0.0,0.0,0.0,0.0,0.0,0.0,0.0,0.0,0.0,0.0,0.0,0.0,0.0,0.0,0.0,0.0,0.0,0.0,0.0,0.0,0.0,0.0,0.0,0.0,0.0,0.0,0.0,0.0,0.0,0.0,0.0,0.0,0.0,0.0,0.0,0.0,0.0,0.0,0.0,0.0,0.0,0.0,0.0,0.0,0.0,0.0,0.0,0.0,0.0,0.0,0.0,0.0,0.0,0.0,0.0,0.0,0.0,0.0,0.0,0.0,0.0,0.0,0.0,0.0,0.0,0.0,0.0,0.0,0.0,0.0,0.0,0.0,0.0,0.0,0.0,0.0,0.0,0.0,0.0,0.0,0.0,0.0,0.0,0.0,0.0,0.0,0.0,0.0,0.0,0.0,0.0,0.0,0.0,0.0,0.0,0.0,0.0,0.0,0.0,0.0,0.0,0.0,0.0,0.0,0.0,0.0,0.0,0.0,0.0,0.0,0.0,0.0,0.0,0.0,0.0,0.0,0.0,0.0,0.0,0.0,0.0,0.0,0.0,0.0,0.0,0.0,0.0,0.0,0.0,0.0,0.0,0.0,0.0,0.0,0.0,0.0,0.0,0.0,0.0,0.0,0.0,0.0,0.0,0.0,0.0,0.0,0.0,0.0,0.0,0.0,0.0,0.0,0.0,0.0,0.0,0.0,0.0,0.0,0.0,0.0,0.0,0.0,0.0,0.0,0.0,0.0,0.0,0.0,0.0,0.0,0.0,0.0,0.0,0.0,0.0,0.0,0.0,0.0,0.0,0.0,0.0,0.0,0.0,0.0,0.0,0.0,0.0,0.0,0.0,0.0,0.0,0.0,0.0,0.0,0.0,0.0,0.0,0.0,0.0,0.0,0.0,0.0,0.0,0.0,0.0,0.0,0.0,0.0,0.0,0.0,0.0,0.0,0.0,0.0,0.0,0.0,0.0,0.0,0.0,0.0,0.0,0.0,0.0,0.0,0.0,0.0,0.0,0.0,0.0,0.0,0.0,0.0,0.0,0.0,0.0,0.0,0.0,0.0,0.0,0.0,0.0,0.0,0.0,0.0,0.0,0.0,0.0,0.0,0.0,0.0,0.0,0.0,0.0,0.0,0.0,0.0,0.0,0.0,0.0,0.0,0.0,0.0,0.0,0.0,0.0,0.0,0.0,0.0,0.0,0.0,0.0,0.0,0.0,0.0,0.0,0.0,0.0,0.0,0.0,0.0,0.0,0.0,0.0,0.0,0.0,0.0,0.0,0.0,0.0,0.0,0.0,0.0,0.0,0.0,0.0,0.0,0.0,0.0,0.0,0.0,0.0,0.0,0.0,0.0,0.0,0.0,0.0,0.0,0.0,0.0,0.0,0.0,0.0,0.0,0.0,0.0,0.0,0.0,0.0,0.0,0.0,0.0,0.0,0.0,0.0,0.0,0.0,0.0,0.0,0.0,0.0,0.0,0.0,0.0,0.0,0.0,0.0,0.0
5206,0.0,0.0,0.0,0.0,0.0,0.0,0.0,0.0,0.0,0.0,0.0,0.0,0.0,0.0,0.0,0.0,0.0,0.0,0.0,0.0,0.0,0.0,0.0,0.0,0.0,0.0,0.0,0.0,0.0,0.0,0.0,0.0,0.0,0.0,0.0,0.0,0.0,0.0,0.0,0.0,0.0,0.0,0.0,0.0,0.0,0.0,0.0,0.0,0.0,0.0,0.0,0.0,0.0,0.0,0.0,0.0,0.0,0.0,0.0,0.0,0.0,0.0,0.0,0.0,0.0,0.0,0.0,0.0,0.0,0.0,0.0,0.0,0.0,0.0,0.0,0.0,0.0,0.0,0.0,0.0,0.0,0.0,0.0,0.0,0.0,0.0,0.0,0.0,0.0,0.0,0.0,0.0,0.0,0.0,0.0,0.0,0.0,0.0,0.0,0.0,0.0,0.0,0.0,0.0,0.0,0.0,0.0,0.0,0.0,0.0,0.0,0.0,0.0,0.0,0.0,0.0,0.0,0.0,0.0,0.0,0.0,0.0,0.0,0.0,0.0,0.0,0.0,0.0,0.0,0.0,0.0,0.0,0.0,0.0,0.0,0.0,0.0,0.0,0.0,0.0,0.0,0.0,0.0,0.0,0.0,0.0,0.0,0.0,0.0,0.0,0.0,0.0,0.0,0.0,0.0,0.0,0.0,0.0,0.0,0.0,0.0,0.0,0.0,0.0,0.0,0.0,0.0,0.0,0.0,0.0,0.0,0.0,0.0,0.0,0.0,0.0,0.0,0.0,0.0,0.0,0.0,0.0,0.0,0.0,0.0,0.0,0.0,0.0,0.0,0.0,0.0,0.0,0.0,0.0,0.0,0.0,0.0,0.0,0.0,0.0,0.0,0.0,0.0,0.0,0.0,0.0,0.0,0.0,0.0,0.0,0.0,0.0,0.0,0.0,0.0,0.0,0.0,0.0,0.0,0.0,0.0,0.0,0.0,0.0,0.0,0.0,0.0,0.0,0.0,0.0,0.0,0.0,0.0,0.0,0.0,0.0,0.0,0.0,0.0,0.0,0.0,0.0,0.0,0.0,0.0,0.0,0.0,0.0,0.0,0.0,0.0,0.0,0.0,0.0,0.0,0.0,0.0,0.0,0.0,0.0,0.0,0.0,0.0,0.0,0.0,0.0,0.0,0.0,0.0,0.0,0.0,0.0,0.0,0.0,0.0,0.0,0.0,0.0,0.0,0.0,0.0,0.0,0.0,0.0,0.0,0.0,0.0,0.0,0.0,0.0,0.0,0.0,0.0,0.0,0.0,0.0,0.0,0.0,0.0,0.0,0.0,0.0,0.0,0.0,0.0,0.0,0.0,0.0,0.0,0.0,0.0,0.0,0.0,0.0,0.0,0.0,0.0,0.0,0.0,0.0,0.0,0.0,0.0,0.0,0.0,0.0,0.0,0.0,0.0,0.0,0.0,0.0,0.0,0.0,0.0,0.0,0.0,0.0,0.0,0.0,0.0,0.0,0.0,0.0,0.0,0.0,0.0,0.0,0.0,0.0,0.0,0.0,0.0,0.0,0.0,0.0,0.0,0.0,0.0,0.0,0.0,0.0,0.0,0.0,0.0,0.0,0.0,0.0,0.0,0.0,0.0,0.0,0.0,0.0,0.0,0.0
5207,0.0,0.0,0.0,0.0,0.0,0.0,0.0,0.0,0.0,0.0,0.0,0.0,0.0,0.0,0.0,0.0,0.0,0.0,0.0,0.0,0.0,0.0,0.0,0.0,0.0,0.0,0.0,0.0,0.0,0.0,0.0,0.0,0.0,0.0,0.0,0.0,0.0,0.0,0.0,0.0,0.0,0.0,0.0,0.0,0.0,0.0,0.0,0.0,0.0,0.0,0.0,0.0,0.0,0.0,0.0,0.0,0.0,0.0,0.0,0.0,0.0,0.0,0.0,0.0,0.0,0.0,0.0,0.0,0.0,0.0,0.0,0.0,0.0,0.0,0.0,0.0,0.0,0.0,0.0,0.0,0.0,0.0,0.0,0.0,0.0,0.0,0.0,0.0,0.0,0.0,0.0,0.0,0.0,0.0,0.0,0.0,0.0,0.0,0.0,0.0,0.0,0.0,0.0,0.0,0.0,0.0,0.0,0.0,0.0,0.0,0.0,0.0,0.0,0.0,0.0,0.0,0.0,0.0,0.0,0.0,0.0,0.0,0.0,0.0,0.0,0.0,0.0,0.0,0.0,0.0,0.0,0.0,0.0,0.0,0.0,0.0,0.0,0.0,0.0,0.0,0.0,0.0,0.0,0.0,0.0,0.0,0.0,0.0,0.0,0.0,0.0,0.0,0.0,0.0,0.0,0.0,0.0,0.0,0.0,0.0,0.0,0.0,0.0,0.0,0.0,0.0,0.0,0.0,0.0,0.0,0.0,0.0,0.0,0.0,0.0,0.0,0.0,0.0,0.0,0.0,0.0,0.0,0.0,0.0,0.0,0.0,0.0,0.0,0.0,0.0,0.0,0.0,0.0,0.0,0.0,0.0,0.0,0.0,0.0,0.0,0.0,0.0,0.0,0.0,0.0,0.0,0.0,0.0,0.0,0.0,0.0,0.0,0.0,0.0,0.0,0.0,0.0,0.0,0.0,0.0,0.0,0.0,0.0,0.0,0.0,0.0,0.0,0.0,0.0,0.0,0.0,0.0,0.0,0.0,0.0,0.0,0.0,0.0,0.0,0.0,0.0,0.0,0.0,0.0,0.0,0.0,0.0,0.0,0.0,0.0,0.0,0.0,0.0,0.0,0.0,0.0,0.0,0.0,0.0,0.0,0.0,0.0,0.0,0.0,0.0,0.0,0.0,0.0,0.0,0.0,0.0,0.0,0.0,0.0,0.0,0.0,0.0,0.0,0.0,0.0,0.0,0.0,0.0,0.0,0.0,0.0,0.0,0.0,0.0,0.0,0.0,0.0,0.0,0.0,0.0,0.0,0.0,0.0,0.0,0.0,0.0,0.0,0.0,0.0,0.0,0.0,0.0,0.0,0.0,0.0,0.0,0.0,0.0,0.0,0.0,0.0,0.0,0.0,0.0,0.0,0.0,0.0,0.0,0.0,0.0,0.0,0.0,0.0,0.0,0.0,0.0,0.0,0.0,0.0,0.0,0.0,0.0,0.0,0.0,0.0,0.0,0.0,0.0,0.0,0.0,0.0,0.0,0.0,0.0,0.0,0.0,0.0,0.0,0.0,0.0,0.0,0.0,0.0,0.0,0.0,0.0,0.0,0.0,0.0,0.0,0.0,0.0,0.0,0.0,0.0,0.0,0.0,0.0,0.0,0.0,0.0
5208,0.0,0.0,2.620269536972046,1.0254888534545898,5.947505950927734,1.1961333751678467,2.9103379249572754,0.44422534108161926,2.348881244659424,2.419884443283081,1.213870644569397,3.0794413089752197,1.1792386770248413,0.0,0.15875396132469177,0.23501873016357422,0.0,0.05542374402284622,0.0,0.0,0.5533488988876343,0.0805184468626976,0.0,1.9467273950576782,0.6417909264564514,15.322212219238281,2.4788382053375244,6.956986904144287,0.0,1.4813451766967773,0.0,1.3379545211791992,0.0,0.0,0.0,0.799163281917572,0.0,0.0,0.0,0.16268286108970642,0.07485553622245789,0.36321061849594116,0.0,1.108993649482727,0.18147841095924377,0.0,0.0,0.13524296879768372,0.0,1.7617892026901245,0.8871331214904785,2.407604932785034,0.6301106214523315,0.0,0.0,0.0,0.0,0.0,0.0,0.0,0.0,0.0,0.0,0.0702340304851532,0.14531411230564117,0.0,0.08749106526374817,0.08053816854953766,0.0,0.07985801249742508,0.11271275579929352,0.20007334649562836,0.22071322798728943,0.0,0.0,5.860340595245361,0.0,0.0,7.871084690093994,1.1234980821609497,0.5581691265106201,0.0,0.17411039769649506,1.6094094514846802,0.0,0.0,0.0,0.029349982738494873,3.0578408241271973,0.0,0.5865757465362549,14.71502685546875,9.604400634765625,0.3582425117492676,1.4188542366027832,0.0,1.3813635110855103,10.26203727722168,2.2179698944091797,0.7821735143661499,69.13321685791016,0.08249504119157791,0.0,0.0,3.1770644187927246,4.242726802825928,1.5007878541946411,1.0929293632507324,14.627800941467285,0.0,0.0,5.008525848388672,0.0,0.0,59.840091705322266,67.62545776367188,0.23585064709186554,1.7360351085662842,10.405315399169922,0.0,36.27436447143555,8.927299499511719,198.6644287109375,35.994449615478516,27.31648063659668,75.08040618896484,0.0,0.0,0.0,0.0,1.5548261404037476,0.7078006863594055,0.0,0.0,0.0,0.0,0.0,0.12548331916332245,0.9441959261894226,3.361333131790161,0.026941733434796333,0.3373097777366638,0.0,0.8548886179924011,0.0,0.6514785885810852,0.05226602405309677,0.05718212202191353,0.6522699594497681,0.05061504244804382,0.0,0.0,0.2479233592748642,0.0,0.0,0.02810891717672348,0.0,1.3066539764404297,0.0,0.0,0.3404713571071625,0.0,0.0,0.0,0.9951369762420654,0.0,0.0,1.4986600875854492,0.0,0.0,0.0,0.0,0.0,25.64085578918457,0.0,1.2713474035263062,0.0,0.0,0.26762810349464417,0.0,0.0,0.0,162.98800659179688,13.246452331542969,167.11666870117188,0.0,0.0,6.635134220123291,24.975740432739258,0.0,0.0,0.0,32.1044807434082,33.50387954711914,0.0,53.73626708984375,0.0,23.58152961730957,11.237882614135742,9.840490341186523,9.840490341186523,0.0,0.0,0.661404550075531,3.907102584838867,0.0,0.661404550075531,0.0,34.05924987792969,0.0,0.0,0.0,11.329390525817871,0.0,0.0,0.0,188.75933837890625,0.0,0.0,0.0,0.0,0.0,0.0,0.0,0.0,0.0,0.0,0.0,0.0,0.0,22.452531814575195,0.0,4.459830284118652,0.0,0.0,158.15870666503906,0.0,0.0,0.0,137.58392333984375,13.203409194946289,0.0,8.606632232666016,7.053456783294678,0.0,0.0,0.0,0.0,26.959545135498047,44.8956184387207,4.821298599243164,29.276185989379883,0.0,0.5634601712226868,0.12718607485294342,0.0,7.053456783294678,0.0,2.8665003776550293,0.0,0.0,0.0,8.959674835205078,0.0,0.0,0.0,0.0,0.0,0.0,0.0,0.0,0.0,0.0,0.0,0.0,0.0,0.0,0.0,0.0,0.0,0.0,0.0,0.0,0.0,0.0,0.0,0.0,0.0,0.0,0.0,0.0,0.0,0.0,0.0,0.0,0.0,0.0,0.0,0.0,0.0,0.0,0.0,0.0,0.0,0.0,0.0,0.0,0.0,0.0,0.0,0.0,0.0,0.0,0.0,0.0,0.0,0.0,0.0,0.0,0.0,0.0,0.0,0.0,0.0,0.0,0.0,0.0,0.0,0.0,0.0,0.0,0.0,0.0,0.0,0.0,0.0,0.0,0.0,0.0,0.0,0.0,0.0,0.0,0.0,0.0,0.0,0.0,0.0,0.0,0.0,0.0,0.0,0.0,0.0,0.0,0.0,0.0,0.0,0.0,0.0,0.0,0.0,0.0,0.0,0.0,0.0,0.0,0.0,0.0,0.0,0.0,0.0,0.0,0.0,0.0,0.0
5209,0.0,0.0,0.0,0.0,0.4519108533859253,0.0805184468626976,0.15875396132469177,0.0,0.15875396132469177,0.30658286809921265,0.0,0.0,0.06595063209533691,0.0,0.0,0.0,0.0,0.0,0.0,0.0,0.0,0.0,0.0,0.12630987167358398,0.0,1.1439096927642822,0.0,0.4519108533859253,0.0,0.0,0.0,0.0,0.0,0.0,0.0,0.09426318854093552,0.0,0.0,0.0,0.0,0.0,0.0,0.0,0.09476564079523087,0.0,0.0,0.0,0.0,0.0,0.13029004633426666,0.0,0.1994268149137497,0.0,0.0,0.0,0.0,0.0,0.0,0.0,0.0,0.0,0.0,0.0,0.0,0.0,0.0,0.0,0.0,0.0,0.0,0.0,0.0,0.0,0.0,0.0,0.3193570375442505,0.0,0.0,0.5434302091598511,0.08454146981239319,0.047919679433107376,0.0,0.0,0.0,0.0,0.0,0.0,0.0,0.23923729360103607,0.0,0.10253766924142838,1.3952867984771729,0.0,0.0,0.07943287491798401,0.0,0.1483307033777237,0.9569843411445618,0.274099737405777,0.0,5.701371669769287,0.0,0.0,0.0,0.16865754127502441,0.34063684940338135,0.1709623783826828,0.0,1.3650075197219849,0.0,0.0,0.4076790511608124,0.0,0.0,3.9727723598480225,5.264318943023682,0.0,0.0,1.1049673557281494,0.0,2.7779293060302734,1.0043662786483765,25.871198654174805,1.6329096555709839,0.40033265948295593,3.8949167728424072,0.0,0.0,0.0,0.0,0.11656605452299118,0.0,0.0,0.0,0.0,0.0,0.0,0.016518788412213326,0.04426704719662666,0.2685951888561249,0.0,0.0,0.0,0.0,0.0,0.0,0.0,0.0,0.011303156614303589,0.0,0.0,0.0,0.0,0.0,0.0,0.0,0.0,0.15489403903484344,0.0,0.0,0.0,0.0,0.0,0.0,0.13276103138923645,0.0,0.0,0.07708299905061722,0.0,0.0,0.0,0.0,0.0,2.6642873287200928,0.0,0.12339513748884201,0.0,0.0,0.0,0.0,0.0,0.0,13.246452331542969,0.8604609966278076,14.106913566589355,0.0,0.0,0.4049249589443207,2.0643320083618164,0.0,0.0,0.0,2.659412384033203,2.7359211444854736,0.0,1.9308125972747803,0.0,2.0949947834014893,1.0256679058074951,0.8604609966278076,0.8604609966278076,0.0,0.0,0.0,0.14811557531356812,0.0,0.0,0.0,0.9119464755058289,0.0,0.0,0.0,1.4343512058258057,0.0,0.0,0.0,10.303057670593262,0.0,0.0,0.0,0.0,0.0,0.0,0.0,0.0,0.0,0.0,0.0,0.0,0.0,2.1484534740448,0.0,0.0,0.0,0.0,11.889345169067383,0.0,0.0,0.0,13.203409194946289,0.5589808225631714,0.0,1.0430949926376343,0.8604609966278076,0.0,0.0,0.0,0.0,0.0,3.5259907245635986,0.0,2.5623130798339844,0.0,0.0,0.0,0.0,0.8604609966278076,0.0,0.0,0.0,0.0,0.0,0.8139738440513611,0.0,0.0,0.0,0.0,0.0,0.0,0.0,0.0,0.0,0.0,0.0,0.0,0.0,0.0,0.0,0.0,0.0,0.0,0.0,0.0,0.0,0.0,0.0,0.0,0.0,0.0,0.0,0.0,0.0,0.0,0.0,0.0,0.0,0.0,0.0,0.0,0.0,0.0,0.0,0.0,0.0,0.0,0.0,0.0,0.0,0.0,0.0,0.0,0.0,0.0,0.0,0.0,0.0,0.0,0.0,0.0,0.0,0.0,0.0,0.0,0.0,0.0,0.0,0.0,0.0,0.0,0.0,0.0,0.0,0.0,0.0,0.0,0.0,0.0,0.0,0.0,0.0,0.0,0.0,0.0,0.0,0.0,0.0,0.0,0.0,0.0,0.0,0.0,0.0,0.0,0.0,0.0,0.0,0.0,0.0,0.0,0.0,0.0,0.0,0.0,0.0,0.0,0.0,0.0,0.0,0.0,0.0,0.0,0.0,0.0,0.0,0.0,0.0
5210,0.0,0.0,3.0721802711486816,1.0254888534545898,5.947505950927734,1.2766518592834473,2.8890349864959717,0.44422534108161926,2.348881244659424,2.394329786300659,1.213870644569397,3.0794413089752197,1.1536494493484497,0.0,0.15875396132469177,0.23501873016357422,0.0,0.05542374402284622,0.0,0.0,0.5533488988876343,0.0805184468626976,0.0,2.08196759223938,0.6529303193092346,15.322212219238281,2.4788382053375244,6.956986904144287,0.0,1.4586057662963867,0.0,1.3379545211791992,0.0,0.0,0.0,0.8934264779090881,0.0,0.0,0.0,0.16268286108970642,0.07485553622245789,0.36321061849594116,0.0,1.1416255235671997,0.2215651273727417,0.0,0.0,0.13524296879768372,0.0,1.89207923412323,0.8871331214904785,2.407604932785034,0.6301106214523315,0.0,0.0,0.0,0.0,0.0,0.0,0.0,0.0,0.0,0.0,0.0711488276720047,0.14531411230564117,0.0,0.08749106526374817,0.08053816854953766,0.0,0.07985801249742508,0.11271275579929352,0.20007334649562836,0.22071322798728943,0.0,0.0,6.1796979904174805,0.0,0.0,7.871084690093994,13.782188415527344,10.829633712768555,0.0,0.8455783724784851,1.7500357627868652,0.0,0.0,0.0,0.36761367321014404,5.186729907989502,0.0,2.6778275966644287,16.805784225463867,9.604400634765625,0.3582425117492676,1.8346961736679077,0.0,1.5296941995620728,10.65070915222168,2.644235134124756,1.0164685249328613,74.99011993408203,0.08698728680610657,0.0,0.0,3.197033643722534,4.242726802825928,1.5007878541946411,1.4554544687271118,17.918893814086914,0.0,0.0,2.561140298843384,0.0,0.0,19.680706024169922,19.549091339111328,0.13883772492408752,1.086063027381897,9.932818412780762,0.0,34.81603240966797,5.326785564422607,50.69464874267578,10.67081069946289,7.214109420776367,22.4472599029541,0.0,0.0,0.0,0.0,1.928229808807373,0.5918180346488953,0.0,0.0,0.0,0.0,0.0,0.12548331916332245,0.4260063171386719,3.351322889328003,0.023804275318980217,0.3373097777366638,0.0,0.8548886179924011,0.0,0.6514785885810852,0.11418487131595612,0.05718212202191353,0.6522699594497681,0.05061504244804382,0.0,0.0,0.2479233592748642,0.0,0.0,0.02810891717672348,0.0,2.8637123107910156,0.0,0.0,0.5617479681968689,0.0,0.2264501452445984,0.0,2.4277760982513428,0.0,0.0,1.3775570392608643,0.0,0.0,0.0,0.0,0.0,72.63261413574219,0.0,2.152935743331909,0.0,0.0,0.26762810349464417,0.0,0.0,0.0,167.11666870117188,14.106913566589355,171.24533081054688,0.0,0.0,6.635134220123291,25.88714027404785,0.0,0.0,0.0,32.22197723388672,34.51072311401367,0.0,81.15018463134766,0.0,23.58152961730957,11.237882614135742,9.840490341186523,9.840490341186523,0.0,0.0,0.3145619332790375,2.077544689178467,0.0,0.3145619332790375,0.0,12.332640647888184,0.0,0.0,0.0,6.6202006340026855,0.0,0.0,0.0,127.92045593261719,0.0,0.0,0.0,0.0,0.0,0.0,0.0,0.0,0.0,0.0,0.0,0.0,0.0,22.452531814575195,0.0,4.459830284118652,0.0,0.0,145.6046600341797,0.0,0.0,0.0,144.27056884765625,13.203409194946289,0.0,8.913427352905273,7.345927715301514,0.0,0.0,0.0,0.0,26.959545135498047,44.8956184387207,5.504371166229248,30.982158660888672,0.0,1.5378338098526,0.12718607485294342,0.0,7.345927715301514,0.0,3.1335599422454834,0.0,0.0,0.0,9.129316329956055,0.0,0.0,0.0,0.0,0.0,0.0,0.0,0.0,0.0,0.0,0.0,0.0,0.0,0.0,0.0,0.0,0.0,0.0,0.0,0.0,0.0,0.0,0.0,0.0,0.0,0.0,0.0,0.0,0.0,0.0,0.0,0.0,0.0,0.0,0.0,0.0,0.0,0.0,0.0,0.0,0.0,0.0,0.0,0.0,0.0,0.0,0.0,0.0,0.0,0.0,0.0,0.0,0.0,0.0,0.0,0.0,0.0,0.0,0.0,0.0,0.0,0.0,0.0,0.0,0.0,0.0,0.0,0.0,0.0,0.0,0.0,0.0,0.0,0.0,0.0,0.0,0.0,0.0,0.0,0.0,0.0,0.0,0.0,0.0,0.0,0.0,0.0,0.0,0.0,0.0,0.0,0.0,0.0,0.0,0.0,0.0,0.0,0.0,0.0,0.0,0.0,0.0,0.0,0.0,0.0,0.0,0.0,0.0,0.0,0.0,0.0,0.0,0.0
5211,0.0,0.0,0.0,0.0,0.0,0.0,0.0,0.0,0.0,0.0,0.0,0.0,0.0,0.0,0.0,0.0,0.0,0.0,0.0,0.0,0.0,0.0,0.0,0.0,0.0,0.0,0.0,0.0,0.0,0.0,0.0,0.0,0.0,0.0,0.0,0.0,0.0,0.0,0.0,0.0,0.0,0.0,0.0,0.0,0.0,0.0,0.0,0.0,0.0,0.0,0.0,0.0,0.0,0.0,0.0,0.0,0.0,0.0,0.0,0.0,0.0,0.0,0.0,0.0,0.0,0.0,0.0,0.0,0.0,0.0,0.0,0.0,0.0,0.0,0.0,0.0,0.0,0.0,0.0,0.0,0.0,0.0,0.0,0.0,0.0,0.0,0.0,0.0,0.0,0.0,0.0,0.0,0.0,0.0,0.0,0.0,0.0,0.0,0.0,0.0,0.0,0.0,0.0,0.0,0.0,0.0,0.0,0.0,0.0,0.0,0.0,0.0,0.0,0.0,0.0,0.0,0.0,0.0,0.0,0.0,0.0,0.0,0.0,0.0,0.0,0.0,0.0,0.0,0.0,0.0,0.0,0.0,0.0,0.0,0.0,0.0,0.0,0.0,0.0,0.0,0.0,0.0,0.0,0.0,0.0,0.0,0.0,0.0,0.0,0.0,0.0,0.0,0.0,0.0,0.0,0.0,0.0,0.0,0.0,0.0,0.0,0.0,0.0,0.0,0.0,0.0,0.0,0.0,0.0,0.0,0.0,0.0,0.0,0.0,0.0,0.0,0.0,0.0,0.0,0.0,0.0,0.0,0.0,0.0,0.0,0.0,0.0,0.0,0.0,0.0,0.0,0.0,0.0,0.0,0.0,0.0,0.0,0.0,0.0,0.0,0.0,0.0,0.0,0.0,0.0,0.0,0.0,0.0,0.0,0.0,0.0,0.0,0.0,0.0,0.0,0.0,0.0,0.0,0.0,0.0,0.0,0.0,0.0,0.0,0.0,0.0,0.0,0.0,0.0,0.0,0.0,0.0,0.0,0.0,0.0,0.0,0.0,0.0,0.0,0.0,0.0,0.0,0.0,0.0,0.0,0.0,0.0,0.0,0.0,0.0,0.0,0.0,0.0,0.0,0.0,0.0,0.0,0.0,0.0,0.0,0.0,0.0,0.0,0.0,0.0,0.0,0.0,0.0,0.0,0.0,0.0,0.0,0.0,0.0,0.0,0.0,0.0,0.0,0.0,0.0,0.0,0.0,0.0,0.0,0.0,0.0,0.0,0.0,0.0,0.0,0.0,0.0,0.0,0.0,0.0,0.0,0.0,0.0,0.0,0.0,0.0,0.0,0.0,0.0,0.0,0.0,0.0,0.0,0.0,0.0,0.0,0.0,0.0,0.0,0.0,0.0,0.0,0.0,0.0,0.0,0.0,0.0,0.0,0.0,0.0,0.0,0.0,0.0,0.0,0.0,0.0,0.0,0.0,0.0,0.0,0.0,0.0,0.0,0.0,0.0,0.0,0.0,0.0,0.0,0.0,0.0,0.0,0.0,0.0,0.0,0.0,0.0,0.0,0.0,0.0,0.0,0.0,0.0,0.0,0.0,0.0,0.0,0.0,0.0,0.0,0.0,0.0,0.0,0.0,0.0,0.0,0.0,0.0,0.0,0.0,0.0
5212,0.0,0.0,0.0,0.0,0.0,0.0,0.0,0.0,0.0,0.0,0.0,0.0,0.0,0.0,0.0,0.0,0.0,0.0,0.0,0.0,0.0,0.0,0.0,0.0,0.0,0.0,0.0,0.0,0.0,0.0,0.0,0.0,0.0,0.0,0.0,0.0,0.0,0.0,0.0,0.0,0.0,0.0,0.0,0.0,0.0,0.0,0.0,0.0,0.0,0.0,0.0,0.0,0.0,0.0,0.0,0.0,0.0,0.0,0.0,0.0,0.0,0.0,0.0,0.0,0.0,0.0,0.0,0.0,0.0,0.0,0.0,0.0,0.0,0.0,0.0,0.0,0.0,0.0,0.0,0.0,0.0,0.0,0.0,0.0,0.0,0.0,0.0,0.0,0.0,0.0,0.0,0.0,0.0,0.0,0.0,0.0,0.0,0.0,0.0,0.0,0.0,0.0,0.0,0.0,0.0,0.0,0.0,0.0,0.0,0.0,0.0,0.0,0.0,0.0,0.0,0.0,0.0,0.0,0.0,0.0,0.0,0.0,0.0,0.0,0.0,0.0,0.0,0.0,0.0,0.0,0.0,0.0,0.0,0.0,0.0,0.0,0.0,0.0,0.0,0.0,0.0,0.0,0.0,0.0,0.0,0.0,0.0,0.0,0.0,0.0,0.0,0.0,0.0,0.0,0.0,0.0,0.0,0.0,0.0,0.0,0.0,0.0,0.0,0.0,0.0,0.0,0.0,0.0,0.0,0.0,0.0,0.0,0.0,0.0,0.0,0.0,0.0,0.0,0.0,0.0,0.0,0.0,0.0,0.0,0.0,0.0,0.0,0.0,0.0,0.0,0.0,0.0,0.0,0.0,0.0,0.0,0.0,0.0,0.0,0.0,0.0,0.0,0.0,0.0,0.0,0.0,0.0,0.0,0.0,0.0,0.0,0.0,0.0,0.0,0.0,0.0,0.0,0.0,0.0,0.0,0.0,0.0,0.0,0.0,0.0,0.0,0.0,0.0,0.0,0.0,0.0,0.0,0.0,0.0,0.0,0.0,0.0,0.0,0.0,0.0,0.0,0.0,0.0,0.0,0.0,0.0,0.0,0.0,0.0,0.0,0.0,0.0,0.0,0.0,0.0,0.0,0.0,0.0,0.0,0.0,0.0,0.0,0.0,0.0,0.0,0.0,0.0,0.0,0.0,0.0,0.0,0.0,0.0,0.0,0.0,0.0,0.0,0.0,0.0,0.0,0.0,0.0,0.0,0.0,0.0,0.0,0.0,0.0,0.0,0.0,0.0,0.0,0.0,0.0,0.0,0.0,0.0,0.0,0.0,0.0,0.0,0.0,0.0,0.0,0.0,0.0,0.0,0.0,0.0,0.0,0.0,0.0,0.0,0.0,0.0,0.0,0.0,0.0,0.0,0.0,0.0,0.0,0.0,0.0,0.0,0.0,0.0,0.0,0.0,0.0,0.0,0.0,0.0,0.0,0.0,0.0,0.0,0.0,0.0,0.0,0.0,0.0,0.0,0.0,0.0,0.0,0.0,0.0,0.0,0.0,0.0,0.0,0.0,0.0,0.0,0.0,0.0,0.0,0.0,0.0,0.0,0.0,0.0,0.0,0.0,0.0,0.0,0.0,0.0,0.0,0.0,0.0,0.0,0.0,0.0,0.0
5213,0.0,0.0,0.4302304983139038,1.6636192798614502,3.47060489654541,3.2858123779296875,4.743441581726074,0.9009566307067871,3.689720869064331,8.495436668395996,1.4235223531723022,1.476738452911377,3.4125070571899414,0.0,0.29424646496772766,0.6895046830177307,0.0,0.05160282179713249,0.0,0.0,0.0,0.0,0.0,0.5082200765609741,0.48898398876190186,3.5946710109710693,1.1769903898239136,1.1566985845565796,0.0,0.0,0.0,0.0,0.0,0.0,0.0,0.5088582634925842,0.0,0.0,0.0,0.38724446296691895,0.2433164268732071,1.083681344985962,0.0,4.780892372131348,0.18350107967853546,0.0,0.0,0.0,0.0,2.493985891342163,0.7907658219337463,1.1753672361373901,0.6415840983390808,0.0,0.0,0.0,0.0,0.0,0.0,0.0,0.0,0.0,0.0,0.5251122117042542,0.04302540048956871,0.0,1.0487922430038452,0.8120232820510864,0.0,1.526342511177063,0.044969942420721054,0.06123487651348114,0.04340805858373642,0.0,0.0,0.4918762445449829,0.0,0.0,0.14926204085350037,0.1452282816171646,0.0703568086028099,0.0,0.03264745697379112,0.017802124843001366,0.0,0.0,0.0,0.0,0.06761603057384491,0.0,0.024934042245149612,7.347078800201416,1.4493608474731445,0.08241891860961914,0.20576460659503937,0.0,2.209894895553589,26.63141632080078,4.23945426940918,2.542477607727051,75.39866638183594,0.0,0.0,0.0,0.09072722494602203,0.19913485646247864,0.04616659879684448,0.5935381650924683,5.377250671386719,0.0,0.0,0.8270470499992371,0.0,0.0,1.771088719367981,2.5717883110046387,0.018215304240584373,0.08377020061016083,2.018395185470581,0.0,3.761528968811035,1.0069057941436768,15.340518951416016,0.7639653086662292,0.5167660117149353,2.009549617767334,0.0,0.0,0.0,0.0,3.254288911819458,0.8698855638504028,0.0,0.0,0.0,0.0,0.0,0.2738553583621979,0.9712306261062622,5.917726039886475,0.13535667955875397,0.20733626186847687,0.0,0.0,0.11578834056854248,1.630507230758667,0.7341861724853516,0.19081301987171173,1.5075061321258545,0.15597286820411682,0.0,0.0,1.160864233970642,0.0,0.0,0.5502171516418457,0.0,1.093042254447937,0.0,0.0,0.27383953332901,0.0,0.0,0.0,0.547267735004425,0.0,0.0,0.9984979033470154,0.0,0.0,0.0,0.0,0.0,2.8760740756988525,0.0,1.1491864919662476,0.0,0.0,0.14098282158374786,0.0,0.0,0.0,6.635134220123291,0.4049249589443207,6.635134220123291,0.0,0.0,3.268203020095825,12.272699356079102,0.0,0.0,0.0,0.8394192457199097,5.184164047241211,0.0,1.8526461124420166,0.0,5.059720039367676,2.5792107582092285,2.468747854232788,2.3478360176086426,0.0,0.0,0.0,0.13634814321994781,0.0,0.0,0.0,0.7914242148399353,0.0,0.0,0.0,0.2983364760875702,0.0,0.0,0.0,0.17360028624534607,0.0,0.0,0.0,0.0,0.0,0.0,0.0,0.0,0.0,0.0,0.0,0.0,0.0,1.3192790746688843,0.0,0.0,0.0,0.0,2.2280588150024414,0.0,0.0,0.0,3.0830142498016357,0.0,0.0,2.0380682945251465,1.94291090965271,0.0,0.0,0.0,0.0,1.0188305377960205,2.9594573974609375,0.44996094703674316,2.9102561473846436,0.0,0.03492315858602524,0.22796347737312317,0.0,1.94291090965271,0.13284464180469513,2.0685157775878906,0.0,0.0,0.0,0.1587112545967102,0.0,0.0,0.0,0.0,0.0,0.0,0.0,0.0,0.0,0.0,0.0,0.0,0.0,0.0,0.0,0.0,0.0,0.0,0.0,0.0,0.0,0.0,0.0,0.0,0.0,0.0,0.0,0.0,0.0,0.0,0.0,0.0,0.0,0.0,0.0,0.0,0.0,0.0,0.0,0.0,0.0,0.0,0.0,0.0,0.0,0.0,0.0,0.0,0.0,0.0,0.0,0.0,0.0,0.0,0.0,0.0,0.0,0.0,0.0,0.0,0.0,0.0,0.0,0.0,0.0,0.0,0.0,0.0,0.0,0.0,0.0,0.0,0.0,0.0,0.0,0.0,0.0,0.0,0.0,0.0,0.0,0.0,0.0,0.0,0.0,0.0,0.0,0.0,0.0,0.0,0.0,0.0,0.0,0.0,0.0,0.0,0.0,0.0,0.0,0.0,0.0,0.0,0.0,0.0,0.0,0.0,0.0,0.0,0.0,0.0,0.0,0.0,0.0
5214,1.8734562397003174,5.415257930755615,0.32318252325057983,5.2209625244140625,4.857353687286377,5.428042888641357,19.112503051757812,3.691654682159424,12.730989456176758,32.89115524291992,5.471362113952637,1.3714840412139893,5.407835483551025,0.04617495462298393,1.8242919445037842,2.808499813079834,0.08281739801168442,0.1294322907924652,0.046255555003881454,0.0,0.2759579122066498,0.3071724474430084,0.0,0.6288228034973145,0.4853760302066803,1.7829464673995972,4.10254430770874,0.8462826013565063,0.0,0.1428312510251999,0.0,0.11405892670154572,0.0,0.0,0.0,0.5646761059761047,0.0,0.0,0.0,0.8610970377922058,0.6402333378791809,1.803493857383728,0.0,15.741578102111816,0.1873175948858261,0.0,0.0,1.2086941003799438,8.057414054870605,3.616687536239624,1.550633192062378,1.9407316446304321,1.6550438404083252,0.0,0.0,0.0,0.0,0.0,0.0,1.473327398300171,0.0,2.464388608932495,0.0,3.2581636905670166,0.14998967945575714,1.8548693656921387,4.932284355163574,4.613147735595703,0.0,7.125022888183594,0.11633936315774918,0.20651084184646606,0.15165835618972778,0.0,0.0,1.1075818538665771,0.0,0.0,0.8534381985664368,5.163890838623047,3.6409108638763428,0.0,0.05234295502305031,0.06464740633964539,0.0,0.0,0.0,0.07403980195522308,0.732563853263855,0.0,0.5539286136627197,28.592971801757812,7.133574485778809,0.3675941228866577,0.6199843287467957,0.0,8.298849105834961,103.9995346069336,19.96270751953125,10.372635841369629,397.1866149902344,0.7187747955322266,0.0,0.0,0.6437146663665771,0.8393945097923279,0.27951106429100037,1.1285456418991089,9.782552719116211,0.0,0.0,2.7787187099456787,0.0,0.0,7.772830963134766,11.39062213897705,0.052361875772476196,0.24080656468868256,6.5999956130981445,0.0,12.934674263000488,3.120373249053955,71.83534240722656,3.081455707550049,2.9552841186523438,7.578615188598633,0.0,0.0,0.0,0.0,1.4377163648605347,0.523001492023468,0.0,0.0,0.0,0.0,0.0,0.18862834572792053,1.0261317491531372,3.2704808712005615,0.16119346022605896,0.3998079001903534,0.0,0.2064809501171112,0.14291022717952728,1.7487860918045044,0.7149692177772522,0.24821949005126953,1.708824634552002,0.2367338389158249,0.0,0.0,1.0202006101608276,0.0,0.0,0.6352717280387878,0.0,0.7403137683868408,0.0,0.0,0.19658739864826202,0.0,0.07151640951633453,0.0,0.32509109377861023,0.0,0.0,0.48372790217399597,0.0,0.013200737535953522,0.0,0.0,0.0,3.5348470211029053,0.0,0.5486340522766113,0.0,0.0,0.11944472789764404,0.0,0.0,0.0,24.975740432739258,2.0643320083618164,25.88714027404785,0.0,0.0,12.272699356079102,58.6579704284668,0.0,0.0,0.0,4.687927722930908,20.64653778076172,0.0,5.853498935699463,0.0,15.844624519348145,9.617219924926758,10.80282974243164,10.80282974243164,0.0,0.0,0.0,0.5406674742698669,0.0,0.0,0.0,3.8970634937286377,0.0,0.0,0.0,0.9099695682525635,0.0,0.0,0.0,7.060659408569336,0.0,0.0,0.0,0.0,0.0,0.0,0.0,0.0,0.0,0.0,0.0,0.0,0.0,4.2051801681518555,0.0,0.0,0.0,0.0,10.495094299316406,0.0,0.0,0.0,12.441707611083984,0.0,0.0,9.328768730163574,8.893208503723145,0.0,0.0,0.0,0.0,4.430955410003662,6.271234512329102,0.7828252911567688,4.7733893394470215,0.0,0.1532525271177292,3.799893617630005,0.0,8.893208503723145,0.16668951511383057,3.3614108562469482,0.0,0.0,0.0,0.5142225623130798,0.0,0.0,0.0,0.0,0.0,0.0,0.0,0.0,0.0,0.0,0.0,0.0,0.0,0.0,0.0,0.0,0.0,0.0,0.0,0.0,0.0,0.0,0.0,0.0,0.0,0.0,0.0,0.0,0.0,0.0,0.0,0.0,0.0,0.0,0.0,0.0,0.0,0.0,0.0,0.0,0.0,0.0,0.0,0.0,0.0,0.0,0.0,0.0,0.0,0.0,0.0,0.0,0.0,0.0,0.0,0.0,0.0,0.0,0.0,0.0,0.0,0.0,0.0,0.0,0.0,0.0,0.0,0.0,0.0,0.0,0.0,0.0,0.0,0.0,0.0,0.0,0.0,0.0,0.0,0.0,0.0,0.0,0.0,0.0,0.0,0.0,0.0,0.0,0.0,0.0,0.0,0.0,0.0,0.0,0.0,0.0,0.0,0.0,0.0,0.0,0.0,0.0,0.0,0.0,0.0,0.0,0.0,0.0,0.0,0.0,0.0,0.0,0.0
5215,0.0,0.0,0.0,0.0,0.0,0.0,0.0,0.0,0.0,0.0,0.0,0.0,0.0,0.0,0.0,0.0,0.0,0.0,0.0,0.0,0.0,0.0,0.0,0.0,0.0,0.0,0.0,0.0,0.0,0.0,0.0,0.0,0.0,0.0,0.0,0.0,0.0,0.0,0.0,0.0,0.0,0.0,0.0,0.0,0.0,0.0,0.0,0.0,0.0,0.0,0.0,0.0,0.0,0.0,0.0,0.0,0.0,0.0,0.0,0.0,0.0,0.0,0.0,0.0,0.0,0.0,0.0,0.0,0.0,0.0,0.0,0.0,0.0,0.0,0.0,0.0,0.0,0.0,0.0,0.0,0.0,0.0,0.0,0.0,0.0,0.0,0.0,0.0,0.0,0.0,0.0,0.0,0.0,0.0,0.0,0.0,0.0,0.0,0.0,0.0,0.0,0.0,0.0,0.0,0.0,0.0,0.0,0.0,0.0,0.0,0.0,0.0,0.0,0.0,0.0,0.0,0.0,0.0,0.0,0.0,0.0,0.0,0.0,0.0,0.0,0.0,0.0,0.0,0.0,0.0,0.0,0.0,0.0,0.0,0.0,0.0,0.0,0.0,0.0,0.0,0.0,0.0,0.0,0.0,0.0,0.0,0.0,0.0,0.0,0.0,0.0,0.0,0.0,0.0,0.0,0.0,0.0,0.0,0.0,0.0,0.0,0.0,0.0,0.0,0.0,0.0,0.0,0.0,0.0,0.0,0.0,0.0,0.0,0.0,0.0,0.0,0.0,0.0,0.0,0.0,0.0,0.0,0.0,0.0,0.0,0.0,0.0,0.0,0.0,0.0,0.0,0.0,0.0,0.0,0.0,0.0,0.0,0.0,0.0,0.0,0.0,0.0,0.0,0.0,0.0,0.0,0.0,0.0,0.0,0.0,0.0,0.0,0.0,0.0,0.0,0.0,0.0,0.0,0.0,0.0,0.0,0.0,0.0,0.0,0.0,0.0,0.0,0.0,0.0,0.0,0.0,0.0,0.0,0.0,0.0,0.0,0.0,0.0,0.0,0.0,0.0,0.0,0.0,0.0,0.0,0.0,0.0,0.0,0.0,0.0,0.0,0.0,0.0,0.0,0.0,0.0,0.0,0.0,0.0,0.0,0.0,0.0,0.0,0.0,0.0,0.0,0.0,0.0,0.0,0.0,0.0,0.0,0.0,0.0,0.0,0.0,0.0,0.0,0.0,0.0,0.0,0.0,0.0,0.0,0.0,0.0,0.0,0.0,0.0,0.0,0.0,0.0,0.0,0.0,0.0,0.0,0.0,0.0,0.0,0.0,0.0,0.0,0.0,0.0,0.0,0.0,0.0,0.0,0.0,0.0,0.0,0.0,0.0,0.0,0.0,0.0,0.0,0.0,0.0,0.0,0.0,0.0,0.0,0.0,0.0,0.0,0.0,0.0,0.0,0.0,0.0,0.0,0.0,0.0,0.0,0.0,0.0,0.0,0.0,0.0,0.0,0.0,0.0,0.0,0.0,0.0,0.0,0.0,0.0,0.0,0.0,0.0,0.0,0.0,0.0,0.0,0.0,0.0,0.0,0.0,0.0,0.0,0.0,0.0,0.0,0.0,0.0,0.0,0.0,0.0,0.0,0.0,0.0,0.0,0.0,0.0
5216,0.0,0.0,0.0,0.0,0.0,0.0,0.0,0.0,0.0,0.0,0.0,0.0,0.0,0.0,0.0,0.0,0.0,0.0,0.0,0.0,0.0,0.0,0.0,0.0,0.0,0.0,0.0,0.0,0.0,0.0,0.0,0.0,0.0,0.0,0.0,0.0,0.0,0.0,0.0,0.0,0.0,0.0,0.0,0.0,0.0,0.0,0.0,0.0,0.0,0.0,0.0,0.0,0.0,0.0,0.0,0.0,0.0,0.0,0.0,0.0,0.0,0.0,0.0,0.0,0.0,0.0,0.0,0.0,0.0,0.0,0.0,0.0,0.0,0.0,0.0,0.0,0.0,0.0,0.0,0.0,0.0,0.0,0.0,0.0,0.0,0.0,0.0,0.0,0.0,0.0,0.0,0.0,0.0,0.0,0.0,0.0,0.0,0.0,0.0,0.0,0.0,0.0,0.0,0.0,0.0,0.0,0.0,0.0,0.0,0.0,0.0,0.0,0.0,0.0,0.0,0.0,0.0,0.0,0.0,0.0,0.0,0.0,0.0,0.0,0.0,0.0,0.0,0.0,0.0,0.0,0.0,0.0,0.0,0.0,0.0,0.0,0.0,0.0,0.0,0.0,0.0,0.0,0.0,0.0,0.0,0.0,0.0,0.0,0.0,0.0,0.0,0.0,0.0,0.0,0.0,0.0,0.0,0.0,0.0,0.0,0.0,0.0,0.0,0.0,0.0,0.0,0.0,0.0,0.0,0.0,0.0,0.0,0.0,0.0,0.0,0.0,0.0,0.0,0.0,0.0,0.0,0.0,0.0,0.0,0.0,0.0,0.0,0.0,0.0,0.0,0.0,0.0,0.0,0.0,0.0,0.0,0.0,0.0,0.0,0.0,0.0,0.0,0.0,0.0,0.0,0.0,0.0,0.0,0.0,0.0,0.0,0.0,0.0,0.0,0.0,0.0,0.0,0.0,0.0,0.0,0.0,0.0,0.0,0.0,0.0,0.0,0.0,0.0,0.0,0.0,0.0,0.0,0.0,0.0,0.0,0.0,0.0,0.0,0.0,0.0,0.0,0.0,0.0,0.0,0.0,0.0,0.0,0.0,0.0,0.0,0.0,0.0,0.0,0.0,0.0,0.0,0.0,0.0,0.0,0.0,0.0,0.0,0.0,0.0,0.0,0.0,0.0,0.0,0.0,0.0,0.0,0.0,0.0,0.0,0.0,0.0,0.0,0.0,0.0,0.0,0.0,0.0,0.0,0.0,0.0,0.0,0.0,0.0,0.0,0.0,0.0,0.0,0.0,0.0,0.0,0.0,0.0,0.0,0.0,0.0,0.0,0.0,0.0,0.0,0.0,0.0,0.0,0.0,0.0,0.0,0.0,0.0,0.0,0.0,0.0,0.0,0.0,0.0,0.0,0.0,0.0,0.0,0.0,0.0,0.0,0.0,0.0,0.0,0.0,0.0,0.0,0.0,0.0,0.0,0.0,0.0,0.0,0.0,0.0,0.0,0.0,0.0,0.0,0.0,0.0,0.0,0.0,0.0,0.0,0.0,0.0,0.0,0.0,0.0,0.0,0.0,0.0,0.0,0.0,0.0,0.0,0.0,0.0,0.0,0.0,0.0,0.0,0.0,0.0,0.0,0.0,0.0,0.0,0.0,0.0,0.0
5217,0.0,0.0,0.0,0.0,0.0,0.0,0.0,0.0,0.0,0.0,0.0,0.0,0.0,0.0,0.0,0.0,0.0,0.0,0.0,0.0,0.0,0.0,0.0,0.0,0.0,0.0,0.0,0.0,0.0,0.0,0.0,0.0,0.0,0.0,0.0,0.0,0.0,0.0,0.0,0.0,0.0,0.0,0.0,0.0,0.0,0.0,0.0,0.0,0.0,0.0,0.0,0.0,0.0,0.0,0.0,0.0,0.0,0.0,0.0,0.0,0.0,0.0,0.0,0.0,0.0,0.0,0.0,0.0,0.0,0.0,0.0,0.0,0.0,0.0,0.0,0.0,0.0,0.0,0.0,0.0,0.0,0.0,0.0,0.0,0.0,0.0,0.0,0.0,0.0,0.0,0.0,0.0,0.0,0.0,0.0,0.0,0.0,0.0,0.0,0.0,0.0,0.0,0.0,0.0,0.0,0.0,0.0,0.0,0.0,0.0,0.0,0.0,0.0,0.0,0.0,0.0,0.0,0.0,0.0,0.0,0.0,0.0,0.0,0.0,0.0,0.0,0.0,0.0,0.0,0.0,0.0,0.0,0.0,0.0,0.0,0.0,0.0,0.0,0.0,0.0,0.0,0.0,0.0,0.0,0.0,0.0,0.0,0.0,0.0,0.0,0.0,0.0,0.0,0.0,0.0,0.0,0.0,0.0,0.0,0.0,0.0,0.0,0.0,0.0,0.0,0.0,0.0,0.0,0.0,0.0,0.0,0.0,0.0,0.0,0.0,0.0,0.0,0.0,0.0,0.0,0.0,0.0,0.0,0.0,0.0,0.0,0.0,0.0,0.0,0.0,0.0,0.0,0.0,0.0,0.0,0.0,0.0,0.0,0.0,0.0,0.0,0.0,0.0,0.0,0.0,0.0,0.0,0.0,0.0,0.0,0.0,0.0,0.0,0.0,0.0,0.0,0.0,0.0,0.0,0.0,0.0,0.0,0.0,0.0,0.0,0.0,0.0,0.0,0.0,0.0,0.0,0.0,0.0,0.0,0.0,0.0,0.0,0.0,0.0,0.0,0.0,0.0,0.0,0.0,0.0,0.0,0.0,0.0,0.0,0.0,0.0,0.0,0.0,0.0,0.0,0.0,0.0,0.0,0.0,0.0,0.0,0.0,0.0,0.0,0.0,0.0,0.0,0.0,0.0,0.0,0.0,0.0,0.0,0.0,0.0,0.0,0.0,0.0,0.0,0.0,0.0,0.0,0.0,0.0,0.0,0.0,0.0,0.0,0.0,0.0,0.0,0.0,0.0,0.0,0.0,0.0,0.0,0.0,0.0,0.0,0.0,0.0,0.0,0.0,0.0,0.0,0.0,0.0,0.0,0.0,0.0,0.0,0.0,0.0,0.0,0.0,0.0,0.0,0.0,0.0,0.0,0.0,0.0,0.0,0.0,0.0,0.0,0.0,0.0,0.0,0.0,0.0,0.0,0.0,0.0,0.0,0.0,0.0,0.0,0.0,0.0,0.0,0.0,0.0,0.0,0.0,0.0,0.0,0.0,0.0,0.0,0.0,0.0,0.0,0.0,0.0,0.0,0.0,0.0,0.0,0.0,0.0,0.0,0.0,0.0,0.0,0.0,0.0,0.0,0.0,0.0,0.0,0.0,0.0,0.0,0.0
5218,0.0,0.0,0.46841108798980713,0.16455040872097015,0.9368221759796143,0.2236516773700714,0.46044492721557617,0.0,0.16455040872097015,0.494990736246109,0.16455040872097015,0.6652240753173828,0.19128111004829407,0.0,0.0,0.03983410820364952,0.0,0.0,0.0,0.0,0.0,0.0,0.0,0.3663451373577118,0.0,2.8445558547973633,0.5778052806854248,1.310707926750183,0.0,0.0,0.0,0.0,0.0,0.0,0.0,0.0977049395442009,0.0,0.0,0.0,0.0,0.0,0.0,0.0,0.1715869903564453,0.0,0.0,0.0,0.0,0.0,0.4161810874938965,0.11245480179786682,0.41341662406921387,0.0,0.0,0.0,0.0,0.0,0.0,0.0,0.0,0.0,0.0,0.0,0.0,0.0,0.0,0.0,0.0,0.0,0.0,0.0,0.0,0.0,0.0,0.0,1.0659613609313965,0.0,0.0,1.6143132448196411,0.15558424592018127,0.07370962202548981,0.0,0.0,0.4816848933696747,0.0,0.0,0.0,0.0,0.38936322927474976,0.0,0.08752856403589249,2.9600539207458496,1.3416444063186646,0.08936452865600586,0.22003650665283203,0.0,0.16004249453544617,1.9409242868423462,0.3106679916381836,0.23832571506500244,12.394678115844727,0.0,0.0,0.0,0.6222876310348511,0.793442964553833,0.17301756143569946,0.12092401832342148,2.7021541595458984,0.0,0.0,1.3387510776519775,0.0,0.0,5.3769917488098145,6.546913146972656,0.018629344180226326,0.15234923362731934,3.3889849185943604,0.0,6.5659613609313965,2.4276669025421143,38.721900939941406,16.612455368041992,3.7777068614959717,6.18577241897583,0.0,0.0,0.0,0.0,0.2416442632675171,0.0,0.0,0.0,0.0,0.0,0.0,0.017121924087405205,0.0650324895977974,0.42706817388534546,0.0,0.0,0.0,0.0,0.0,0.11171956360340118,0.0,0.0,0.1737729012966156,0.0,0.0,0.0,0.0,0.0,0.0,0.0,0.0,0.2527463734149933,0.0,0.0,0.0,0.0,0.0,0.0,0.41000694036483765,0.0,0.0,0.14608997106552124,0.0,0.0,0.0,0.0,0.0,12.62617015838623,0.0,0.3822575509548187,0.0,0.0,0.0,0.0,0.0,0.0,32.1044807434082,2.659412384033203,32.22197723388672,0.0,0.0,0.8394192457199097,4.687927722930908,0.0,0.0,0.0,4.128664016723633,6.279169082641602,0.0,6.915846824645996,0.0,4.3028764724731445,1.63433837890625,1.7414805889129639,1.7414805889129639,0.0,0.0,0.0,0.2802193760871887,0.0,0.0,0.0,1.54291832447052,0.0,0.0,0.0,1.3681926727294922,0.0,0.0,0.0,21.751659393310547,0.0,0.0,0.0,0.0,0.0,0.0,0.0,0.0,0.0,0.0,0.0,0.0,0.0,2.927828073501587,0.0,0.0,0.0,0.0,21.3865909576416,0.0,0.0,0.0,20.62769889831543,0.44009387493133545,0.0,0.9013317823410034,0.9923920631408691,0.0,0.0,0.0,0.0,3.4074158668518066,7.154821872711182,1.0415018796920776,4.424128532409668,0.0,0.06525707989931107,0.0,0.0,0.9923920631408691,0.0,0.40719401836395264,0.0,0.0,0.0,1.5465337038040161,0.0,0.0,0.0,0.0,0.0,0.0,0.0,0.0,0.0,0.0,0.0,0.0,0.0,0.0,0.0,0.0,0.0,0.0,0.0,0.0,0.0,0.0,0.0,0.0,0.0,0.0,0.0,0.0,0.0,0.0,0.0,0.0,0.0,0.0,0.0,0.0,0.0,0.0,0.0,0.0,0.0,0.0,0.0,0.0,0.0,0.0,0.0,0.0,0.0,0.0,0.0,0.0,0.0,0.0,0.0,0.0,0.0,0.0,0.0,0.0,0.0,0.0,0.0,0.0,0.0,0.0,0.0,0.0,0.0,0.0,0.0,0.0,0.0,0.0,0.0,0.0,0.0,0.0,0.0,0.0,0.0,0.0,0.0,0.0,0.0,0.0,0.0,0.0,0.0,0.0,0.0,0.0,0.0,0.0,0.0,0.0,0.0,0.0,0.0,0.0,0.0,0.0,0.0,0.0,0.0,0.0,0.0,0.0,0.0,0.0,0.0,0.0,0.0
5219,0.2919543981552124,0.0,0.3903111517429352,3.713467836380005,2.984201431274414,3.1047050952911377,15.644201278686523,2.550706386566162,10.016880989074707,12.993385314941406,6.422791004180908,1.2886451482772827,6.310496807098389,0.13795316219329834,1.9310835599899292,1.241304874420166,0.31565597653388977,0.13795316219329834,0.13795316219329834,0.0,0.07377620041370392,0.14007286727428436,0.0,0.28552037477493286,0.3250039517879486,1.8050611019134521,1.5359150171279907,0.8480079174041748,0.0,0.16846512258052826,0.0,0.1618707776069641,0.0,0.0,0.0,1.2972216606140137,0.0,0.0,0.0,0.2634221017360687,0.3189595639705658,1.1600539684295654,0.0,17.444120407104492,0.4270106852054596,0.0,0.0,1.4182171821594238,1.2732439041137695,10.95296859741211,1.5804661512374878,7.405945301055908,2.896026611328125,0.0,0.0,0.0,0.0,1.979933738708496,0.0,0.0,0.0,0.0,0.0,1.7734837532043457,1.452614665031433,0.1964128464460373,3.0032405853271484,2.492227554321289,0.0,0.9424281716346741,1.4687752723693848,2.0000088214874268,1.4687752723693848,0.0,0.0,19.80269432067871,0.0,0.0,24.917373657226562,161.7131805419922,110.98438262939453,0.0,6.357638835906982,5.18951940536499,0.0,0.0,0.0,13.587218284606934,11.880448341369629,0.0,15.134521484375,83.50556182861328,10.533319473266602,0.8480783104896545,0.5790483951568604,0.0,6.993417739868164,72.30445098876953,12.507609367370605,6.532461166381836,548.7139282226562,1.5417946577072144,0.0,0.0,3.3745031356811523,3.7031023502349854,1.2832480669021606,19.046340942382812,91.36192321777344,0.0,0.0,12.490466117858887,0.0,0.0,29.230222702026367,33.830387115478516,0.6930217742919922,4.248302459716797,53.187049865722656,0.0,107.42001342773438,24.254053115844727,96.35557556152344,43.30298614501953,41.80039596557617,94.62582397460938,0.0,0.0,0.0,0.0,0.5801151990890503,0.24385862052440643,0.0,0.0,0.0,0.0,0.0,0.04214201122522354,0.06622988730669022,1.2254936695098877,0.037974387407302856,0.274698942899704,0.0,0.3961631655693054,0.0,0.7879473567008972,0.23375633358955383,0.04751858115196228,1.016984224319458,0.08450201153755188,0.0,0.0,0.38249585032463074,0.0,0.0,0.041856735944747925,0.0,0.8362446427345276,0.0,0.0,0.11798947304487228,0.0,0.0,0.0,0.8126087188720703,0.0,0.0,0.7012217044830322,0.0,0.0,0.0,0.0,0.0,18.882932662963867,0.0,0.8311205506324768,0.0,0.0,0.20835496485233307,0.0,0.0,0.0,33.50387954711914,2.7359211444854736,34.51072311401367,0.0,0.0,5.184164047241211,20.64653778076172,0.0,0.0,0.0,6.279169082641602,201.651611328125,0.0,267.2364807128906,0.0,169.71902465820312,63.750633239746094,48.699119567871094,75.55345916748047,0.0,0.0,4.655455589294434,14.061473846435547,0.0,8.92741870880127,0.0,52.5965576171875,0.0,0.0,0.0,3.948009967803955,0.0,0.0,0.0,20.668508529663086,0.0,0.0,0.0,0.0,0.0,0.0,0.0,0.0,0.0,0.0,0.0,0.0,0.0,4.02758264541626,0.0,0.0,0.0,0.0,17.111068725585938,0.0,0.0,0.0,17.36240005493164,0.43775811791419983,0.0,6.051549911499023,4.779468536376953,0.0,0.0,0.0,0.0,2.071755886077881,4.032858848571777,0.21003560721874237,2.603787899017334,0.0,24.47314453125,4.916074752807617,0.0,4.945566177368164,1.243903636932373,2.663588285446167,0.0,0.0,0.0,8.569818496704102,0.0,0.0,0.0,0.0,0.0,0.0,0.0,0.0,0.0,0.0,0.0,0.0,0.0,0.0,0.0,0.0,0.0,0.0,0.0,0.0,0.0,0.0,0.0,0.0,0.0,0.0,0.0,0.0,0.0,0.0,0.0,0.0,0.0,0.0,0.0,0.0,0.0,0.0,0.0,0.0,0.0,0.0,0.0,0.0,0.0,0.0,0.0,0.0,0.0,0.0,0.0,0.0,0.0,0.0,0.0,0.0,0.0,0.0,0.0,0.0,0.0,0.0,0.0,0.0,0.0,0.0,0.0,0.0,0.0,0.0,0.0,0.0,0.0,0.0,0.0,0.0,0.0,0.0,0.0,0.0,0.0,0.0,0.0,0.0,0.0,0.0,0.0,0.0,0.0,0.0,0.0,0.0,0.0,0.0,0.0,0.0,0.0,0.0,0.0,0.0,0.0,0.0,0.0,0.0,0.0,0.0,0.0,0.0,0.0,0.0,0.0,0.0,0.0
5220,0.0,0.0,0.0,0.0,0.0,0.0,0.0,0.0,0.0,0.0,0.0,0.0,0.0,0.0,0.0,0.0,0.0,0.0,0.0,0.0,0.0,0.0,0.0,0.0,0.0,0.0,0.0,0.0,0.0,0.0,0.0,0.0,0.0,0.0,0.0,0.0,0.0,0.0,0.0,0.0,0.0,0.0,0.0,0.0,0.0,0.0,0.0,0.0,0.0,0.0,0.0,0.0,0.0,0.0,0.0,0.0,0.0,0.0,0.0,0.0,0.0,0.0,0.0,0.0,0.0,0.0,0.0,0.0,0.0,0.0,0.0,0.0,0.0,0.0,0.0,0.0,0.0,0.0,0.0,0.0,0.0,0.0,0.0,0.0,0.0,0.0,0.0,0.0,0.0,0.0,0.0,0.0,0.0,0.0,0.0,0.0,0.0,0.0,0.0,0.0,0.0,0.0,0.0,0.0,0.0,0.0,0.0,0.0,0.0,0.0,0.0,0.0,0.0,0.0,0.0,0.0,0.0,0.0,0.0,0.0,0.0,0.0,0.0,0.0,0.0,0.0,0.0,0.0,0.0,0.0,0.0,0.0,0.0,0.0,0.0,0.0,0.0,0.0,0.0,0.0,0.0,0.0,0.0,0.0,0.0,0.0,0.0,0.0,0.0,0.0,0.0,0.0,0.0,0.0,0.0,0.0,0.0,0.0,0.0,0.0,0.0,0.0,0.0,0.0,0.0,0.0,0.0,0.0,0.0,0.0,0.0,0.0,0.0,0.0,0.0,0.0,0.0,0.0,0.0,0.0,0.0,0.0,0.0,0.0,0.0,0.0,0.0,0.0,0.0,0.0,0.0,0.0,0.0,0.0,0.0,0.0,0.0,0.0,0.0,0.0,0.0,0.0,0.0,0.0,0.0,0.0,0.0,0.0,0.0,0.0,0.0,0.0,0.0,0.0,0.0,0.0,0.0,0.0,0.0,0.0,0.0,0.0,0.0,0.0,0.0,0.0,0.0,0.0,0.0,0.0,0.0,0.0,0.0,0.0,0.0,0.0,0.0,0.0,0.0,0.0,0.0,0.0,0.0,0.0,0.0,0.0,0.0,0.0,0.0,0.0,0.0,0.0,0.0,0.0,0.0,0.0,0.0,0.0,0.0,0.0,0.0,0.0,0.0,0.0,0.0,0.0,0.0,0.0,0.0,0.0,0.0,0.0,0.0,0.0,0.0,0.0,0.0,0.0,0.0,0.0,0.0,0.0,0.0,0.0,0.0,0.0,0.0,0.0,0.0,0.0,0.0,0.0,0.0,0.0,0.0,0.0,0.0,0.0,0.0,0.0,0.0,0.0,0.0,0.0,0.0,0.0,0.0,0.0,0.0,0.0,0.0,0.0,0.0,0.0,0.0,0.0,0.0,0.0,0.0,0.0,0.0,0.0,0.0,0.0,0.0,0.0,0.0,0.0,0.0,0.0,0.0,0.0,0.0,0.0,0.0,0.0,0.0,0.0,0.0,0.0,0.0,0.0,0.0,0.0,0.0,0.0,0.0,0.0,0.0,0.0,0.0,0.0,0.0,0.0,0.0,0.0,0.0,0.0,0.0,0.0,0.0,0.0,0.0,0.0,0.0,0.0,0.0,0.0,0.0,0.0,0.0,0.0,0.0,0.0,0.0,0.0
5221,1.2567254304885864,0.3918519914150238,0.0,4.7479777336120605,3.4876487255096436,4.203658103942871,11.375282287597656,0.9135912656784058,6.276375770568848,12.92628288269043,4.465198040008545,2.1139237880706787,7.482974529266357,0.0,0.4312647581100464,0.8352617621421814,0.0,0.0,0.0,0.0,0.7990155220031738,0.7990155220031738,0.0,0.3591509163379669,0.6526354551315308,0.8888343572616577,1.9379405975341797,0.709757924079895,0.0,0.0,0.0,0.0,0.0,0.0,0.0,0.5276589393615723,0.0,0.0,0.0,0.02598908357322216,0.0818060114979744,0.7912097573280334,0.0,5.483794689178467,0.1362309753894806,0.0,0.0,0.447175532579422,1.5122393369674683,7.106507778167725,0.4786737263202667,7.542698383331299,9.574151039123535,0.0,0.0,0.0,0.0,0.0,0.0,0.0,0.0,0.0,0.0,0.6231401562690735,0.4166486859321594,0.0,0.8401291370391846,0.6791555881500244,0.0,1.149118423461914,0.24880360066890717,0.33879202604293823,0.310772567987442,0.0,0.0,13.241230964660645,0.0,0.0,11.713534355163574,3.071535587310791,1.4193590879440308,0.0,0.7228565812110901,1.3404597043991089,0.0,0.0,0.0,0.25121524930000305,3.89809250831604,0.0,0.7534913420677185,284.2095642089844,41.165096282958984,2.0463173389434814,7.770023822784424,0.0,16.72112274169922,44.704345703125,17.281587600708008,7.586499214172363,1452.1162109375,3.021204948425293,0.0,0.0,7.830367088317871,4.2612690925598145,1.5231940746307373,6.77346658706665,75.25450897216797,0.0,0.0,10.975358963012695,0.0,0.0,11.589612007141113,13.525835037231445,0.5014848113059998,2.4945623874664307,54.83010482788086,0.0,62.19734191894531,22.391822814941406,182.89845275878906,24.60611915588379,69.90601348876953,95.69000244140625,0.0,0.0,0.0,0.0,2.0694854259490967,0.6592024564743042,0.0,0.0,0.0,0.0,0.0,0.5018068552017212,1.077405571937561,11.735673904418945,1.9464164972305298,5.9270172119140625,0.0,0.0,0.0,13.088726043701172,3.2305350303649902,3.920222282409668,18.319089889526367,1.1516326665878296,0.0,0.0,5.405850410461426,0.0,0.0,3.4802796840667725,0.0,6.809435844421387,0.0,0.0,0.6933080554008484,0.0,0.15387341380119324,0.0,3.246495246887207,0.0,0.0,2.2990736961364746,0.0,0.0,0.0,0.0,0.0,66.23411560058594,0.0,2.7580273151397705,0.0,0.5086420178413391,0.8804853558540344,0.0,0.0,0.0,53.73626708984375,1.9308125972747803,81.15018463134766,0.0,0.0,1.8526461124420166,5.853498935699463,0.0,0.0,0.0,6.915846824645996,267.2364807128906,0.0,43.69438171386719,0.0,135.99896240234375,50.49021911621094,38.91771697998047,38.016544342041016,0.0,0.0,0.0,2.516840934753418,0.0,0.0,0.0,8.960165977478027,0.0,0.0,0.0,1.9700952768325806,0.0,0.0,0.0,0.0,0.0,0.0,0.0,0.0,0.0,0.0,0.0,0.0,0.0,0.0,0.0,0.0,0.0,2.9689648151397705,0.0,0.0,0.0,0.0,50.74067687988281,0.0,0.0,0.0,24.837190628051758,0.9133475422859192,0.0,20.17538833618164,18.22091293334961,0.0,0.0,0.0,0.0,2.4445960521698,5.313000679016113,0.4917948246002197,2.3978734016418457,0.0,0.6388826966285706,2.5494585037231445,0.0,17.4702091217041,0.0,2.371904134750366,0.0,0.0,0.0,4.0424370765686035,0.0,0.0,0.0,0.0,0.0,0.0,0.0,0.0,0.0,0.0,0.0,0.0,0.0,0.0,0.0,0.0,0.0,0.0,0.0,0.0,0.0,0.0,0.0,0.0,0.0,0.0,0.0,0.0,0.0,0.0,0.0,0.0,0.0,0.0,0.0,0.0,0.0,0.0,0.0,0.0,0.0,0.0,0.0,0.0,0.0,0.0,0.0,0.0,0.0,0.0,0.0,0.0,0.0,0.0,0.0,0.0,0.0,0.0,0.0,0.0,0.0,0.0,0.0,0.0,0.0,0.0,0.0,0.0,0.0,0.0,0.0,0.0,0.0,0.0,0.0,0.0,0.0,0.0,0.0,0.0,0.0,0.0,0.0,0.0,0.0,0.0,0.0,0.0,0.0,0.0,0.0,0.0,0.0,0.0,0.0,0.0,0.0,0.0,0.0,0.0,0.0,0.0,0.0,0.0,0.0,0.0,0.0,0.0,0.0,0.0,0.0,0.0,0.0
5222,0.0,0.0,0.0,0.0,0.0,0.0,0.0,0.0,0.0,0.0,0.0,0.0,0.0,0.0,0.0,0.0,0.0,0.0,0.0,0.0,0.0,0.0,0.0,0.0,0.0,0.0,0.0,0.0,0.0,0.0,0.0,0.0,0.0,0.0,0.0,0.0,0.0,0.0,0.0,0.0,0.0,0.0,0.0,0.0,0.0,0.0,0.0,0.0,0.0,0.0,0.0,0.0,0.0,0.0,0.0,0.0,0.0,0.0,0.0,0.0,0.0,0.0,0.0,0.0,0.0,0.0,0.0,0.0,0.0,0.0,0.0,0.0,0.0,0.0,0.0,0.0,0.0,0.0,0.0,0.0,0.0,0.0,0.0,0.0,0.0,0.0,0.0,0.0,0.0,0.0,0.0,0.0,0.0,0.0,0.0,0.0,0.0,0.0,0.0,0.0,0.0,0.0,0.0,0.0,0.0,0.0,0.0,0.0,0.0,0.0,0.0,0.0,0.0,0.0,0.0,0.0,0.0,0.0,0.0,0.0,0.0,0.0,0.0,0.0,0.0,0.0,0.0,0.0,0.0,0.0,0.0,0.0,0.0,0.0,0.0,0.0,0.0,0.0,0.0,0.0,0.0,0.0,0.0,0.0,0.0,0.0,0.0,0.0,0.0,0.0,0.0,0.0,0.0,0.0,0.0,0.0,0.0,0.0,0.0,0.0,0.0,0.0,0.0,0.0,0.0,0.0,0.0,0.0,0.0,0.0,0.0,0.0,0.0,0.0,0.0,0.0,0.0,0.0,0.0,0.0,0.0,0.0,0.0,0.0,0.0,0.0,0.0,0.0,0.0,0.0,0.0,0.0,0.0,0.0,0.0,0.0,0.0,0.0,0.0,0.0,0.0,0.0,0.0,0.0,0.0,0.0,0.0,0.0,0.0,0.0,0.0,0.0,0.0,0.0,0.0,0.0,0.0,0.0,0.0,0.0,0.0,0.0,0.0,0.0,0.0,0.0,0.0,0.0,0.0,0.0,0.0,0.0,0.0,0.0,0.0,0.0,0.0,0.0,0.0,0.0,0.0,0.0,0.0,0.0,0.0,0.0,0.0,0.0,0.0,0.0,0.0,0.0,0.0,0.0,0.0,0.0,0.0,0.0,0.0,0.0,0.0,0.0,0.0,0.0,0.0,0.0,0.0,0.0,0.0,0.0,0.0,0.0,0.0,0.0,0.0,0.0,0.0,0.0,0.0,0.0,0.0,0.0,0.0,0.0,0.0,0.0,0.0,0.0,0.0,0.0,0.0,0.0,0.0,0.0,0.0,0.0,0.0,0.0,0.0,0.0,0.0,0.0,0.0,0.0,0.0,0.0,0.0,0.0,0.0,0.0,0.0,0.0,0.0,0.0,0.0,0.0,0.0,0.0,0.0,0.0,0.0,0.0,0.0,0.0,0.0,0.0,0.0,0.0,0.0,0.0,0.0,0.0,0.0,0.0,0.0,0.0,0.0,0.0,0.0,0.0,0.0,0.0,0.0,0.0,0.0,0.0,0.0,0.0,0.0,0.0,0.0,0.0,0.0,0.0,0.0,0.0,0.0,0.0,0.0,0.0,0.0,0.0,0.0,0.0,0.0,0.0,0.0,0.0,0.0,0.0,0.0,0.0,0.0,0.0,0.0,0.0
5223,0.28536176681518555,0.0,0.4531010687351227,3.993969202041626,2.5951926708221436,2.7385942935943604,14.381726264953613,2.7991602420806885,9.154409408569336,11.189501762390137,5.303430080413818,1.0422070026397705,4.83243465423584,0.17832404375076294,1.3688031435012817,1.297519326210022,0.4080301523208618,0.17832404375076294,0.0,0.0,0.1045304611325264,0.19169309735298157,0.0,0.29118186235427856,0.34365373849868774,2.026301622390747,1.1442707777023315,0.9626299142837524,0.0,0.22726933658123016,0.0,0.2171100378036499,0.0,0.0,0.0,1.5361576080322266,0.0,0.0,0.0,0.36310508847236633,0.20186665654182434,0.40652862191200256,0.0,9.627765655517578,0.5249338150024414,0.0,0.0,0.7942230701446533,1.4374936819076538,7.654699802398682,0.8995407819747925,5.516782760620117,2.1382739543914795,0.0,0.0,0.0,0.0,3.2880897521972656,0.0,0.0,0.0,0.0,0.0,0.8200988173484802,1.072143316268921,0.22175031900405884,0.6886758804321289,0.8008542060852051,0.0,0.8422520756721497,1.0640023946762085,1.4488356113433838,1.5157947540283203,0.0,0.0,11.071849822998047,0.0,0.0,14.260148048400879,21.728628158569336,16.180295944213867,0.0,1.4131931066513062,3.2235429286956787,0.0,0.0,0.0,0.7024829983711243,9.053418159484863,0.0,5.2743353843688965,72.01956939697266,9.99315071105957,1.0278129577636719,2.437324285507202,0.0,4.966954231262207,58.344486236572266,11.088135719299316,4.79941987991333,513.4388427734375,1.2529149055480957,0.0,0.0,6.13901948928833,9.01246166229248,3.184748649597168,3.4603683948516846,46.24258041381836,0.0,0.0,9.61047077178955,0.0,0.0,99.06123352050781,109.339111328125,0.3820740878582001,2.9271275997161865,37.63792419433594,0.0,89.85562896728516,14.142457008361816,301.5746154785156,25.288646697998047,30.71971321105957,97.31011199951172,0.0,0.0,0.0,0.0,0.3725798726081848,0.22211597859859467,0.0,0.0,0.0,0.0,0.0,0.07218926399946213,0.1579705774784088,1.3707629442214966,0.03891828656196594,0.0,0.0,0.6540614366531372,0.0,1.178985595703125,0.3523969352245331,0.041972678154706955,0.9202089309692383,0.13498614728450775,0.0,0.0,0.6058608293533325,0.0,0.0,0.05697072297334671,0.0,0.6019008755683899,0.0,0.0,0.07804277539253235,0.0,0.0,0.0,0.5761388540267944,0.0,0.0,0.5125988721847534,0.0,0.0,0.0,0.0,0.0,14.52851390838623,0.0,0.5685761570930481,0.0,0.0,0.1945725977420807,0.0,0.0,0.0,23.58152961730957,2.0949947834014893,23.58152961730957,0.0,0.0,5.059720039367676,15.844624519348145,0.0,0.0,0.0,4.3028764724731445,169.71902465820312,0.0,135.99896240234375,0.0,113.5042724609375,41.61973571777344,32.886409759521484,64.44515991210938,0.0,0.0,4.679534912109375,12.786046981811523,0.0,5.173986911773682,0.0,139.94956970214844,0.0,0.0,0.0,2.947331428527832,0.0,0.0,0.0,89.00635528564453,0.0,0.0,0.0,0.0,0.0,0.0,0.0,0.0,0.0,0.0,0.0,0.0,0.0,2.870936870574951,0.0,0.0,0.0,0.0,11.284348487854004,0.0,0.0,0.0,12.025115013122559,0.24695387482643127,0.0,3.6630852222442627,3.0487115383148193,0.0,0.0,0.0,0.0,2.5948898792266846,4.710422992706299,0.24746906757354736,2.826188802719116,0.0,3.154895544052124,1.167678713798523,0.0,3.1702959537506104,0.94343101978302,2.0803558826446533,0.0,0.0,0.0,17.697368621826172,0.0,0.0,0.0,0.0,0.0,0.0,0.0,0.0,0.0,0.0,0.0,0.0,0.0,0.0,0.0,0.0,0.0,0.0,0.0,0.0,0.0,0.0,0.0,0.0,0.0,0.0,0.0,0.0,0.0,0.0,0.0,0.0,0.0,0.0,0.0,0.0,0.0,0.0,0.0,0.0,0.0,0.0,0.0,0.0,0.0,0.0,0.0,0.0,0.0,0.0,0.0,0.0,0.0,0.0,0.0,0.0,0.0,0.0,0.0,0.0,0.0,0.0,0.0,0.0,0.0,0.0,0.0,0.0,0.0,0.0,0.0,0.0,0.0,0.0,0.0,0.0,0.0,0.0,0.0,0.0,0.0,0.0,0.0,0.0,0.0,0.0,0.0,0.0,0.0,0.0,0.0,0.0,0.0,0.0,0.0,0.0,0.0,0.0,0.0,0.0,0.0,0.0,0.0,0.0,0.0,0.0,0.0,0.0,0.0,0.0,0.0,0.0,0.0
5224,0.0,0.0,0.10388007760047913,1.0831605195999146,0.7361247539520264,0.7403097152709961,6.291154861450195,0.6703440546989441,2.547384262084961,5.374078750610352,2.1431896686553955,0.2750742733478546,1.970937728881836,0.0,0.6703440546989441,0.5510231852531433,0.0,0.0,0.0,0.0,0.0,0.0,0.0,0.08759540319442749,0.14922969043254852,0.5675188899040222,0.23804344236850739,0.2629106938838959,0.0,0.06916584074497223,0.0,0.06645843386650085,0.0,0.0,0.0,0.560137152671814,0.0,0.0,0.0,0.14270779490470886,0.08157388120889664,0.19817577302455902,0.0,4.4329352378845215,0.09310039132833481,0.0,0.0,0.0,0.0,2.0624897480010986,0.43098658323287964,1.7370994091033936,0.19095514714717865,0.0,0.0,0.0,0.0,0.0,0.0,0.0,0.0,0.0,0.0,0.18451736867427826,0.3159005343914032,0.0,0.25022995471954346,0.2303442358970642,0.0,0.306031733751297,0.306031733751297,0.4167186915874481,0.3845093250274658,0.0,0.0,3.609996795654297,0.0,0.0,4.6104936599731445,1.8673701286315918,1.1285063028335571,0.0,0.19582119584083557,1.1140778064727783,0.0,0.0,0.0,0.14713281393051147,2.6362626552581787,0.0,1.2551321983337402,34.69160842895508,3.486393451690674,0.5580624938011169,1.2967103719711304,0.0,2.045562982559204,27.344867706298828,5.110526084899902,2.0624492168426514,214.10897827148438,0.29507145285606384,0.0,0.0,1.9217402935028076,2.7324905395507812,0.8924157619476318,1.1535212993621826,15.139016151428223,0.0,0.0,9.814603805541992,0.0,0.0,32.88494873046875,39.58228302001953,0.3661954998970032,2.9947164058685303,26.523557662963867,0.0,55.0666618347168,6.849944591522217,105.72486114501953,26.17457389831543,23.499425888061523,51.38081359863281,0.0,0.0,0.0,0.0,0.060785192996263504,0.022682735696434975,0.0,0.0,0.0,0.0,0.0,0.023427564650774002,0.0838649645447731,0.564383327960968,0.0,0.0,0.0,0.2701880931854248,0.0,0.4735235273838043,0.0,0.0,0.7088128328323364,0.0,0.0,0.0,0.0,0.0,0.0,0.0,0.0,0.15015994012355804,0.0,0.0,0.0,0.0,0.0,0.0,0.1908910572528839,0.0,0.0,0.19922341406345367,0.0,0.0,0.0,0.0,0.0,4.610107898712158,0.0,0.16536331176757812,0.0,0.0,0.0,0.0,0.0,0.0,11.237882614135742,1.0256679058074951,11.237882614135742,0.0,0.0,2.5792107582092285,9.617219924926758,0.0,0.0,0.0,1.63433837890625,63.750633239746094,0.0,50.49021911621094,0.0,41.61973571777344,12.385992050170898,12.903151512145996,12.385992050170898,0.0,0.0,0.7884567379951477,7.677903175354004,0.0,0.7884567379951477,0.0,43.004947662353516,0.0,0.0,0.0,0.9347836971282959,0.0,0.0,0.0,27.20165252685547,0.0,0.0,0.0,0.0,0.0,0.0,0.0,0.0,0.0,0.0,0.0,0.0,0.0,1.3984150886535645,0.0,0.0,0.0,0.0,6.352654457092285,0.0,0.0,0.0,5.650783538818359,0.0,0.0,2.4472708702087402,1.8313720226287842,0.0,0.0,0.0,0.0,2.4483425617218018,3.030229330062866,0.0,2.4288458824157715,0.0,0.4099167287349701,0.027334704995155334,0.0,1.8313720226287842,0.175543412566185,1.093017578125,0.0,0.0,0.0,5.096277713775635,0.0,0.0,0.0,0.0,0.0,0.0,0.0,0.0,0.0,0.0,0.0,0.0,0.0,0.0,0.0,0.0,0.0,0.0,0.0,0.0,0.0,0.0,0.0,0.0,0.0,0.0,0.0,0.0,0.0,0.0,0.0,0.0,0.0,0.0,0.0,0.0,0.0,0.0,0.0,0.0,0.0,0.0,0.0,0.0,0.0,0.0,0.0,0.0,0.0,0.0,0.0,0.0,0.0,0.0,0.0,0.0,0.0,0.0,0.0,0.0,0.0,0.0,0.0,0.0,0.0,0.0,0.0,0.0,0.0,0.0,0.0,0.0,0.0,0.0,0.0,0.0,0.0,0.0,0.0,0.0,0.0,0.0,0.0,0.0,0.0,0.0,0.0,0.0,0.0,0.0,0.0,0.0,0.0,0.0,0.0,0.0,0.0,0.0,0.0,0.0,0.0,0.0,0.0,0.0,0.0,0.0,0.0,0.0,0.0,0.0,0.0,0.0,0.0
5225,0.0,0.0,0.16501042246818542,0.6200039982795715,1.0502960681915283,0.5447373390197754,3.442999839782715,0.3352173864841461,1.373876929283142,2.512065887451172,1.064221739768982,0.655738890171051,1.0158805847167969,0.0,0.3772951662540436,0.32586854696273804,0.0,0.0,0.0,0.0,0.0,0.0,0.0,0.19226492941379547,0.23434311151504517,1.3528863191604614,0.5716587901115417,0.6267426013946533,0.0,0.15205323696136475,0.0,0.14275015890598297,0.0,0.0,0.0,0.4887813627719879,0.0,0.0,0.0,0.0956442654132843,0.06667201966047287,0.16197316348552704,0.0,1.921451449394226,0.0330905057489872,0.0,0.0,0.0,0.0,1.2765228748321533,0.2585151493549347,1.449901819229126,0.2177400141954422,0.0,0.0,0.0,0.0,0.0,0.0,0.0,0.0,0.0,0.0,0.07079263031482697,0.12248380482196808,0.0,0.0960041731595993,0.08837474882602692,0.0,0.11741330474615097,0.11741330474615097,0.1598798781633377,0.15605255961418152,0.0,0.0,3.017975091934204,0.0,0.0,4.532144069671631,1.006920576095581,0.6385245323181152,0.0,0.13219784200191498,1.0279444456100464,0.0,0.0,0.0,0.05673324316740036,2.497722864151001,0.0,0.983470618724823,17.1529483795166,1.4493024349212646,0.49182984232902527,0.8261055946350098,0.0,0.9348651766777039,18.5703182220459,2.712941884994507,1.2784168720245361,90.807861328125,0.17130723595619202,0.0,0.0,1.657536268234253,2.2516188621520996,0.8220163583755493,0.8071833848953247,10.876229286193848,0.0,0.0,6.50142240524292,0.0,0.0,20.3866024017334,24.99772834777832,0.10816764086484909,1.1547387838363647,22.9571590423584,0.0,30.96194839477539,10.443254470825195,92.57522583007812,30.3809814453125,13.880330085754395,28.207447052001953,0.0,0.0,0.0,0.0,0.12856002151966095,0.05407249554991722,0.0,0.0,0.0,0.0,0.0,0.009835472330451012,0.07389867305755615,0.5285953283309937,0.0,0.0,0.0,0.21761475503444672,0.0,0.25310301780700684,0.0,0.0,0.3172638714313507,0.0,0.0,0.0,0.0,0.0,0.0,0.0,0.0,0.048114657402038574,0.0,0.0,0.0,0.0,0.0,0.0,0.0847720056772232,0.0,0.0,0.11240235716104507,0.0,0.0,0.0,0.0,0.0,1.4174425601959229,0.0,0.05298616364598274,0.0,0.0,0.0,0.0,0.0,0.0,9.840490341186523,0.8604609966278076,9.840490341186523,0.0,0.0,2.468747854232788,10.80282974243164,0.0,0.0,0.0,1.7414805889129639,48.699119567871094,0.0,38.91771697998047,0.0,32.886409759521484,12.903151512145996,12.385992050170898,12.385992050170898,0.0,0.0,0.31157034635543823,3.072378635406494,0.0,0.31157034635543823,0.0,22.690855026245117,0.0,0.0,0.0,0.4294010102748871,0.0,0.0,0.0,22.378742218017578,0.0,0.0,0.0,0.0,0.0,0.0,0.0,0.0,0.0,0.0,0.0,0.0,0.0,0.7467267513275146,0.0,0.0,0.0,0.0,5.038506031036377,0.0,0.0,0.0,5.398806095123291,0.0,0.0,1.6348881721496582,1.2906914949417114,0.0,0.0,0.0,0.0,1.7760154008865356,1.8971959352493286,0.0,1.6441529989242554,0.0,0.18863974511623383,0.032297685742378235,0.0,1.2906914949417114,0.056248098611831665,0.7940508723258972,0.0,0.0,0.0,5.588095664978027,0.0,0.0,0.0,0.0,0.0,0.0,0.0,0.0,0.0,0.0,0.0,0.0,0.0,0.0,0.0,0.0,0.0,0.0,0.0,0.0,0.0,0.0,0.0,0.0,0.0,0.0,0.0,0.0,0.0,0.0,0.0,0.0,0.0,0.0,0.0,0.0,0.0,0.0,0.0,0.0,0.0,0.0,0.0,0.0,0.0,0.0,0.0,0.0,0.0,0.0,0.0,0.0,0.0,0.0,0.0,0.0,0.0,0.0,0.0,0.0,0.0,0.0,0.0,0.0,0.0,0.0,0.0,0.0,0.0,0.0,0.0,0.0,0.0,0.0,0.0,0.0,0.0,0.0,0.0,0.0,0.0,0.0,0.0,0.0,0.0,0.0,0.0,0.0,0.0,0.0,0.0,0.0,0.0,0.0,0.0,0.0,0.0,0.0,0.0,0.0,0.0,0.0,0.0,0.0,0.0,0.0,0.0,0.0,0.0,0.0,0.0,0.0,0.0
5226,0.0,0.0,0.4519108533859253,0.4254288673400879,1.1400582790374756,0.615131139755249,11.923057556152344,0.27921053767204285,1.1628477573394775,9.250950813293457,0.9056092500686646,1.7958593368530273,0.8359847068786621,0.0,1.2749296426773071,0.9146723747253418,0.0,0.0,0.0,0.0,0.0,0.0,0.0,0.4797501564025879,0.6417909264564514,3.7051234245300293,1.5365504026412964,1.7164478302001953,0.0,0.384025514125824,0.0,0.35226014256477356,0.0,0.0,0.0,1.0327506065368652,0.0,0.0,0.0,0.26305192708969116,0.11532643437385559,0.2801743149757385,0.0,8.774513244628906,0.04830377921462059,0.0,0.0,0.0,0.0,3.6540682315826416,0.9689890742301941,4.2676167488098145,0.6479314565658569,0.0,0.0,0.0,0.0,0.0,0.0,0.0,0.0,0.0,0.0,0.49713367223739624,0.8511111736297607,0.0,0.6741790175437927,0.6206021904945374,0.0,0.8245223164558411,0.8245223164558411,1.122739315032959,1.0359596014022827,0.0,0.0,12.086714744567871,0.0,0.0,11.338604927062988,1.2180562019348145,0.6157824397087097,0.0,0.14544285833835602,2.3886213302612305,0.0,0.0,0.0,0.0802847146987915,1.125674843788147,0.0,0.35293978452682495,65.94718933105469,7.383090972900391,1.8193992376327515,3.668924570083618,0.0,4.841059684753418,82.783447265625,9.777587890625,5.475248336791992,500.4377746582031,0.9255788326263428,0.0,0.0,4.703819274902344,5.068174362182617,2.0464086532592773,2.039628028869629,30.98406219482422,0.0,0.0,5.412963390350342,0.0,0.0,17.703201293945312,20.03680992126465,0.19981878995895386,1.6341015100479126,15.352611541748047,0.0,38.20098114013672,16.030271530151367,52.910011291503906,30.13512420654297,15.426068305969238,25.890926361083984,0.0,0.0,0.0,0.0,0.31237372756004333,0.1480872929096222,0.0,0.0,0.0,0.0,0.0,0.025431953370571136,0.10700870305299759,1.2117791175842285,0.0,0.0,0.0,0.5269123911857605,0.0,0.4583110511302948,0.0,0.0,0.5607293844223022,0.0,0.0,0.0,0.0,0.0,0.0,0.0,0.0,0.12284796684980392,0.0,0.0,0.0,0.0,0.0,0.0,0.21430830657482147,0.0,0.0,0.29543691873550415,0.0,0.0,0.0,0.0,0.0,3.697042942047119,0.0,0.13162586092948914,0.0,0.0,0.0,0.0,0.0,0.0,9.840490341186523,0.8604609966278076,9.840490341186523,0.0,0.0,2.3478360176086426,10.80282974243164,0.0,0.0,0.0,1.7414805889129639,75.55345916748047,0.0,38.016544342041016,0.0,64.44515991210938,12.385992050170898,12.385992050170898,12.385992050170898,0.0,0.0,0.4302304983139038,4.128664016723633,0.0,0.4302304983139038,0.0,22.483070373535156,0.0,0.0,0.0,0.5045864582061768,0.0,0.0,0.0,12.524690628051758,0.0,0.0,0.0,0.0,0.0,0.0,0.0,0.0,0.0,0.0,0.0,0.0,0.0,0.7467267513275146,0.0,0.0,0.0,0.0,5.038506031036377,0.0,0.0,0.0,5.398806095123291,0.0,0.0,1.6348881721496582,1.2906914949417114,0.0,0.0,0.0,0.0,3.287386417388916,4.63688850402832,0.0,4.100347518920898,0.0,0.23232631385326385,0.11133323609828949,0.0,1.2906914949417114,0.1416584551334381,1.099273443222046,0.0,0.0,0.0,22.528913497924805,0.0,0.0,0.0,0.0,0.0,0.0,0.0,0.0,0.0,0.0,0.0,0.0,0.0,0.0,0.0,0.0,0.0,0.0,0.0,0.0,0.0,0.0,0.0,0.0,0.0,0.0,0.0,0.0,0.0,0.0,0.0,0.0,0.0,0.0,0.0,0.0,0.0,0.0,0.0,0.0,0.0,0.0,0.0,0.0,0.0,0.0,0.0,0.0,0.0,0.0,0.0,0.0,0.0,0.0,0.0,0.0,0.0,0.0,0.0,0.0,0.0,0.0,0.0,0.0,0.0,0.0,0.0,0.0,0.0,0.0,0.0,0.0,0.0,0.0,0.0,0.0,0.0,0.0,0.0,0.0,0.0,0.0,0.0,0.0,0.0,0.0,0.0,0.0,0.0,0.0,0.0,0.0,0.0,0.0,0.0,0.0,0.0,0.0,0.0,0.0,0.0,0.0,0.0,0.0,0.0,0.0,0.0,0.0,0.0,0.0,0.0,0.0,0.0
5227,0.0,0.0,0.0,0.0,0.0,0.0,0.0,0.0,0.0,0.0,0.0,0.0,0.0,0.0,0.0,0.0,0.0,0.0,0.0,0.0,0.0,0.0,0.0,0.0,0.0,0.0,0.0,0.0,0.0,0.0,0.0,0.0,0.0,0.0,0.0,0.0,0.0,0.0,0.0,0.0,0.0,0.0,0.0,0.0,0.0,0.0,0.0,0.0,0.0,0.0,0.0,0.0,0.0,0.0,0.0,0.0,0.0,0.0,0.0,0.0,0.0,0.0,0.0,0.0,0.0,0.0,0.0,0.0,0.0,0.0,0.0,0.0,0.0,0.0,0.0,0.0,0.0,0.0,0.0,0.0,0.0,0.0,0.0,0.0,0.0,0.0,0.0,0.0,0.0,0.0,0.0,0.0,0.0,0.0,0.0,0.0,0.0,0.0,0.0,0.0,0.0,0.0,0.0,0.0,0.0,0.0,0.0,0.0,0.0,0.0,0.0,0.0,0.0,0.0,0.0,0.0,0.0,0.0,0.0,0.0,0.0,0.0,0.0,0.0,0.0,0.0,0.0,0.0,0.0,0.0,0.0,0.0,0.0,0.0,0.0,0.0,0.0,0.0,0.0,0.0,0.0,0.0,0.0,0.0,0.0,0.0,0.0,0.0,0.0,0.0,0.0,0.0,0.0,0.0,0.0,0.0,0.0,0.0,0.0,0.0,0.0,0.0,0.0,0.0,0.0,0.0,0.0,0.0,0.0,0.0,0.0,0.0,0.0,0.0,0.0,0.0,0.0,0.0,0.0,0.0,0.0,0.0,0.0,0.0,0.0,0.0,0.0,0.0,0.0,0.0,0.0,0.0,0.0,0.0,0.0,0.0,0.0,0.0,0.0,0.0,0.0,0.0,0.0,0.0,0.0,0.0,0.0,0.0,0.0,0.0,0.0,0.0,0.0,0.0,0.0,0.0,0.0,0.0,0.0,0.0,0.0,0.0,0.0,0.0,0.0,0.0,0.0,0.0,0.0,0.0,0.0,0.0,0.0,0.0,0.0,0.0,0.0,0.0,0.0,0.0,0.0,0.0,0.0,0.0,0.0,0.0,0.0,0.0,0.0,0.0,0.0,0.0,0.0,0.0,0.0,0.0,0.0,0.0,0.0,0.0,0.0,0.0,0.0,0.0,0.0,0.0,0.0,0.0,0.0,0.0,0.0,0.0,0.0,0.0,0.0,0.0,0.0,0.0,0.0,0.0,0.0,0.0,0.0,0.0,0.0,0.0,0.0,0.0,0.0,0.0,0.0,0.0,0.0,0.0,0.0,0.0,0.0,0.0,0.0,0.0,0.0,0.0,0.0,0.0,0.0,0.0,0.0,0.0,0.0,0.0,0.0,0.0,0.0,0.0,0.0,0.0,0.0,0.0,0.0,0.0,0.0,0.0,0.0,0.0,0.0,0.0,0.0,0.0,0.0,0.0,0.0,0.0,0.0,0.0,0.0,0.0,0.0,0.0,0.0,0.0,0.0,0.0,0.0,0.0,0.0,0.0,0.0,0.0,0.0,0.0,0.0,0.0,0.0,0.0,0.0,0.0,0.0,0.0,0.0,0.0,0.0,0.0,0.0,0.0,0.0,0.0,0.0,0.0,0.0,0.0,0.0,0.0,0.0,0.0,0.0,0.0
5228,0.0,0.0,0.0,0.0,0.0,0.0,0.0,0.0,0.0,0.0,0.0,0.0,0.0,0.0,0.0,0.0,0.0,0.0,0.0,0.0,0.0,0.0,0.0,0.0,0.0,0.0,0.0,0.0,0.0,0.0,0.0,0.0,0.0,0.0,0.0,0.0,0.0,0.0,0.0,0.0,0.0,0.0,0.0,0.0,0.0,0.0,0.0,0.0,0.0,0.0,0.0,0.0,0.0,0.0,0.0,0.0,0.0,0.0,0.0,0.0,0.0,0.0,0.0,0.0,0.0,0.0,0.0,0.0,0.0,0.0,0.0,0.0,0.0,0.0,0.0,0.0,0.0,0.0,0.0,0.0,0.0,0.0,0.0,0.0,0.0,0.0,0.0,0.0,0.0,0.0,0.0,0.0,0.0,0.0,0.0,0.0,0.0,0.0,0.0,0.0,0.0,0.0,0.0,0.0,0.0,0.0,0.0,0.0,0.0,0.0,0.0,0.0,0.0,0.0,0.0,0.0,0.0,0.0,0.0,0.0,0.0,0.0,0.0,0.0,0.0,0.0,0.0,0.0,0.0,0.0,0.0,0.0,0.0,0.0,0.0,0.0,0.0,0.0,0.0,0.0,0.0,0.0,0.0,0.0,0.0,0.0,0.0,0.0,0.0,0.0,0.0,0.0,0.0,0.0,0.0,0.0,0.0,0.0,0.0,0.0,0.0,0.0,0.0,0.0,0.0,0.0,0.0,0.0,0.0,0.0,0.0,0.0,0.0,0.0,0.0,0.0,0.0,0.0,0.0,0.0,0.0,0.0,0.0,0.0,0.0,0.0,0.0,0.0,0.0,0.0,0.0,0.0,0.0,0.0,0.0,0.0,0.0,0.0,0.0,0.0,0.0,0.0,0.0,0.0,0.0,0.0,0.0,0.0,0.0,0.0,0.0,0.0,0.0,0.0,0.0,0.0,0.0,0.0,0.0,0.0,0.0,0.0,0.0,0.0,0.0,0.0,0.0,0.0,0.0,0.0,0.0,0.0,0.0,0.0,0.0,0.0,0.0,0.0,0.0,0.0,0.0,0.0,0.0,0.0,0.0,0.0,0.0,0.0,0.0,0.0,0.0,0.0,0.0,0.0,0.0,0.0,0.0,0.0,0.0,0.0,0.0,0.0,0.0,0.0,0.0,0.0,0.0,0.0,0.0,0.0,0.0,0.0,0.0,0.0,0.0,0.0,0.0,0.0,0.0,0.0,0.0,0.0,0.0,0.0,0.0,0.0,0.0,0.0,0.0,0.0,0.0,0.0,0.0,0.0,0.0,0.0,0.0,0.0,0.0,0.0,0.0,0.0,0.0,0.0,0.0,0.0,0.0,0.0,0.0,0.0,0.0,0.0,0.0,0.0,0.0,0.0,0.0,0.0,0.0,0.0,0.0,0.0,0.0,0.0,0.0,0.0,0.0,0.0,0.0,0.0,0.0,0.0,0.0,0.0,0.0,0.0,0.0,0.0,0.0,0.0,0.0,0.0,0.0,0.0,0.0,0.0,0.0,0.0,0.0,0.0,0.0,0.0,0.0,0.0,0.0,0.0,0.0,0.0,0.0,0.0,0.0,0.0,0.0,0.0,0.0,0.0,0.0,0.0,0.0,0.0,0.0,0.0,0.0,0.0,0.0,0.0
5229,0.0,0.0,0.0,0.0,0.0,0.0,0.0,0.0,0.0,0.0,0.0,0.0,0.0,0.0,0.0,0.0,0.0,0.0,0.0,0.0,0.0,0.0,0.0,0.0,0.0,0.0,0.0,0.0,0.0,0.0,0.0,0.0,0.0,0.0,0.0,0.0,0.0,0.0,0.0,0.0,0.0,0.0,0.0,0.11109402775764465,0.0,0.0,0.0,0.0,0.0,0.0,0.0,0.0,0.0,0.0,0.0,0.0,0.0,0.0,0.0,0.0,0.0,0.0,0.0,0.0,0.0,0.0,0.0,0.0,0.0,0.0,0.0,0.0,0.0,0.0,0.0,0.5418508052825928,0.0,0.0,0.5975356698036194,0.0,0.0,0.0,0.0,0.0,0.0,0.0,0.0,0.0,0.32105353474617004,0.0,0.0,5.165452003479004,0.0,0.0,0.11836914718151093,0.0,0.4625577926635742,0.6285899877548218,0.3426331877708435,0.0,47.52081298828125,0.0,0.0,0.0,0.7082588076591492,0.64577317237854,0.0,0.0,2.5149099826812744,0.0,0.0,1.0892448425292969,0.0,0.0,1.3779163360595703,1.69865882396698,0.0,0.0,13.934771537780762,0.0,1.2197176218032837,0.23890087008476257,13.263465881347656,36.09238815307617,3.3482017517089844,5.197688579559326,0.0,0.0,0.0,0.0,0.0,0.0,0.0,0.0,0.0,0.0,0.0,0.0,1.3505330085754395,0.0,0.0,0.0,0.0,0.0,0.0,0.0,0.0,0.0,0.5612435936927795,0.0,0.0,0.0,0.0,0.0,0.0,0.0,0.0,0.0,0.0,0.0,0.0,0.0,0.0,0.0,0.08053424209356308,0.0,0.0,0.0,0.0,0.0,0.0,0.0,0.0,0.0,0.0,0.0,0.0,0.0,0.0,0.0,0.0,0.0,0.661404550075531,0.0,0.3145619332790375,0.0,0.0,0.0,0.0,0.0,0.0,0.0,0.0,4.655455589294434,0.0,0.0,0.0,4.679534912109375,0.7884567379951477,0.31157034635543823,0.4302304983139038,0.0,0.0,0.0,0.8604609966278076,0.0,0.0,0.0,2.5304055213928223,0.0,0.0,0.0,0.0,0.0,0.0,0.0,0.0,0.0,0.0,0.0,0.0,0.0,0.0,0.0,0.0,0.0,0.0,0.0,0.0,0.0,0.0,0.0,0.0,0.0,0.0,0.1028684601187706,0.0,0.0,0.0,0.0,0.0,0.0,0.0,0.0,0.0,0.0,0.0,0.0,0.0,0.0,0.0,0.0,0.0,0.0,0.0,0.0,0.0,0.0,0.0,0.0,0.0,0.0,38.22597122192383,0.0,0.0,0.0,0.0,0.0,0.0,0.0,0.0,0.0,0.0,0.0,0.0,0.0,0.0,0.0,0.0,0.0,0.0,0.0,0.0,0.0,0.0,0.0,0.0,0.0,0.0,0.0,0.0,0.0,0.0,0.0,0.0,0.0,0.0,0.0,0.0,0.0,0.0,0.0,0.0,0.0,0.0,0.0,0.0,0.0,0.0,0.0,0.0,0.0,0.0,0.0,0.0,0.0,0.0,0.0,0.0,0.0,0.0,0.0,0.0,0.0,0.0,0.0,0.0,0.0,0.0,0.0,0.0,0.0,0.0,0.0,0.0,0.0,0.0,0.0,0.0,0.0,0.0,0.0,0.0,0.0,0.0,0.0,0.0,0.0,0.0,0.0,0.0,0.0,0.0,0.0,0.0,0.0,0.0,0.0,0.0,0.0,0.0,0.0,0.0,0.0,0.0,0.0,0.0,0.0,0.0,0.0,0.0,0.0,0.0,0.0,0.0,0.0
5230,0.0,0.0,0.0,0.0,0.0,0.19590215384960175,0.2687312960624695,0.0,0.0,0.5205050110816956,0.0,0.0,0.3999674916267395,0.0,0.0,0.0,0.0,0.0,0.0,0.0,0.0,0.0,0.0,0.0,0.0,0.0,0.0,0.0,0.0,0.0,0.0,0.0,0.0,0.0,0.0,0.0,0.0,0.0,0.0,0.0,0.0,0.16487978398799896,0.0,3.951570510864258,0.0,0.0,0.0,0.0,0.0,0.701399028301239,0.038985006511211395,0.6514593958854675,0.0,0.0,0.0,0.0,0.0,0.0,0.0,0.0,0.0,0.0,0.0,0.0,0.0,0.0,0.0,0.0,0.0,0.0,0.0,0.0,0.0,0.0,0.0,8.115113258361816,0.0,0.0,85.4214859008789,9.163893699645996,5.219985485076904,0.0,0.9566306471824646,26.907543182373047,0.0,0.0,0.0,0.0,14.763203620910645,0.0,4.252089500427246,36.4991455078125,5.202708721160889,0.30271992087364197,1.8147634267807007,0.0,2.7557783126831055,6.519084930419922,2.1192197799682617,1.005279541015625,288.236083984375,0.0,0.0,0.0,1.688148856163025,4.875597953796387,0.7518193125724792,0.5032018423080444,9.551645278930664,0.0,0.0,6.492240905761719,0.0,0.0,6.504511833190918,7.806820392608643,1.005257487297058,0.8604609966278076,48.29654312133789,0.0,6.296505451202393,3.415572166442871,64.24336242675781,238.27903747558594,28.162675857543945,33.83536911010742,0.0,0.0,0.0,0.0,0.32900649309158325,1.2048721313476562,0.0,0.0,0.0,0.0,0.0,0.7152982950210571,1.367905855178833,3.660719633102417,0.0,0.0,0.0,0.0,0.0,3.2505457401275635,0.0,1.0612537860870361,5.551237106323242,0.0,0.0,0.0,0.47708258032798767,0.0,0.0,0.0,0.0,0.7287219762802124,0.0,0.0,0.0,0.0,0.0,0.0,1.3392828702926636,0.0,0.0,1.3567543029785156,0.0,0.0,0.0,0.0,0.0,3.3320021629333496,0.0,0.11167790740728378,0.0,0.0,0.0,0.0,0.0,0.0,3.907102584838867,0.14811557531356812,2.077544689178467,0.0,0.0,0.13634814321994781,0.5406674742698669,0.0,0.0,0.0,0.2802193760871887,14.061473846435547,0.0,2.516840934753418,0.0,12.786046981811523,7.677903175354004,3.072378635406494,4.128664016723633,0.0,0.0,0.8604609966278076,3.268203020095825,0.0,0.8604609966278076,0.0,12.551830291748047,0.0,0.0,0.0,0.16713733971118927,0.0,0.0,0.0,4.086628437042236,0.0,0.0,0.0,0.0,0.0,0.0,0.0,0.0,0.0,0.0,0.0,0.0,0.0,0.18657049536705017,0.0,0.0,0.0,0.0,0.7857195734977722,0.0,0.0,0.0,2.6521377563476562,0.0,0.0,0.1258348524570465,0.13135597109794617,0.0,0.0,0.0,0.0,0.0,0.2224780172109604,0.0,0.0,0.0,2.6889114379882812,0.0,0.0,0.13135597109794617,0.0,0.0,0.0,0.0,0.0,101.42706298828125,0.0,0.0,0.0,0.0,0.0,0.0,0.0,0.0,0.0,0.0,0.0,0.0,0.0,0.0,0.0,0.0,0.0,0.0,0.0,0.0,0.0,0.0,0.0,0.0,0.0,0.0,0.0,0.0,0.0,0.0,0.0,0.0,0.0,0.0,0.0,0.0,0.0,0.0,0.0,0.0,0.0,0.0,0.0,0.0,0.0,0.0,0.0,0.0,0.0,0.0,0.0,0.0,0.0,0.0,0.0,0.0,0.0,0.0,0.0,0.0,0.0,0.0,0.0,0.0,0.0,0.0,0.0,0.0,0.0,0.0,0.0,0.0,0.0,0.0,0.0,0.0,0.0,0.0,0.0,0.0,0.0,0.0,0.0,0.0,0.0,0.0,0.0,0.0,0.0,0.0,0.0,0.0,0.0,0.0,0.0,0.0,0.0,0.0,0.0,0.0,0.0,0.0,0.0,0.0,0.0,0.0,0.0,0.0,0.0,0.0,0.0,0.0,0.0
5231,0.0,0.0,0.0,0.0,0.0,0.0,0.0,0.0,0.0,0.0,0.0,0.0,0.0,0.0,0.0,0.0,0.0,0.0,0.0,0.0,0.0,0.0,0.0,0.0,0.0,0.0,0.0,0.0,0.0,0.0,0.0,0.0,0.0,0.0,0.0,0.0,0.0,0.0,0.0,0.0,0.0,0.0,0.0,0.0,0.0,0.0,0.0,0.0,0.0,0.0,0.0,0.0,0.0,0.0,0.0,0.0,0.0,0.0,0.0,0.0,0.0,0.0,0.0,0.0,0.0,0.0,0.0,0.0,0.0,0.0,0.0,0.0,0.0,0.0,0.0,0.0,0.0,0.0,0.0,0.0,0.0,0.0,0.0,0.0,0.0,0.0,0.0,0.0,0.0,0.0,0.0,0.0,0.0,0.0,0.0,0.0,0.0,0.0,0.0,0.0,0.0,0.0,0.0,0.0,0.0,0.0,0.0,0.0,0.0,0.0,0.0,0.0,0.0,0.0,0.0,0.0,0.0,0.0,0.0,0.0,0.0,0.0,0.0,0.0,0.0,0.0,0.0,0.0,0.0,0.0,0.0,0.0,0.0,0.0,0.0,0.0,0.0,0.0,0.0,0.0,0.0,0.0,0.0,0.0,0.0,0.0,0.0,0.0,0.0,0.0,0.0,0.0,0.0,0.0,0.0,0.0,0.0,0.0,0.0,0.0,0.0,0.0,0.0,0.0,0.0,0.0,0.0,0.0,0.0,0.0,0.0,0.0,0.0,0.0,0.0,0.0,0.0,0.0,0.0,0.0,0.0,0.0,0.0,0.0,0.0,0.0,0.0,0.0,0.0,0.0,0.0,0.0,0.0,0.0,0.0,0.0,0.0,0.0,0.0,0.0,0.0,0.0,0.0,0.0,0.0,0.0,0.0,0.0,0.0,0.0,0.0,0.0,0.0,0.0,0.0,0.0,0.0,0.0,0.0,0.0,0.0,0.0,0.0,0.0,0.0,0.0,0.0,0.0,0.0,0.0,0.0,0.0,0.0,0.0,0.0,0.0,0.0,0.0,0.0,0.0,0.0,0.0,0.0,0.0,0.0,0.0,0.0,0.0,0.0,0.0,0.0,0.0,0.0,0.0,0.0,0.0,0.0,0.0,0.0,0.0,0.0,0.0,0.0,0.0,0.0,0.0,0.0,0.0,0.0,0.0,0.0,0.0,0.0,0.0,0.0,0.0,0.0,0.0,0.0,0.0,0.0,0.0,0.0,0.0,0.0,0.0,0.0,0.0,0.0,0.0,0.0,0.0,0.0,0.0,0.0,0.0,0.0,0.0,0.0,0.0,0.0,0.0,0.0,0.0,0.0,0.0,0.0,0.0,0.0,0.0,0.0,0.0,0.0,0.0,0.0,0.0,0.0,0.0,0.0,0.0,0.0,0.0,0.0,0.0,0.0,0.0,0.0,0.0,0.0,0.0,0.0,0.0,0.0,0.0,0.0,0.0,0.0,0.0,0.0,0.0,0.0,0.0,0.0,0.0,0.0,0.0,0.0,0.0,0.0,0.0,0.0,0.0,0.0,0.0,0.0,0.0,0.0,0.0,0.0,0.0,0.0,0.0,0.0,0.0,0.0,0.0,0.0,0.0,0.0,0.0,0.0,0.0,0.0,0.0,0.0,0.0
5232,0.0,0.0,0.0,0.0,0.0,0.0,0.0,0.0,0.0,0.0,0.0,0.0,0.0,0.0,0.0,0.0,0.0,0.0,0.0,0.0,0.0,0.0,0.0,0.0,0.0,0.0,0.0,0.0,0.0,0.0,0.0,0.0,0.0,0.0,0.0,0.0,0.0,0.0,0.0,0.0,0.0,0.0,0.0,0.11109402775764465,0.0,0.0,0.0,0.0,0.0,0.0,0.0,0.0,0.0,0.0,0.0,0.0,0.0,0.0,0.0,0.0,0.0,0.0,0.0,0.0,0.0,0.0,0.0,0.0,0.0,0.0,0.0,0.0,0.0,0.0,0.0,0.5418508052825928,0.0,0.0,0.5975356698036194,0.0,0.0,0.0,0.0,0.0,0.0,0.0,0.0,0.0,0.32105353474617004,0.0,0.0,7.0913848876953125,0.0,0.0,0.11836914718151093,0.0,0.4625577926635742,0.6285899877548218,0.3958157002925873,0.0,47.52081298828125,0.0,0.0,0.0,0.7082588076591492,0.64577317237854,0.0,0.0,2.5149099826812744,0.0,0.0,1.0892448425292969,0.0,0.0,2.0816473960876465,2.6689774990081787,0.0,0.0,13.934771537780762,0.0,1.2197176218032837,0.23890087008476257,21.342832565307617,36.09238815307617,3.1594252586364746,4.507955074310303,0.0,0.0,0.0,0.0,0.0,0.0,0.0,0.0,0.0,0.0,0.0,0.0,1.3505330085754395,0.0,0.0,0.0,0.0,0.0,0.0,0.0,0.0,0.0,0.5612435936927795,0.0,0.0,0.0,0.0,0.0,0.0,0.0,0.0,0.0,0.0,0.0,0.0,0.0,0.0,0.0,0.14017264544963837,0.0,0.0,0.0,0.0,0.0,0.0,0.0,0.0,0.0,0.0,0.0,0.0,0.0,0.0,0.0,0.0,0.0,0.661404550075531,0.0,0.3145619332790375,0.0,0.0,0.0,0.0,0.0,0.0,0.0,0.0,8.92741870880127,0.0,0.0,0.0,5.173986911773682,0.7884567379951477,0.31157034635543823,0.4302304983139038,0.0,0.0,0.0,0.8604609966278076,0.0,0.0,0.0,3.268203020095825,0.0,0.0,0.0,0.0,0.0,0.0,0.0,0.0,0.0,0.0,0.0,0.0,0.0,0.0,0.0,0.0,0.0,0.0,0.0,0.0,0.0,0.0,0.0,0.0,0.0,0.0,0.1028684601187706,0.0,0.0,0.0,0.0,0.0,0.0,0.0,0.0,0.0,0.0,0.0,0.0,0.0,0.0,0.0,0.0,0.0,0.0,0.0,0.0,0.0,0.0,0.0,0.0,0.0,0.0,38.22597122192383,0.0,0.0,0.0,0.0,0.0,0.0,0.0,0.0,0.0,0.0,0.0,0.0,0.0,0.0,0.0,0.0,0.0,0.0,0.0,0.0,0.0,0.0,0.0,0.0,0.0,0.0,0.0,0.0,0.0,0.0,0.0,0.0,0.0,0.0,0.0,0.0,0.0,0.0,0.0,0.0,0.0,0.0,0.0,0.0,0.0,0.0,0.0,0.0,0.0,0.0,0.0,0.0,0.0,0.0,0.0,0.0,0.0,0.0,0.0,0.0,0.0,0.0,0.0,0.0,0.0,0.0,0.0,0.0,0.0,0.0,0.0,0.0,0.0,0.0,0.0,0.0,0.0,0.0,0.0,0.0,0.0,0.0,0.0,0.0,0.0,0.0,0.0,0.0,0.0,0.0,0.0,0.0,0.0,0.0,0.0,0.0,0.0,0.0,0.0,0.0,0.0,0.0,0.0,0.0,0.0,0.0,0.0,0.0,0.0,0.0,0.0,0.0,0.0
5233,0.0,0.0,0.0,0.0,0.0,0.0,0.0,0.0,0.0,0.0,0.0,0.0,0.0,0.0,0.0,0.0,0.0,0.0,0.0,0.0,0.0,0.0,0.0,0.0,0.0,0.0,0.0,0.0,0.0,0.0,0.0,0.0,0.0,0.0,0.0,0.0,0.0,0.0,0.0,0.0,0.0,0.0,0.0,0.0,0.0,0.0,0.0,0.0,0.0,0.0,0.0,0.0,0.0,0.0,0.0,0.0,0.0,0.0,0.0,0.0,0.0,0.0,0.0,0.0,0.0,0.0,0.0,0.0,0.0,0.0,0.0,0.0,0.0,0.0,0.0,0.0,0.0,0.0,0.0,0.0,0.0,0.0,0.0,0.0,0.0,0.0,0.0,0.0,0.0,0.0,0.0,0.0,0.0,0.0,0.0,0.0,0.0,0.0,0.0,0.0,0.0,0.0,0.0,0.0,0.0,0.0,0.0,0.0,0.0,0.0,0.0,0.0,0.0,0.0,0.0,0.0,0.0,0.0,0.0,0.0,0.0,0.0,0.0,0.0,0.0,0.0,0.0,0.0,0.0,0.0,0.0,0.0,0.0,0.0,0.0,0.0,0.0,0.0,0.0,0.0,0.0,0.0,0.0,0.0,0.0,0.0,0.0,0.0,0.0,0.0,0.0,0.0,0.0,0.0,0.0,0.0,0.0,0.0,0.0,0.0,0.0,0.0,0.0,0.0,0.0,0.0,0.0,0.0,0.0,0.0,0.0,0.0,0.0,0.0,0.0,0.0,0.0,0.0,0.0,0.0,0.0,0.0,0.0,0.0,0.0,0.0,0.0,0.0,0.0,0.0,0.0,0.0,0.0,0.0,0.0,0.0,0.0,0.0,0.0,0.0,0.0,0.0,0.0,0.0,0.0,0.0,0.0,0.0,0.0,0.0,0.0,0.0,0.0,0.0,0.0,0.0,0.0,0.0,0.0,0.0,0.0,0.0,0.0,0.0,0.0,0.0,0.0,0.0,0.0,0.0,0.0,0.0,0.0,0.0,0.0,0.0,0.0,0.0,0.0,0.0,0.0,0.0,0.0,0.0,0.0,0.0,0.0,0.0,0.0,0.0,0.0,0.0,0.0,0.0,0.0,0.0,0.0,0.0,0.0,0.0,0.0,0.0,0.0,0.0,0.0,0.0,0.0,0.0,0.0,0.0,0.0,0.0,0.0,0.0,0.0,0.0,0.0,0.0,0.0,0.0,0.0,0.0,0.0,0.0,0.0,0.0,0.0,0.0,0.0,0.0,0.0,0.0,0.0,0.0,0.0,0.0,0.0,0.0,0.0,0.0,0.0,0.0,0.0,0.0,0.0,0.0,0.0,0.0,0.0,0.0,0.0,0.0,0.0,0.0,0.0,0.0,0.0,0.0,0.0,0.0,0.0,0.0,0.0,0.0,0.0,0.0,0.0,0.0,0.0,0.0,0.0,0.0,0.0,0.0,0.0,0.0,0.0,0.0,0.0,0.0,0.0,0.0,0.0,0.0,0.0,0.0,0.0,0.0,0.0,0.0,0.0,0.0,0.0,0.0,0.0,0.0,0.0,0.0,0.0,0.0,0.0,0.0,0.0,0.0,0.0,0.0,0.0,0.0,0.0,0.0,0.0,0.0,0.0,0.0,0.0,0.0
5234,1.5032216310501099,0.46871045231819153,0.0,0.20323362946510315,0.3593313992023468,0.7029187083244324,0.8089243769645691,0.16151772439479828,0.46418243646621704,1.2709566354751587,0.16151772439479828,0.2918342351913452,1.4247651100158691,0.0,0.0,0.098800428211689,0.0,0.0,0.0,0.0,0.0,0.0,0.0,0.018519174307584763,0.23471520841121674,0.08005394786596298,0.11774463951587677,0.033393580466508865,0.0,0.0,0.0,0.0,0.0,0.0,0.0,0.3438529968261719,0.0,0.0,0.0,0.02111784927546978,0.03651450574398041,1.0625319480895996,0.0,4.65289831161499,0.24937671422958374,0.0,0.0,0.5348852276802063,0.0,4.543519020080566,0.42108237743377686,4.943556785583496,4.62589168548584,0.0,0.0,0.0,0.0,0.0,0.0,0.0,0.0,0.0,0.0,0.5209015607833862,0.4302304983139038,0.0,0.6474056243896484,0.542762041091919,0.0,0.4302304983139038,0.4302304983139038,0.585838258266449,0.4302304983139038,0.0,0.0,21.33268928527832,0.0,0.0,28.328899383544922,52.84220504760742,28.24949836730957,0.0,3.049034357070923,5.1950364112854,0.0,0.0,0.0,3.0406806468963623,21.52788734436035,0.0,8.59179401397705,81.02566528320312,43.74238967895508,1.3649051189422607,7.069053649902344,0.0,14.459378242492676,21.836206436157227,9.107575416564941,5.8673930168151855,92.33084869384766,0.5458589196205139,0.0,0.0,23.83238410949707,29.38736915588379,11.07966423034668,4.476729393005371,79.51127624511719,0.0,0.0,28.918073654174805,0.0,0.0,59.575050354003906,77.32352447509766,10.30594539642334,4.000755310058594,227.35797119140625,0.0,24.70052146911621,12.849279403686523,617.973388671875,575.9801025390625,86.25077819824219,139.64447021484375,0.0,0.0,0.0,0.0,1.3702011108398438,8.328948020935059,0.0,0.0,0.0,0.0,0.0,0.8124915361404419,1.5395910739898682,17.439725875854492,1.274243712425232,1.8119726181030273,0.0,0.0,0.16165372729301453,8.03783893585205,3.0533525943756104,4.953906059265137,12.041970252990723,0.6864311695098877,0.0,0.0,3.862828016281128,0.0,0.0,3.3215723037719727,0.0,18.20421600341797,0.0,0.0,4.22866678237915,0.0,0.0,0.0,16.663841247558594,0.0,0.0,11.41840934753418,0.0,0.0,0.0,0.0,0.0,28.7056827545166,0.0,10.006308555603027,0.0,0.0,2.9184420108795166,0.0,0.0,0.0,34.05924987792969,0.9119464755058289,12.332640647888184,0.0,0.0,0.7914242148399353,3.8970634937286377,0.0,0.0,0.0,1.54291832447052,52.5965576171875,0.0,8.960165977478027,0.0,139.94956970214844,43.004947662353516,22.690855026245117,22.483070373535156,0.0,0.0,2.5304055213928223,12.551830291748047,0.0,3.268203020095825,0.0,89.83815002441406,0.0,0.0,0.0,2.067196846008301,0.0,0.0,0.0,62.87850570678711,0.0,0.0,0.0,0.0,0.0,0.0,0.0,0.0,0.0,0.0,0.0,0.0,0.0,2.941786527633667,0.0,0.0,0.0,0.0,9.04031753540039,0.0,0.0,0.0,33.23057556152344,2.0752999782562256,0.0,1.3090049028396606,3.4230737686157227,0.0,0.0,0.0,0.0,0.3635419011116028,0.50893235206604,0.0,0.5606399774551392,0.0,6.615453243255615,2.8790721893310547,0.0,3.4230737686157227,0.0,0.16061262786388397,0.0,0.0,0.0,45.49470520019531,0.0,0.0,0.0,0.0,0.0,0.0,0.0,0.0,0.0,0.0,0.0,0.0,0.0,0.0,0.0,0.0,0.0,0.0,0.0,0.0,0.0,0.0,0.0,0.0,0.0,0.0,0.0,0.0,0.0,0.0,0.0,0.0,0.0,0.0,0.0,0.0,0.0,0.0,0.0,0.0,0.0,0.0,0.0,0.0,0.0,0.0,0.0,0.0,0.0,0.0,0.0,0.0,0.0,0.0,0.0,0.0,0.0,0.0,0.0,0.0,0.0,0.0,0.0,0.0,0.0,0.0,0.0,0.0,0.0,0.0,0.0,0.0,0.0,0.0,0.0,0.0,0.0,0.0,0.0,0.0,0.0,0.0,0.0,0.0,0.0,0.0,0.0,0.0,0.0,0.0,0.0,0.0,0.0,0.0,0.0,0.0,0.0,0.0,0.0,0.0,0.0,0.0,0.0,0.0,0.0,0.0,0.0,0.0,0.0,0.0,0.0,0.0,0.0
5235,0.0,0.0,0.0,0.0,0.0,0.0,0.0,0.0,0.0,0.0,0.0,0.0,0.0,0.0,0.0,0.0,0.0,0.0,0.0,0.0,0.0,0.0,0.0,0.0,0.0,0.0,0.0,0.0,0.0,0.0,0.0,0.0,0.0,0.0,0.0,0.0,0.0,0.0,0.0,0.0,0.0,0.0,0.0,0.0,0.0,0.0,0.0,0.0,0.0,0.0,0.0,0.0,0.0,0.0,0.0,0.0,0.0,0.0,0.0,0.0,0.0,0.0,0.0,0.0,0.0,0.0,0.0,0.0,0.0,0.0,0.0,0.0,0.0,0.0,0.0,0.0,0.0,0.0,0.0,0.0,0.0,0.0,0.0,0.0,0.0,0.0,0.0,0.0,0.0,0.0,0.0,0.0,0.0,0.0,0.0,0.0,0.0,0.0,0.0,0.0,0.0,0.0,0.0,0.0,0.0,0.0,0.0,0.0,0.0,0.0,0.0,0.0,0.0,0.0,0.0,0.0,0.0,0.0,0.0,0.0,0.0,0.0,0.0,0.0,0.0,0.0,0.0,0.0,0.0,0.0,0.0,0.0,0.0,0.0,0.0,0.0,0.0,0.0,0.0,0.0,0.0,0.0,0.0,0.0,0.0,0.0,0.0,0.0,0.0,0.0,0.0,0.0,0.0,0.0,0.0,0.0,0.0,0.0,0.0,0.0,0.0,0.0,0.0,0.0,0.0,0.0,0.0,0.0,0.0,0.0,0.0,0.0,0.0,0.0,0.0,0.0,0.0,0.0,0.0,0.0,0.0,0.0,0.0,0.0,0.0,0.0,0.0,0.0,0.0,0.0,0.0,0.0,0.0,0.0,0.0,0.0,0.0,0.0,0.0,0.0,0.0,0.0,0.0,0.0,0.0,0.0,0.0,0.0,0.0,0.0,0.0,0.0,0.0,0.0,0.0,0.0,0.0,0.0,0.0,0.0,0.0,0.0,0.0,0.0,0.0,0.0,0.0,0.0,0.0,0.0,0.0,0.0,0.0,0.0,0.0,0.0,0.0,0.0,0.0,0.0,0.0,0.0,0.0,0.0,0.0,0.0,0.0,0.0,0.0,0.0,0.0,0.0,0.0,0.0,0.0,0.0,0.0,0.0,0.0,0.0,0.0,0.0,0.0,0.0,0.0,0.0,0.0,0.0,0.0,0.0,0.0,0.0,0.0,0.0,0.0,0.0,0.0,0.0,0.0,0.0,0.0,0.0,0.0,0.0,0.0,0.0,0.0,0.0,0.0,0.0,0.0,0.0,0.0,0.0,0.0,0.0,0.0,0.0,0.0,0.0,0.0,0.0,0.0,0.0,0.0,0.0,0.0,0.0,0.0,0.0,0.0,0.0,0.0,0.0,0.0,0.0,0.0,0.0,0.0,0.0,0.0,0.0,0.0,0.0,0.0,0.0,0.0,0.0,0.0,0.0,0.0,0.0,0.0,0.0,0.0,0.0,0.0,0.0,0.0,0.0,0.0,0.0,0.0,0.0,0.0,0.0,0.0,0.0,0.0,0.0,0.0,0.0,0.0,0.0,0.0,0.0,0.0,0.0,0.0,0.0,0.0,0.0,0.0,0.0,0.0,0.0,0.0,0.0,0.0,0.0,0.0,0.0,0.0,0.0,0.0,0.0
5236,0.0,0.0,0.0,0.0,0.0,0.0,0.0,0.0,0.0,0.0,0.0,0.0,0.0,0.0,0.0,0.0,0.0,0.0,0.0,0.0,0.0,0.0,0.0,0.0,0.0,0.0,0.0,0.0,0.0,0.0,0.0,0.0,0.0,0.0,0.0,0.0,0.0,0.0,0.0,0.0,0.0,0.0,0.0,0.0,0.0,0.0,0.0,0.0,0.0,0.0,0.0,0.0,0.0,0.0,0.0,0.0,0.0,0.0,0.0,0.0,0.0,0.0,0.0,0.0,0.0,0.0,0.0,0.0,0.0,0.0,0.0,0.0,0.0,0.0,0.0,0.0,0.0,0.0,0.0,0.0,0.0,0.0,0.0,0.0,0.0,0.0,0.0,0.0,0.0,0.0,0.0,0.0,0.0,0.0,0.0,0.0,0.0,0.0,0.0,0.0,0.0,0.0,0.0,0.0,0.0,0.0,0.0,0.0,0.0,0.0,0.0,0.0,0.0,0.0,0.0,0.0,0.0,0.0,0.0,0.0,0.0,0.0,0.0,0.0,0.0,0.0,0.0,0.0,0.0,0.0,0.0,0.0,0.0,0.0,0.0,0.0,0.0,0.0,0.0,0.0,0.0,0.0,0.0,0.0,0.0,0.0,0.0,0.0,0.0,0.0,0.0,0.0,0.0,0.0,0.0,0.0,0.0,0.0,0.0,0.0,0.0,0.0,0.0,0.0,0.0,0.0,0.0,0.0,0.0,0.0,0.0,0.0,0.0,0.0,0.0,0.0,0.0,0.0,0.0,0.0,0.0,0.0,0.0,0.0,0.0,0.0,0.0,0.0,0.0,0.0,0.0,0.0,0.0,0.0,0.0,0.0,0.0,0.0,0.0,0.0,0.0,0.0,0.0,0.0,0.0,0.0,0.0,0.0,0.0,0.0,0.0,0.0,0.0,0.0,0.0,0.0,0.0,0.0,0.0,0.0,0.0,0.0,0.0,0.0,0.0,0.0,0.0,0.0,0.0,0.0,0.0,0.0,0.0,0.0,0.0,0.0,0.0,0.0,0.0,0.0,0.0,0.0,0.0,0.0,0.0,0.0,0.0,0.0,0.0,0.0,0.0,0.0,0.0,0.0,0.0,0.0,0.0,0.0,0.0,0.0,0.0,0.0,0.0,0.0,0.0,0.0,0.0,0.0,0.0,0.0,0.0,0.0,0.0,0.0,0.0,0.0,0.0,0.0,0.0,0.0,0.0,0.0,0.0,0.0,0.0,0.0,0.0,0.0,0.0,0.0,0.0,0.0,0.0,0.0,0.0,0.0,0.0,0.0,0.0,0.0,0.0,0.0,0.0,0.0,0.0,0.0,0.0,0.0,0.0,0.0,0.0,0.0,0.0,0.0,0.0,0.0,0.0,0.0,0.0,0.0,0.0,0.0,0.0,0.0,0.0,0.0,0.0,0.0,0.0,0.0,0.0,0.0,0.0,0.0,0.0,0.0,0.0,0.0,0.0,0.0,0.0,0.0,0.0,0.0,0.0,0.0,0.0,0.0,0.0,0.0,0.0,0.0,0.0,0.0,0.0,0.0,0.0,0.0,0.0,0.0,0.0,0.0,0.0,0.0,0.0,0.0,0.0,0.0,0.0,0.0,0.0,0.0,0.0,0.0,0.0,0.0
5237,0.0,0.0,0.0,0.0,0.0,0.0,0.0,0.0,0.0,0.0,0.0,0.0,0.0,0.0,0.0,0.0,0.0,0.0,0.0,0.0,0.0,0.0,0.0,0.0,0.0,0.0,0.0,0.0,0.0,0.0,0.0,0.0,0.0,0.0,0.0,0.0,0.0,0.0,0.0,0.0,0.0,0.0,0.0,0.0,0.0,0.0,0.0,0.0,0.0,0.0,0.0,0.0,0.0,0.0,0.0,0.0,0.0,0.0,0.0,0.0,0.0,0.0,0.0,0.0,0.0,0.0,0.0,0.0,0.0,0.0,0.0,0.0,0.0,0.0,0.0,0.0,0.0,0.0,0.0,0.0,0.0,0.0,0.0,0.0,0.0,0.0,0.0,0.0,0.0,0.0,0.0,0.0,0.0,0.0,0.0,0.0,0.0,0.0,0.0,0.0,0.0,0.0,0.0,0.0,0.0,0.0,0.0,0.0,0.0,0.0,0.0,0.0,0.0,0.0,0.0,0.0,0.0,0.0,0.0,0.0,0.0,0.0,0.0,0.0,0.0,0.0,0.0,0.0,0.0,0.0,0.0,0.0,0.0,0.0,0.0,0.0,0.0,0.0,0.0,0.0,0.0,0.0,0.0,0.0,0.0,0.0,0.0,0.0,0.0,0.0,0.0,0.0,0.0,0.0,0.0,0.0,0.0,0.0,0.0,0.0,0.0,0.0,0.0,0.0,0.0,0.0,0.0,0.0,0.0,0.0,0.0,0.0,0.0,0.0,0.0,0.0,0.0,0.0,0.0,0.0,0.0,0.0,0.0,0.0,0.0,0.0,0.0,0.0,0.0,0.0,0.0,0.0,0.0,0.0,0.0,0.0,0.0,0.0,0.0,0.0,0.0,0.0,0.0,0.0,0.0,0.0,0.0,0.0,0.0,0.0,0.0,0.0,0.0,0.0,0.0,0.0,0.0,0.0,0.0,0.0,0.0,0.0,0.0,0.0,0.0,0.0,0.0,0.0,0.0,0.0,0.0,0.0,0.0,0.0,0.0,0.0,0.0,0.0,0.0,0.0,0.0,0.0,0.0,0.0,0.0,0.0,0.0,0.0,0.0,0.0,0.0,0.0,0.0,0.0,0.0,0.0,0.0,0.0,0.0,0.0,0.0,0.0,0.0,0.0,0.0,0.0,0.0,0.0,0.0,0.0,0.0,0.0,0.0,0.0,0.0,0.0,0.0,0.0,0.0,0.0,0.0,0.0,0.0,0.0,0.0,0.0,0.0,0.0,0.0,0.0,0.0,0.0,0.0,0.0,0.0,0.0,0.0,0.0,0.0,0.0,0.0,0.0,0.0,0.0,0.0,0.0,0.0,0.0,0.0,0.0,0.0,0.0,0.0,0.0,0.0,0.0,0.0,0.0,0.0,0.0,0.0,0.0,0.0,0.0,0.0,0.0,0.0,0.0,0.0,0.0,0.0,0.0,0.0,0.0,0.0,0.0,0.0,0.0,0.0,0.0,0.0,0.0,0.0,0.0,0.0,0.0,0.0,0.0,0.0,0.0,0.0,0.0,0.0,0.0,0.0,0.0,0.0,0.0,0.0,0.0,0.0,0.0,0.0,0.0,0.0,0.0,0.0,0.0,0.0,0.0,0.0,0.0,0.0,0.0,0.0,0.0
5238,0.0,0.0,0.0,0.0,0.07518724352121353,0.05021847411990166,0.18842723965644836,0.0,0.0,0.3402324616909027,0.0,0.0,0.0,0.0,0.0,0.0,0.0,0.0,0.0,0.0,0.0,0.0,0.0,0.0,0.0,0.15057441592216492,0.0,0.0,0.0,0.0,0.0,0.0,0.0,0.0,0.0,0.0,0.0,0.0,0.0,0.0,0.0,0.0,0.0,0.0,0.0,0.0,0.0,0.0,0.0,0.0,0.0,0.0,0.0,0.0,0.0,0.0,0.0,0.0,0.0,0.0,0.0,0.0,0.0,0.0,0.0,0.0,0.0,0.0,0.0,0.0,0.0,0.0,0.0,0.0,0.0,0.5329254269599915,0.0,0.0,0.8496330976486206,0.48428669571876526,0.37038788199424744,0.0,0.0,0.0,0.0,0.0,0.0,0.0,0.2981135845184326,0.0,0.0,2.1344516277313232,0.0,0.0,0.150992289185524,0.0,0.3275396227836609,1.0343317985534668,0.48744434118270874,0.0,8.12677001953125,0.0,0.0,0.0,0.4118220806121826,0.6520031690597534,0.26021677255630493,0.0,1.8212701082229614,0.0,0.0,0.9070810675621033,0.0,0.0,25.464826583862305,18.578460693359375,0.0,0.0,3.86830472946167,0.0,1.909371256828308,0.9097149968147278,34.07080841064453,22.792089462280273,2.315075159072876,3.8372790813446045,0.0,0.0,0.0,0.0,0.0,0.0,0.0,0.0,0.0,0.0,0.0,0.0,0.0,0.0,0.0,0.0,0.0,0.0,0.0,0.0,0.0,0.0,0.0,0.0,0.0,0.0,0.0,0.0,0.0,0.0,0.0,0.6240373253822327,0.0,0.0,0.0,0.0,0.0,0.0,1.039631962776184,0.0,0.0,0.12984329462051392,0.0,0.0,0.0,0.0,0.0,0.0,0.0,0.3417002260684967,0.0,0.0,0.0,0.0,0.0,0.0,11.329390525817871,1.4343512058258057,6.6202006340026855,0.0,0.0,0.2983364760875702,0.9099695682525635,0.0,0.0,0.0,1.3681926727294922,3.948009967803955,0.0,1.9700952768325806,0.0,2.947331428527832,0.9347836971282959,0.4294010102748871,0.5045864582061768,0.0,0.0,0.0,0.16713733971118927,0.0,0.0,0.0,2.067196846008301,0.0,0.0,0.0,34.19162368774414,0.0,0.0,0.0,34.09990310668945,0.0,0.0,0.0,0.0,0.0,0.0,0.0,0.0,0.0,0.0,0.0,0.0,0.0,47.38554000854492,0.0,0.0,0.0,0.0,19.268625259399414,0.0,0.0,0.0,33.486968994140625,0.2835800051689148,0.0,0.0,0.0,0.0,0.0,0.0,0.0,0.0,0.0,0.0,0.0,0.0,0.0,0.0,0.0,0.0,0.0,0.0,0.0,0.0,0.0,1.2508503198623657,0.0,0.0,0.0,0.0,0.0,0.0,0.0,0.0,0.0,0.0,0.0,0.0,0.0,0.0,0.0,0.0,0.0,0.0,0.0,0.0,0.0,0.0,0.0,0.0,0.0,0.0,0.0,0.0,0.0,0.0,0.0,0.0,0.0,0.0,0.0,0.0,0.0,0.0,0.0,0.0,0.0,0.0,0.0,0.0,0.0,0.0,0.0,0.0,0.0,0.0,0.0,0.0,0.0,0.0,0.0,0.0,0.0,0.0,0.0,0.0,0.0,0.0,0.0,0.0,0.0,0.0,0.0,0.0,0.0,0.0,0.0,0.0,0.0,0.0,0.0,0.0,0.0,0.0,0.0,0.0,0.0,0.0,0.0,0.0,0.0,0.0,0.0,0.0,0.0,0.0,0.0,0.0,0.0,0.0,0.0,0.0,0.0,0.0,0.0,0.0,0.0,0.0,0.0,0.0,0.0,0.0,0.0,0.0,0.0,0.0,0.0,0.0,0.0
5239,0.0,0.0,0.0,0.0,0.0,0.0,0.0,0.0,0.0,0.0,0.0,0.0,0.0,0.0,0.0,0.0,0.0,0.0,0.0,0.0,0.0,0.0,0.0,0.0,0.0,0.0,0.0,0.0,0.0,0.0,0.0,0.0,0.0,0.0,0.0,0.0,0.0,0.0,0.0,0.0,0.0,0.0,0.0,0.0,0.0,0.0,0.0,0.0,0.0,0.0,0.0,0.0,0.0,0.0,0.0,0.0,0.0,0.0,0.0,0.0,0.0,0.0,0.0,0.0,0.0,0.0,0.0,0.0,0.0,0.0,0.0,0.0,0.0,0.0,0.0,0.0,0.0,0.0,0.0,0.0,0.0,0.0,0.0,0.0,0.0,0.0,0.0,0.0,0.0,0.0,0.0,0.0,0.0,0.0,0.0,0.0,0.0,0.0,0.0,0.0,0.0,0.0,0.0,0.0,0.0,0.0,0.0,0.0,0.0,0.0,0.0,0.0,0.0,0.0,0.0,0.0,0.0,0.0,0.0,0.0,0.0,0.0,0.0,0.0,0.0,0.0,0.0,0.0,0.0,0.0,0.0,0.0,0.0,0.0,0.0,0.0,0.0,0.0,0.0,0.0,0.0,0.0,0.0,0.0,0.0,0.0,0.0,0.0,0.0,0.0,0.0,0.0,0.0,0.0,0.0,0.0,0.0,0.0,0.0,0.0,0.0,0.0,0.0,0.0,0.0,0.0,0.0,0.0,0.0,0.0,0.0,0.0,0.0,0.0,0.0,0.0,0.0,0.0,0.0,0.0,0.0,0.0,0.0,0.0,0.0,0.0,0.0,0.0,0.0,0.0,0.0,0.0,0.0,0.0,0.0,0.0,0.0,0.0,0.0,0.0,0.0,0.0,0.0,0.0,0.0,0.0,0.0,0.0,0.0,0.0,0.0,0.0,0.0,0.0,0.0,0.0,0.0,0.0,0.0,0.0,0.0,0.0,0.0,0.0,0.0,0.0,0.0,0.0,0.0,0.0,0.0,0.0,0.0,0.0,0.0,0.0,0.0,0.0,0.0,0.0,0.0,0.0,0.0,0.0,0.0,0.0,0.0,0.0,0.0,0.0,0.0,0.0,0.0,0.0,0.0,0.0,0.0,0.0,0.0,0.0,0.0,0.0,0.0,0.0,0.0,0.0,0.0,0.0,0.0,0.0,0.0,0.0,0.0,0.0,0.0,0.0,0.0,0.0,0.0,0.0,0.0,0.0,0.0,0.0,0.0,0.0,0.0,0.0,0.0,0.0,0.0,0.0,0.0,0.0,0.0,0.0,0.0,0.0,0.0,0.0,0.0,0.0,0.0,0.0,0.0,0.0,0.0,0.0,0.0,0.0,0.0,0.0,0.0,0.0,0.0,0.0,0.0,0.0,0.0,0.0,0.0,0.0,0.0,0.0,0.0,0.0,0.0,0.0,0.0,0.0,0.0,0.0,0.0,0.0,0.0,0.0,0.0,0.0,0.0,0.0,0.0,0.0,0.0,0.0,0.0,0.0,0.0,0.0,0.0,0.0,0.0,0.0,0.0,0.0,0.0,0.0,0.0,0.0,0.0,0.0,0.0,0.0,0.0,0.0,0.0,0.0,0.0,0.0,0.0,0.0,0.0,0.0,0.0,0.0,0.0,0.0
5240,0.0,0.0,0.0,0.0,0.0,0.0,0.0,0.0,0.0,0.0,0.0,0.0,0.0,0.0,0.0,0.0,0.0,0.0,0.0,0.0,0.0,0.0,0.0,0.0,0.0,0.0,0.0,0.0,0.0,0.0,0.0,0.0,0.0,0.0,0.0,0.0,0.0,0.0,0.0,0.0,0.0,0.0,0.0,0.0,0.0,0.0,0.0,0.0,0.0,0.0,0.0,0.0,0.0,0.0,0.0,0.0,0.0,0.0,0.0,0.0,0.0,0.0,0.0,0.0,0.0,0.0,0.0,0.0,0.0,0.0,0.0,0.0,0.0,0.0,0.0,0.0,0.0,0.0,0.0,0.0,0.0,0.0,0.0,0.0,0.0,0.0,0.0,0.0,0.0,0.0,0.0,0.0,0.0,0.0,0.0,0.0,0.0,0.0,0.0,0.0,0.0,0.0,0.0,0.0,0.0,0.0,0.0,0.0,0.0,0.0,0.0,0.0,0.0,0.0,0.0,0.0,0.0,0.0,0.0,0.0,0.0,0.0,0.0,0.0,0.0,0.0,0.0,0.0,0.0,0.0,0.0,0.0,0.0,0.0,0.0,0.0,0.0,0.0,0.0,0.0,0.0,0.0,0.0,0.0,0.0,0.0,0.0,0.0,0.0,0.0,0.0,0.0,0.0,0.0,0.0,0.0,0.0,0.0,0.0,0.0,0.0,0.0,0.0,0.0,0.0,0.0,0.0,0.0,0.0,0.0,0.0,0.0,0.0,0.0,0.0,0.0,0.0,0.0,0.0,0.0,0.0,0.0,0.0,0.0,0.0,0.0,0.0,0.0,0.0,0.0,0.0,0.0,0.0,0.0,0.0,0.0,0.0,0.0,0.0,0.0,0.0,0.0,0.0,0.0,0.0,0.0,0.0,0.0,0.0,0.0,0.0,0.0,0.0,0.0,0.0,0.0,0.0,0.0,0.0,0.0,0.0,0.0,0.0,0.0,0.0,0.0,0.0,0.0,0.0,0.0,0.0,0.0,0.0,0.0,0.0,0.0,0.0,0.0,0.0,0.0,0.0,0.0,0.0,0.0,0.0,0.0,0.0,0.0,0.0,0.0,0.0,0.0,0.0,0.0,0.0,0.0,0.0,0.0,0.0,0.0,0.0,0.0,0.0,0.0,0.0,0.0,0.0,0.0,0.0,0.0,0.0,0.0,0.0,0.0,0.0,0.0,0.0,0.0,0.0,0.0,0.0,0.0,0.0,0.0,0.0,0.0,0.0,0.0,0.0,0.0,0.0,0.0,0.0,0.0,0.0,0.0,0.0,0.0,0.0,0.0,0.0,0.0,0.0,0.0,0.0,0.0,0.0,0.0,0.0,0.0,0.0,0.0,0.0,0.0,0.0,0.0,0.0,0.0,0.0,0.0,0.0,0.0,0.0,0.0,0.0,0.0,0.0,0.0,0.0,0.0,0.0,0.0,0.0,0.0,0.0,0.0,0.0,0.0,0.0,0.0,0.0,0.0,0.0,0.0,0.0,0.0,0.0,0.0,0.0,0.0,0.0,0.0,0.0,0.0,0.0,0.0,0.0,0.0,0.0,0.0,0.0,0.0,0.0,0.0,0.0,0.0,0.0,0.0,0.0,0.0,0.0,0.0,0.0,0.0,0.0,0.0
5241,0.0,0.0,0.0,0.0,0.0,0.0,0.0,0.0,0.0,0.0,0.0,0.0,0.0,0.0,0.0,0.0,0.0,0.0,0.0,0.0,0.0,0.0,0.0,0.0,0.0,0.0,0.0,0.0,0.0,0.0,0.0,0.0,0.0,0.0,0.0,0.0,0.0,0.0,0.0,0.0,0.0,0.0,0.0,0.0,0.0,0.0,0.0,0.0,0.0,0.0,0.0,0.0,0.0,0.0,0.0,0.0,0.0,0.0,0.0,0.0,0.0,0.0,0.0,0.0,0.0,0.0,0.0,0.0,0.0,0.0,0.0,0.0,0.0,0.0,0.0,0.0,0.0,0.0,0.0,0.0,0.0,0.0,0.0,0.0,0.0,0.0,0.0,0.0,0.0,0.0,0.0,0.0,0.0,0.0,0.0,0.0,0.0,0.0,0.0,0.0,0.0,0.0,0.0,0.0,0.0,0.0,0.0,0.0,0.0,0.0,0.0,0.0,0.0,0.0,0.0,0.0,0.0,0.0,0.0,0.0,0.0,0.0,0.0,0.0,0.0,0.0,0.0,0.0,0.0,0.0,0.0,0.0,0.0,0.0,0.0,0.0,0.0,0.0,0.0,0.0,0.0,0.0,0.0,0.0,0.0,0.0,0.0,0.0,0.0,0.0,0.0,0.0,0.0,0.0,0.0,0.0,0.0,0.0,0.0,0.0,0.0,0.0,0.0,0.0,0.0,0.0,0.0,0.0,0.0,0.0,0.0,0.0,0.0,0.0,0.0,0.0,0.0,0.0,0.0,0.0,0.0,0.0,0.0,0.0,0.0,0.0,0.0,0.0,0.0,0.0,0.0,0.0,0.0,0.0,0.0,0.0,0.0,0.0,0.0,0.0,0.0,0.0,0.0,0.0,0.0,0.0,0.0,0.0,0.0,0.0,0.0,0.0,0.0,0.0,0.0,0.0,0.0,0.0,0.0,0.0,0.0,0.0,0.0,0.0,0.0,0.0,0.0,0.0,0.0,0.0,0.0,0.0,0.0,0.0,0.0,0.0,0.0,0.0,0.0,0.0,0.0,0.0,0.0,0.0,0.0,0.0,0.0,0.0,0.0,0.0,0.0,0.0,0.0,0.0,0.0,0.0,0.0,0.0,0.0,0.0,0.0,0.0,0.0,0.0,0.0,0.0,0.0,0.0,0.0,0.0,0.0,0.0,0.0,0.0,0.0,0.0,0.0,0.0,0.0,0.0,0.0,0.0,0.0,0.0,0.0,0.0,0.0,0.0,0.0,0.0,0.0,0.0,0.0,0.0,0.0,0.0,0.0,0.0,0.0,0.0,0.0,0.0,0.0,0.0,0.0,0.0,0.0,0.0,0.0,0.0,0.0,0.0,0.0,0.0,0.0,0.0,0.0,0.0,0.0,0.0,0.0,0.0,0.0,0.0,0.0,0.0,0.0,0.0,0.0,0.0,0.0,0.0,0.0,0.0,0.0,0.0,0.0,0.0,0.0,0.0,0.0,0.0,0.0,0.0,0.0,0.0,0.0,0.0,0.0,0.0,0.0,0.0,0.0,0.0,0.0,0.0,0.0,0.0,0.0,0.0,0.0,0.0,0.0,0.0,0.0,0.0,0.0,0.0,0.0,0.0,0.0,0.0,0.0,0.0,0.0,0.0
5242,2.993082046508789,0.9332548379898071,0.0,0.08834187686443329,0.28798526525497437,0.40128466486930847,0.35192349553108215,0.300133615732193,0.3221464157104492,7.383699417114258,0.1487603485584259,19.702388763427734,48.15848922729492,0.10531243681907654,0.13845477998256683,0.4727143347263336,0.23001499474048615,0.1256396621465683,0.0,0.0,0.34010517597198486,0.35859474539756775,0.0,0.6574273109436035,0.43507906794548035,6.093565940856934,0.2548648416996002,0.055869489908218384,0.0,0.0,0.0,0.0,0.0,0.0,0.0,18.95438575744629,0.0,0.0,0.0,4.49015998840332,6.686117649078369,14.64147663116455,0.0,82.19612884521484,4.004715919494629,0.0,0.0,1.3370498418807983,2.1344311237335205,64.6810531616211,8.428485870361328,59.70775604248047,33.259456634521484,0.0,0.0,0.0,0.0,4.788884162902832,0.0,0.3406790792942047,0.0,0.6744908690452576,0.0,1.0298515558242798,0.609630286693573,0.5076684951782227,2.14007306098938,1.512550711631775,0.0,2.2607808113098145,6.90902853012085,9.407917976379395,6.90902853012085,0.0,0.0,19.678621292114258,0.0,0.0,19.470102310180664,38.86393737792969,38.69032287597656,0.0,0.9580966234207153,41.833770751953125,0.0,0.0,0.0,0.5056338906288147,58.854530334472656,0.0,4.328277587890625,185.26695251464844,28.85268211364746,3.8348634243011475,138.47946166992188,0.0,21.14664649963379,81.67339324951172,4.5387864112854,1.3543431758880615,19.55678367614746,0.4337015748023987,0.0,0.0,15.987370491027832,79.94612121582031,25.792028427124023,12.283369064331055,100.12548828125,0.0,0.0,100.17717742919922,0.0,0.0,159.87359619140625,2205.049560546875,13.55866527557373,4.66513729095459,275.9354553222656,0.0,89.90504455566406,51.5928840637207,363.215576171875,977.0391845703125,104.61414337158203,572.890380859375,0.0,0.0,0.0,0.0,95.30482482910156,109.24576568603516,0.0,0.0,0.0,0.0,0.0,12.413732528686523,25.19632339477539,72.05784606933594,5.053275108337402,5.011467456817627,0.0,0.0,2.577944040298462,38.23629379272461,15.031045913696289,10.300437927246094,51.994693756103516,4.478488445281982,0.0,0.0,25.79489517211914,0.0,0.0,18.297761917114258,0.0,165.0369415283203,0.0,0.0,39.22020721435547,0.0,1.3177326917648315,0.0,115.67465209960938,0.0,0.0,114.66657257080078,0.0,0.0,0.0,0.0,0.0,132.42466735839844,0.0,129.14910888671875,0.0,0.0,26.247364044189453,0.0,0.0,0.0,188.75933837890625,10.303057670593262,127.92045593261719,0.0,0.0,0.17360028624534607,7.060659408569336,0.0,0.0,0.0,21.751659393310547,20.668508529663086,0.0,0.0,0.0,89.00635528564453,27.20165252685547,22.378742218017578,12.524690628051758,0.0,0.0,0.0,4.086628437042236,0.0,0.0,0.0,62.87850570678711,0.0,0.0,0.0,34.09990310668945,0.0,0.0,0.0,696.5733032226562,0.0,0.0,0.0,0.0,0.0,0.0,0.0,0.0,0.0,0.0,0.0,0.0,0.0,24.480831146240234,0.0,4.311400890350342,0.0,0.0,454.72296142578125,0.0,0.0,0.0,754.6964111328125,24.217636108398438,0.0,2.470672130584717,2.6424195766448975,0.0,0.0,0.0,0.0,0.26979735493659973,3.6601970195770264,0.08823657780885696,0.8843430280685425,0.0,17.796764373779297,12.252140998840332,0.0,2.6424195766448975,0.0,0.3467455208301544,0.0,0.0,0.0,111.90686798095703,0.0,0.0,0.0,0.0,0.0,0.0,0.0,0.0,0.0,0.0,0.0,0.0,0.0,0.0,0.0,0.0,0.0,0.0,0.0,0.0,0.0,0.0,0.0,0.0,0.0,0.0,0.0,0.0,0.0,0.0,0.0,0.0,0.0,0.0,0.0,0.0,0.0,0.0,0.0,0.0,0.0,0.0,0.0,0.0,0.0,0.0,0.0,0.0,0.0,0.0,0.0,0.0,0.0,0.0,0.0,0.0,0.0,0.0,0.0,0.0,0.0,0.0,0.0,0.0,0.0,0.0,0.0,0.0,0.0,0.0,0.0,0.0,0.0,0.0,0.0,0.0,0.0,0.0,0.0,0.0,0.0,0.0,0.0,0.0,0.0,0.0,0.0,0.0,0.0,0.0,0.0,0.0,0.0,0.0,0.0,0.0,0.0,0.0,0.0,0.0,0.0,0.0,0.0,0.0,0.0,0.0,0.0,0.0,0.0,0.0,0.0,0.0,0.0
5243,0.0,0.0,0.0,0.0,0.0,0.0,0.0,0.0,0.0,0.0,0.0,0.0,0.0,0.0,0.0,0.0,0.0,0.0,0.0,0.0,0.0,0.0,0.0,0.0,0.0,0.0,0.0,0.0,0.0,0.0,0.0,0.0,0.0,0.0,0.0,0.0,0.0,0.0,0.0,0.0,0.0,0.0,0.0,0.0,0.0,0.0,0.0,0.0,0.0,0.0,0.0,0.0,0.0,0.0,0.0,0.0,0.0,0.0,0.0,0.0,0.0,0.0,0.0,0.0,0.0,0.0,0.0,0.0,0.0,0.0,0.0,0.0,0.0,0.0,0.0,0.0,0.0,0.0,0.0,0.0,0.0,0.0,0.0,0.0,0.0,0.0,0.0,0.0,0.0,0.0,0.0,0.0,0.0,0.0,0.0,0.0,0.0,0.0,0.0,0.0,0.0,0.0,0.0,0.0,0.0,0.0,0.0,0.0,0.0,0.0,0.0,0.0,0.0,0.0,0.0,0.0,0.0,0.0,0.0,0.0,0.0,0.0,0.0,0.0,0.0,0.0,0.0,0.0,0.0,0.0,0.0,0.0,0.0,0.0,0.0,0.0,0.0,0.0,0.0,0.0,0.0,0.0,0.0,0.0,0.0,0.0,0.0,0.0,0.0,0.0,0.0,0.0,0.0,0.0,0.0,0.0,0.0,0.0,0.0,0.0,0.0,0.0,0.0,0.0,0.0,0.0,0.0,0.0,0.0,0.0,0.0,0.0,0.0,0.0,0.0,0.0,0.0,0.0,0.0,0.0,0.0,0.0,0.0,0.0,0.0,0.0,0.0,0.0,0.0,0.0,0.0,0.0,0.0,0.0,0.0,0.0,0.0,0.0,0.0,0.0,0.0,0.0,0.0,0.0,0.0,0.0,0.0,0.0,0.0,0.0,0.0,0.0,0.0,0.0,0.0,0.0,0.0,0.0,0.0,0.0,0.0,0.0,0.0,0.0,0.0,0.0,0.0,0.0,0.0,0.0,0.0,0.0,0.0,0.0,0.0,0.0,0.0,0.0,0.0,0.0,0.0,0.0,0.0,0.0,0.0,0.0,0.0,0.0,0.0,0.0,0.0,0.0,0.0,0.0,0.0,0.0,0.0,0.0,0.0,0.0,0.0,0.0,0.0,0.0,0.0,0.0,0.0,0.0,0.0,0.0,0.0,0.0,0.0,0.0,0.0,0.0,0.0,0.0,0.0,0.0,0.0,0.0,0.0,0.0,0.0,0.0,0.0,0.0,0.0,0.0,0.0,0.0,0.0,0.0,0.0,0.0,0.0,0.0,0.0,0.0,0.0,0.0,0.0,0.0,0.0,0.0,0.0,0.0,0.0,0.0,0.0,0.0,0.0,0.0,0.0,0.0,0.0,0.0,0.0,0.0,0.0,0.0,0.0,0.0,0.0,0.0,0.0,0.0,0.0,0.0,0.0,0.0,0.0,0.0,0.0,0.0,0.0,0.0,0.0,0.0,0.0,0.0,0.0,0.0,0.0,0.0,0.0,0.0,0.0,0.0,0.0,0.0,0.0,0.0,0.0,0.0,0.0,0.0,0.0,0.0,0.0,0.0,0.0,0.0,0.0,0.0,0.0,0.0,0.0,0.0,0.0,0.0,0.0,0.0,0.0,0.0
5244,0.0,0.0,0.0,0.0,0.0,0.0,0.0,0.0,0.0,0.0,0.0,0.0,0.0,0.0,0.0,0.0,0.0,0.0,0.0,0.0,0.0,0.0,0.0,0.0,0.0,0.0,0.0,0.0,0.0,0.0,0.0,0.0,0.0,0.0,0.0,0.0,0.0,0.0,0.0,0.0,0.0,0.0,0.0,0.0,0.0,0.0,0.0,0.0,0.0,0.0,0.0,0.0,0.0,0.0,0.0,0.0,0.0,0.0,0.0,0.0,0.0,0.0,0.0,0.0,0.0,0.0,0.0,0.0,0.0,0.0,0.0,0.0,0.0,0.0,0.0,0.0,0.0,0.0,0.0,0.0,0.0,0.0,0.0,0.0,0.0,0.0,0.0,0.0,0.0,0.0,0.0,0.0,0.0,0.0,0.0,0.0,0.0,0.0,0.0,0.0,0.0,0.0,0.0,0.0,0.0,0.0,0.0,0.0,0.0,0.0,0.0,0.0,0.0,0.0,0.0,0.0,0.0,0.0,0.0,0.0,0.0,0.0,0.0,0.0,0.0,0.0,0.0,0.0,0.0,0.0,0.0,0.0,0.0,0.0,0.0,0.0,0.0,0.0,0.0,0.0,0.0,0.0,0.0,0.0,0.0,0.0,0.0,0.0,0.0,0.0,0.0,0.0,0.0,0.0,0.0,0.0,0.0,0.0,0.0,0.0,0.0,0.0,0.0,0.0,0.0,0.0,0.0,0.0,0.0,0.0,0.0,0.0,0.0,0.0,0.0,0.0,0.0,0.0,0.0,0.0,0.0,0.0,0.0,0.0,0.0,0.0,0.0,0.0,0.0,0.0,0.0,0.0,0.0,0.0,0.0,0.0,0.0,0.0,0.0,0.0,0.0,0.0,0.0,0.0,0.0,0.0,0.0,0.0,0.0,0.0,0.0,0.0,0.0,0.0,0.0,0.0,0.0,0.0,0.0,0.0,0.0,0.0,0.0,0.0,0.0,0.0,0.0,0.0,0.0,0.0,0.0,0.0,0.0,0.0,0.0,0.0,0.0,0.0,0.0,0.0,0.0,0.0,0.0,0.0,0.0,0.0,0.0,0.0,0.0,0.0,0.0,0.0,0.0,0.0,0.0,0.0,0.0,0.0,0.0,0.0,0.0,0.0,0.0,0.0,0.0,0.0,0.0,0.0,0.0,0.0,0.0,0.0,0.0,0.0,0.0,0.0,0.0,0.0,0.0,0.0,0.0,0.0,0.0,0.0,0.0,0.0,0.0,0.0,0.0,0.0,0.0,0.0,0.0,0.0,0.0,0.0,0.0,0.0,0.0,0.0,0.0,0.0,0.0,0.0,0.0,0.0,0.0,0.0,0.0,0.0,0.0,0.0,0.0,0.0,0.0,0.0,0.0,0.0,0.0,0.0,0.0,0.0,0.0,0.0,0.0,0.0,0.0,0.0,0.0,0.0,0.0,0.0,0.0,0.0,0.0,0.0,0.0,0.0,0.0,0.0,0.0,0.0,0.0,0.0,0.0,0.0,0.0,0.0,0.0,0.0,0.0,0.0,0.0,0.0,0.0,0.0,0.0,0.0,0.0,0.0,0.0,0.0,0.0,0.0,0.0,0.0,0.0,0.0,0.0,0.0,0.0,0.0,0.0,0.0,0.0,0.0
5245,0.0,0.0,0.0,0.0,0.0,0.0,0.0,0.0,0.0,0.0,0.0,0.0,0.0,0.0,0.0,0.0,0.0,0.0,0.0,0.0,0.0,0.0,0.0,0.0,0.0,0.0,0.0,0.0,0.0,0.0,0.0,0.0,0.0,0.0,0.0,0.0,0.0,0.0,0.0,0.0,0.0,0.0,0.0,0.0,0.0,0.0,0.0,0.0,0.0,0.0,0.0,0.0,0.0,0.0,0.0,0.0,0.0,0.0,0.0,0.0,0.0,0.0,0.0,0.0,0.0,0.0,0.0,0.0,0.0,0.0,0.0,0.0,0.0,0.0,0.0,0.0,0.0,0.0,0.0,0.0,0.0,0.0,0.0,0.0,0.0,0.0,0.0,0.0,0.0,0.0,0.0,0.0,0.0,0.0,0.0,0.0,0.0,0.0,0.0,0.0,0.0,0.0,0.0,0.0,0.0,0.0,0.0,0.0,0.0,0.0,0.0,0.0,0.0,0.0,0.0,0.0,0.0,0.0,0.0,0.0,0.0,0.0,0.0,0.0,0.0,0.0,0.0,0.0,0.0,0.0,0.0,0.0,0.0,0.0,0.0,0.0,0.0,0.0,0.0,0.0,0.0,0.0,0.0,0.0,0.0,0.0,0.0,0.0,0.0,0.0,0.0,0.0,0.0,0.0,0.0,0.0,0.0,0.0,0.0,0.0,0.0,0.0,0.0,0.0,0.0,0.0,0.0,0.0,0.0,0.0,0.0,0.0,0.0,0.0,0.0,0.0,0.0,0.0,0.0,0.0,0.0,0.0,0.0,0.0,0.0,0.0,0.0,0.0,0.0,0.0,0.0,0.0,0.0,0.0,0.0,0.0,0.0,0.0,0.0,0.0,0.0,0.0,0.0,0.0,0.0,0.0,0.0,0.0,0.0,0.0,0.0,0.0,0.0,0.0,0.0,0.0,0.0,0.0,0.0,0.0,0.0,0.0,0.0,0.0,0.0,0.0,0.0,0.0,0.0,0.0,0.0,0.0,0.0,0.0,0.0,0.0,0.0,0.0,0.0,0.0,0.0,0.0,0.0,0.0,0.0,0.0,0.0,0.0,0.0,0.0,0.0,0.0,0.0,0.0,0.0,0.0,0.0,0.0,0.0,0.0,0.0,0.0,0.0,0.0,0.0,0.0,0.0,0.0,0.0,0.0,0.0,0.0,0.0,0.0,0.0,0.0,0.0,0.0,0.0,0.0,0.0,0.0,0.0,0.0,0.0,0.0,0.0,0.0,0.0,0.0,0.0,0.0,0.0,0.0,0.0,0.0,0.0,0.0,0.0,0.0,0.0,0.0,0.0,0.0,0.0,0.0,0.0,0.0,0.0,0.0,0.0,0.0,0.0,0.0,0.0,0.0,0.0,0.0,0.0,0.0,0.0,0.0,0.0,0.0,0.0,0.0,0.0,0.0,0.0,0.0,0.0,0.0,0.0,0.0,0.0,0.0,0.0,0.0,0.0,0.0,0.0,0.0,0.0,0.0,0.0,0.0,0.0,0.0,0.0,0.0,0.0,0.0,0.0,0.0,0.0,0.0,0.0,0.0,0.0,0.0,0.0,0.0,0.0,0.0,0.0,0.0,0.0,0.0,0.0,0.0,0.0,0.0,0.0,0.0,0.0,0.0
5246,0.0,0.0,0.0,0.0,0.0,0.0,0.0,0.0,0.0,0.0,0.0,0.0,0.0,0.0,0.0,0.0,0.0,0.0,0.0,0.0,0.0,0.0,0.0,0.0,0.0,0.0,0.0,0.0,0.0,0.0,0.0,0.0,0.0,0.0,0.0,0.0,0.0,0.0,0.0,0.0,0.0,0.0,0.0,0.0,0.0,0.0,0.0,0.0,0.0,0.0,0.0,0.0,0.0,0.0,0.0,0.0,0.0,0.0,0.0,0.0,0.0,0.0,0.0,0.0,0.0,0.0,0.0,0.0,0.0,0.0,0.0,0.0,0.0,0.0,0.0,0.0,0.0,0.0,0.0,0.0,0.0,0.0,0.0,0.0,0.0,0.0,0.0,0.0,0.0,0.0,0.0,0.0,0.0,0.0,0.0,0.0,0.0,0.0,0.0,0.0,0.0,0.0,0.0,0.0,0.0,0.0,0.0,0.0,0.0,0.0,0.0,0.0,0.0,0.0,0.0,0.0,0.0,0.0,0.0,0.0,0.0,0.0,0.0,0.0,0.0,0.0,0.0,0.0,0.0,0.0,0.0,0.0,0.0,0.0,0.0,0.0,0.0,0.0,0.0,0.0,0.0,0.0,0.0,0.0,0.0,0.0,0.0,0.0,0.0,0.0,0.0,0.0,0.0,0.0,0.0,0.0,0.0,0.0,0.0,0.0,0.0,0.0,0.0,0.0,0.0,0.0,0.0,0.0,0.0,0.0,0.0,0.0,0.0,0.0,0.0,0.0,0.0,0.0,0.0,0.0,0.0,0.0,0.0,0.0,0.0,0.0,0.0,0.0,0.0,0.0,0.0,0.0,0.0,0.0,0.0,0.0,0.0,0.0,0.0,0.0,0.0,0.0,0.0,0.0,0.0,0.0,0.0,0.0,0.0,0.0,0.0,0.0,0.0,0.0,0.0,0.0,0.0,0.0,0.0,0.0,0.0,0.0,0.0,0.0,0.0,0.0,0.0,0.0,0.0,0.0,0.0,0.0,0.0,0.0,0.0,0.0,0.0,0.0,0.0,0.0,0.0,0.0,0.0,0.0,0.0,0.0,0.0,0.0,0.0,0.0,0.0,0.0,0.0,0.0,0.0,0.0,0.0,0.0,0.0,0.0,0.0,0.0,0.0,0.0,0.0,0.0,0.0,0.0,0.0,0.0,0.0,0.0,0.0,0.0,0.0,0.0,0.0,0.0,0.0,0.0,0.0,0.0,0.0,0.0,0.0,0.0,0.0,0.0,0.0,0.0,0.0,0.0,0.0,0.0,0.0,0.0,0.0,0.0,0.0,0.0,0.0,0.0,0.0,0.0,0.0,0.0,0.0,0.0,0.0,0.0,0.0,0.0,0.0,0.0,0.0,0.0,0.0,0.0,0.0,0.0,0.0,0.0,0.0,0.0,0.0,0.0,0.0,0.0,0.0,0.0,0.0,0.0,0.0,0.0,0.0,0.0,0.0,0.0,0.0,0.0,0.0,0.0,0.0,0.0,0.0,0.0,0.0,0.0,0.0,0.0,0.0,0.0,0.0,0.0,0.0,0.0,0.0,0.0,0.0,0.0,0.0,0.0,0.0,0.0,0.0,0.0,0.0,0.0,0.0,0.0,0.0,0.0,0.0,0.0,0.0,0.0
5247,0.0,0.0,0.0,0.0,0.0,0.0,0.0,0.0,0.0,0.0,0.0,0.0,0.0,0.0,0.0,0.0,0.0,0.0,0.0,0.0,0.0,0.0,0.0,0.0,0.0,0.0,0.0,0.0,0.0,0.0,0.0,0.0,0.0,0.0,0.0,0.0,0.0,0.0,0.0,0.0,0.0,0.0,0.0,0.0,0.0,0.0,0.0,0.0,0.0,0.0,0.0,0.0,0.0,0.0,0.0,0.0,0.0,0.0,0.0,0.0,0.0,0.0,0.0,0.0,0.0,0.0,0.0,0.0,0.0,0.0,0.0,0.0,0.0,0.0,0.0,0.0,0.0,0.0,0.0,0.0,0.0,0.0,0.0,0.0,0.0,0.0,0.0,0.0,0.0,0.0,0.0,0.0,0.0,0.0,0.0,0.0,0.0,0.0,0.0,0.0,0.0,0.0,0.0,0.0,0.0,0.0,0.0,0.0,0.0,0.0,0.0,0.0,0.0,0.0,0.0,0.0,0.0,0.0,0.0,0.0,0.0,0.0,0.0,0.0,0.0,0.0,0.0,0.0,0.0,0.0,0.0,0.0,0.0,0.0,0.0,0.0,0.0,0.0,0.0,0.0,0.0,0.0,0.0,0.0,0.0,0.0,0.0,0.0,0.0,0.0,0.0,0.0,0.0,0.0,0.0,0.0,0.0,0.0,0.0,0.0,0.0,0.0,0.0,0.0,0.0,0.0,0.0,0.0,0.0,0.0,0.0,0.0,0.0,0.0,0.0,0.0,0.0,0.0,0.0,0.0,0.0,0.0,0.0,0.0,0.0,0.0,0.0,0.0,0.0,0.0,0.0,0.0,0.0,0.0,0.0,0.0,0.0,0.0,0.0,0.0,0.0,0.0,0.0,0.0,0.0,0.0,0.0,0.0,0.0,0.0,0.0,0.0,0.0,0.0,0.0,0.0,0.0,0.0,0.0,0.0,0.0,0.0,0.0,0.0,0.0,0.0,0.0,0.0,0.0,0.0,0.0,0.0,0.0,0.0,0.0,0.0,0.0,0.0,0.0,0.0,0.0,0.0,0.0,0.0,0.0,0.0,0.0,0.0,0.0,0.0,0.0,0.0,0.0,0.0,0.0,0.0,0.0,0.0,0.0,0.0,0.0,0.0,0.0,0.0,0.0,0.0,0.0,0.0,0.0,0.0,0.0,0.0,0.0,0.0,0.0,0.0,0.0,0.0,0.0,0.0,0.0,0.0,0.0,0.0,0.0,0.0,0.0,0.0,0.0,0.0,0.0,0.0,0.0,0.0,0.0,0.0,0.0,0.0,0.0,0.0,0.0,0.0,0.0,0.0,0.0,0.0,0.0,0.0,0.0,0.0,0.0,0.0,0.0,0.0,0.0,0.0,0.0,0.0,0.0,0.0,0.0,0.0,0.0,0.0,0.0,0.0,0.0,0.0,0.0,0.0,0.0,0.0,0.0,0.0,0.0,0.0,0.0,0.0,0.0,0.0,0.0,0.0,0.0,0.0,0.0,0.0,0.0,0.0,0.0,0.0,0.0,0.0,0.0,0.0,0.0,0.0,0.0,0.0,0.0,0.0,0.0,0.0,0.0,0.0,0.0,0.0,0.0,0.0,0.0,0.0,0.0,0.0,0.0,0.0,0.0,0.0
5248,0.0,0.0,0.0,0.0,0.0,0.0,0.0,0.0,0.0,0.0,0.0,0.0,0.0,0.0,0.0,0.0,0.0,0.0,0.0,0.0,0.0,0.0,0.0,0.0,0.0,0.0,0.0,0.0,0.0,0.0,0.0,0.0,0.0,0.0,0.0,0.0,0.0,0.0,0.0,0.0,0.0,0.0,0.0,0.0,0.0,0.0,0.0,0.0,0.0,0.0,0.0,0.0,0.0,0.0,0.0,0.0,0.0,0.0,0.0,0.0,0.0,0.0,0.0,0.0,0.0,0.0,0.0,0.0,0.0,0.0,0.0,0.0,0.0,0.0,0.0,0.0,0.0,0.0,0.0,0.0,0.0,0.0,0.0,0.0,0.0,0.0,0.0,0.0,0.0,0.0,0.0,0.0,0.0,0.0,0.0,0.0,0.0,0.0,0.0,0.0,0.0,0.0,0.0,0.0,0.0,0.0,0.0,0.0,0.0,0.0,0.0,0.0,0.0,0.0,0.0,0.0,0.0,0.0,0.0,0.0,0.0,0.0,0.0,0.0,0.0,0.0,0.0,0.0,0.0,0.0,0.0,0.0,0.0,0.0,0.0,0.0,0.0,0.0,0.0,0.0,0.0,0.0,0.0,0.0,0.0,0.0,0.0,0.0,0.0,0.0,0.0,0.0,0.0,0.0,0.0,0.0,0.0,0.0,0.0,0.0,0.0,0.0,0.0,0.0,0.0,0.0,0.0,0.0,0.0,0.0,0.0,0.0,0.0,0.0,0.0,0.0,0.0,0.0,0.0,0.0,0.0,0.0,0.0,0.0,0.0,0.0,0.0,0.0,0.0,0.0,0.0,0.0,0.0,0.0,0.0,0.0,0.0,0.0,0.0,0.0,0.0,0.0,0.0,0.0,0.0,0.0,0.0,0.0,0.0,0.0,0.0,0.0,0.0,0.0,0.0,0.0,0.0,0.0,0.0,0.0,0.0,0.0,0.0,0.0,0.0,0.0,0.0,0.0,0.0,0.0,0.0,0.0,0.0,0.0,0.0,0.0,0.0,0.0,0.0,0.0,0.0,0.0,0.0,0.0,0.0,0.0,0.0,0.0,0.0,0.0,0.0,0.0,0.0,0.0,0.0,0.0,0.0,0.0,0.0,0.0,0.0,0.0,0.0,0.0,0.0,0.0,0.0,0.0,0.0,0.0,0.0,0.0,0.0,0.0,0.0,0.0,0.0,0.0,0.0,0.0,0.0,0.0,0.0,0.0,0.0,0.0,0.0,0.0,0.0,0.0,0.0,0.0,0.0,0.0,0.0,0.0,0.0,0.0,0.0,0.0,0.0,0.0,0.0,0.0,0.0,0.0,0.0,0.0,0.0,0.0,0.0,0.0,0.0,0.0,0.0,0.0,0.0,0.0,0.0,0.0,0.0,0.0,0.0,0.0,0.0,0.0,0.0,0.0,0.0,0.0,0.0,0.0,0.0,0.0,0.0,0.0,0.0,0.0,0.0,0.0,0.0,0.0,0.0,0.0,0.0,0.0,0.0,0.0,0.0,0.0,0.0,0.0,0.0,0.0,0.0,0.0,0.0,0.0,0.0,0.0,0.0,0.0,0.0,0.0,0.0,0.0,0.0,0.0,0.0,0.0,0.0,0.0,0.0,0.0,0.0,0.0
5249,0.0,0.0,0.0,0.0,0.0,0.0,0.0,0.0,0.0,0.0,0.0,0.0,0.0,0.0,0.0,0.0,0.0,0.0,0.0,0.0,0.0,0.0,0.0,0.0,0.0,0.0,0.0,0.0,0.0,0.0,0.0,0.0,0.0,0.0,0.0,0.0,0.0,0.0,0.0,0.0,0.0,0.0,0.0,0.0,0.0,0.0,0.0,0.0,0.0,0.0,0.0,0.0,0.0,0.0,0.0,0.0,0.0,0.0,0.0,0.0,0.0,0.0,0.0,0.0,0.0,0.0,0.0,0.0,0.0,0.0,0.0,0.0,0.0,0.0,0.0,0.0,0.0,0.0,0.0,0.0,0.0,0.0,0.0,0.0,0.0,0.0,0.0,0.0,0.0,0.0,0.0,0.0,0.0,0.0,0.0,0.0,0.0,0.0,0.0,0.0,0.0,0.0,0.0,0.0,0.0,0.0,0.0,0.0,0.0,0.0,0.0,0.0,0.0,0.0,0.0,0.0,0.0,0.0,0.0,0.0,0.0,0.0,0.0,0.0,0.0,0.0,0.0,0.0,0.0,0.0,0.0,0.0,0.0,0.0,0.0,0.0,0.0,0.0,0.0,0.0,0.0,0.0,0.0,0.0,0.0,0.0,0.0,0.0,0.0,0.0,0.0,0.0,0.0,0.0,0.0,0.0,0.0,0.0,0.0,0.0,0.0,0.0,0.0,0.0,0.0,0.0,0.0,0.0,0.0,0.0,0.0,0.0,0.0,0.0,0.0,0.0,0.0,0.0,0.0,0.0,0.0,0.0,0.0,0.0,0.0,0.0,0.0,0.0,0.0,0.0,0.0,0.0,0.0,0.0,0.0,0.0,0.0,0.0,0.0,0.0,0.0,0.0,0.0,0.0,0.0,0.0,0.0,0.0,0.0,0.0,0.0,0.0,0.0,0.0,0.0,0.0,0.0,0.0,0.0,0.0,0.0,0.0,0.0,0.0,0.0,0.0,0.0,0.0,0.0,0.0,0.0,0.0,0.0,0.0,0.0,0.0,0.0,0.0,0.0,0.0,0.0,0.0,0.0,0.0,0.0,0.0,0.0,0.0,0.0,0.0,0.0,0.0,0.0,0.0,0.0,0.0,0.0,0.0,0.0,0.0,0.0,0.0,0.0,0.0,0.0,0.0,0.0,0.0,0.0,0.0,0.0,0.0,0.0,0.0,0.0,0.0,0.0,0.0,0.0,0.0,0.0,0.0,0.0,0.0,0.0,0.0,0.0,0.0,0.0,0.0,0.0,0.0,0.0,0.0,0.0,0.0,0.0,0.0,0.0,0.0,0.0,0.0,0.0,0.0,0.0,0.0,0.0,0.0,0.0,0.0,0.0,0.0,0.0,0.0,0.0,0.0,0.0,0.0,0.0,0.0,0.0,0.0,0.0,0.0,0.0,0.0,0.0,0.0,0.0,0.0,0.0,0.0,0.0,0.0,0.0,0.0,0.0,0.0,0.0,0.0,0.0,0.0,0.0,0.0,0.0,0.0,0.0,0.0,0.0,0.0,0.0,0.0,0.0,0.0,0.0,0.0,0.0,0.0,0.0,0.0,0.0,0.0,0.0,0.0,0.0,0.0,0.0,0.0,0.0,0.0,0.0,0.0,0.0,0.0,0.0,0.0
5250,0.0,0.0,0.0,0.0,0.0,0.0,0.0,0.0,0.0,0.0,0.0,0.0,0.0,0.0,0.0,0.0,0.0,0.0,0.0,0.0,0.0,0.0,0.0,0.0,0.0,0.0,0.0,0.0,0.0,0.0,0.0,0.0,0.0,0.0,0.0,0.0,0.0,0.0,0.0,0.0,0.0,0.0,0.0,0.0,0.0,0.0,0.0,0.0,0.0,0.0,0.0,0.0,0.0,0.0,0.0,0.0,0.0,0.0,0.0,0.0,0.0,0.0,0.0,0.0,0.0,0.0,0.0,0.0,0.0,0.0,0.0,0.0,0.0,0.0,0.0,0.0,0.0,0.0,0.0,0.0,0.0,0.0,0.0,0.0,0.0,0.0,0.0,0.0,0.0,0.0,0.0,0.0,0.0,0.0,0.0,0.0,0.0,0.0,0.0,0.0,0.0,0.0,0.0,0.0,0.0,0.0,0.0,0.0,0.0,0.0,0.0,0.0,0.0,0.0,0.0,0.0,0.0,0.0,0.0,0.0,0.0,0.0,0.0,0.0,0.0,0.0,0.0,0.0,0.0,0.0,0.0,0.0,0.0,0.0,0.0,0.0,0.0,0.0,0.0,0.0,0.0,0.0,0.0,0.0,0.0,0.0,0.0,0.0,0.0,0.0,0.0,0.0,0.0,0.0,0.0,0.0,0.0,0.0,0.0,0.0,0.0,0.0,0.0,0.0,0.0,0.0,0.0,0.0,0.0,0.0,0.0,0.0,0.0,0.0,0.0,0.0,0.0,0.0,0.0,0.0,0.0,0.0,0.0,0.0,0.0,0.0,0.0,0.0,0.0,0.0,0.0,0.0,0.0,0.0,0.0,0.0,0.0,0.0,0.0,0.0,0.0,0.0,0.0,0.0,0.0,0.0,0.0,0.0,0.0,0.0,0.0,0.0,0.0,0.0,0.0,0.0,0.0,0.0,0.0,0.0,0.0,0.0,0.0,0.0,0.0,0.0,0.0,0.0,0.0,0.0,0.0,0.0,0.0,0.0,0.0,0.0,0.0,0.0,0.0,0.0,0.0,0.0,0.0,0.0,0.0,0.0,0.0,0.0,0.0,0.0,0.0,0.0,0.0,0.0,0.0,0.0,0.0,0.0,0.0,0.0,0.0,0.0,0.0,0.0,0.0,0.0,0.0,0.0,0.0,0.0,0.0,0.0,0.0,0.0,0.0,0.0,0.0,0.0,0.0,0.0,0.0,0.0,0.0,0.0,0.0,0.0,0.0,0.0,0.0,0.0,0.0,0.0,0.0,0.0,0.0,0.0,0.0,0.0,0.0,0.0,0.0,0.0,0.0,0.0,0.0,0.0,0.0,0.0,0.0,0.0,0.0,0.0,0.0,0.0,0.0,0.0,0.0,0.0,0.0,0.0,0.0,0.0,0.0,0.0,0.0,0.0,0.0,0.0,0.0,0.0,0.0,0.0,0.0,0.0,0.0,0.0,0.0,0.0,0.0,0.0,0.0,0.0,0.0,0.0,0.0,0.0,0.0,0.0,0.0,0.0,0.0,0.0,0.0,0.0,0.0,0.0,0.0,0.0,0.0,0.0,0.0,0.0,0.0,0.0,0.0,0.0,0.0,0.0,0.0,0.0,0.0,0.0,0.0,0.0,0.0,0.0
5251,0.0,0.0,0.0,0.0,0.0,0.0,0.0,0.0,0.0,0.0,0.0,0.0,0.0,0.0,0.0,0.0,0.0,0.0,0.0,0.0,0.0,0.0,0.0,0.0,0.0,0.0,0.0,0.0,0.0,0.0,0.0,0.0,0.0,0.0,0.0,0.0,0.0,0.0,0.0,0.0,0.0,0.0,0.0,0.0,0.0,0.0,0.0,0.0,0.0,0.0,0.0,0.0,0.0,0.0,0.0,0.0,0.0,0.0,0.0,0.0,0.0,0.0,0.0,0.0,0.0,0.0,0.0,0.0,0.0,0.0,0.0,0.0,0.0,0.0,0.0,0.0,0.0,0.0,0.0,0.0,0.0,0.0,0.0,0.0,0.0,0.0,0.0,0.0,0.0,0.0,0.0,0.0,0.0,0.0,0.0,0.0,0.0,0.0,0.0,0.0,0.0,0.0,0.0,0.0,0.0,0.0,0.0,0.0,0.0,0.0,0.0,0.0,0.0,0.0,0.0,0.0,0.0,0.0,0.0,0.0,0.0,0.0,0.0,0.0,0.0,0.0,0.0,0.0,0.0,0.0,0.0,0.0,0.0,0.0,0.0,0.0,0.0,0.0,0.0,0.0,0.0,0.0,0.0,0.0,0.0,0.0,0.0,0.0,0.0,0.0,0.0,0.0,0.0,0.0,0.0,0.0,0.0,0.0,0.0,0.0,0.0,0.0,0.0,0.0,0.0,0.0,0.0,0.0,0.0,0.0,0.0,0.0,0.0,0.0,0.0,0.0,0.0,0.0,0.0,0.0,0.0,0.0,0.0,0.0,0.0,0.0,0.0,0.0,0.0,0.0,0.0,0.0,0.0,0.0,0.0,0.0,0.0,0.0,0.0,0.0,0.0,0.0,0.0,0.0,0.0,0.0,0.0,0.0,0.0,0.0,0.0,0.0,0.0,0.0,0.0,0.0,0.0,0.0,0.0,0.0,0.0,0.0,0.0,0.0,0.0,0.0,0.0,0.0,0.0,0.0,0.0,0.0,0.0,0.0,0.0,0.0,0.0,0.0,0.0,0.0,0.0,0.0,0.0,0.0,0.0,0.0,0.0,0.0,0.0,0.0,0.0,0.0,0.0,0.0,0.0,0.0,0.0,0.0,0.0,0.0,0.0,0.0,0.0,0.0,0.0,0.0,0.0,0.0,0.0,0.0,0.0,0.0,0.0,0.0,0.0,0.0,0.0,0.0,0.0,0.0,0.0,0.0,0.0,0.0,0.0,0.0,0.0,0.0,0.0,0.0,0.0,0.0,0.0,0.0,0.0,0.0,0.0,0.0,0.0,0.0,0.0,0.0,0.0,0.0,0.0,0.0,0.0,0.0,0.0,0.0,0.0,0.0,0.0,0.0,0.0,0.0,0.0,0.0,0.0,0.0,0.0,0.0,0.0,0.0,0.0,0.0,0.0,0.0,0.0,0.0,0.0,0.0,0.0,0.0,0.0,0.0,0.0,0.0,0.0,0.0,0.0,0.0,0.0,0.0,0.0,0.0,0.0,0.0,0.0,0.0,0.0,0.0,0.0,0.0,0.0,0.0,0.0,0.0,0.0,0.0,0.0,0.0,0.0,0.0,0.0,0.0,0.0,0.0,0.0,0.0,0.0,0.0,0.0,0.0,0.0,0.0
5252,0.0,0.0,0.0,0.0,0.0,0.0,0.0,0.0,0.0,0.0,0.0,0.0,0.0,0.0,0.0,0.0,0.0,0.0,0.0,0.0,0.0,0.0,0.0,0.0,0.0,0.0,0.0,0.0,0.0,0.0,0.0,0.0,0.0,0.0,0.0,0.0,0.0,0.0,0.0,0.0,0.0,0.0,0.0,0.0,0.0,0.0,0.0,0.0,0.0,0.0,0.0,0.0,0.0,0.0,0.0,0.0,0.0,0.0,0.0,0.0,0.0,0.0,0.0,0.0,0.0,0.0,0.0,0.0,0.0,0.0,0.0,0.0,0.0,0.0,0.0,0.0,0.0,0.0,0.0,0.0,0.0,0.0,0.0,0.0,0.0,0.0,0.0,0.0,0.0,0.0,0.0,0.0,0.0,0.0,0.0,0.0,0.0,0.0,0.0,0.0,0.0,0.0,0.0,0.0,0.0,0.0,0.0,0.0,0.0,0.0,0.0,0.0,0.0,0.0,0.0,0.0,0.0,0.0,0.0,0.0,0.0,0.0,0.0,0.0,0.0,0.0,0.0,0.0,0.0,0.0,0.0,0.0,0.0,0.0,0.0,0.0,0.0,0.0,0.0,0.0,0.0,0.0,0.0,0.0,0.0,0.0,0.0,0.0,0.0,0.0,0.0,0.0,0.0,0.0,0.0,0.0,0.0,0.0,0.0,0.0,0.0,0.0,0.0,0.0,0.0,0.0,0.0,0.0,0.0,0.0,0.0,0.0,0.0,0.0,0.0,0.0,0.0,0.0,0.0,0.0,0.0,0.0,0.0,0.0,0.0,0.0,0.0,0.0,0.0,0.0,0.0,0.0,0.0,0.0,0.0,0.0,0.0,0.0,0.0,0.0,0.0,0.0,0.0,0.0,0.0,0.0,0.0,0.0,0.0,0.0,0.0,0.0,0.0,0.0,0.0,0.0,0.0,0.0,0.0,0.0,0.0,0.0,0.0,0.0,0.0,0.0,0.0,0.0,0.0,0.0,0.0,0.0,0.0,0.0,0.0,0.0,0.0,0.0,0.0,0.0,0.0,0.0,0.0,0.0,0.0,0.0,0.0,0.0,0.0,0.0,0.0,0.0,0.0,0.0,0.0,0.0,0.0,0.0,0.0,0.0,0.0,0.0,0.0,0.0,0.0,0.0,0.0,0.0,0.0,0.0,0.0,0.0,0.0,0.0,0.0,0.0,0.0,0.0,0.0,0.0,0.0,0.0,0.0,0.0,0.0,0.0,0.0,0.0,0.0,0.0,0.0,0.0,0.0,0.0,0.0,0.0,0.0,0.0,0.0,0.0,0.0,0.0,0.0,0.0,0.0,0.0,0.0,0.0,0.0,0.0,0.0,0.0,0.0,0.0,0.0,0.0,0.0,0.0,0.0,0.0,0.0,0.0,0.0,0.0,0.0,0.0,0.0,0.0,0.0,0.0,0.0,0.0,0.0,0.0,0.0,0.0,0.0,0.0,0.0,0.0,0.0,0.0,0.0,0.0,0.0,0.0,0.0,0.0,0.0,0.0,0.0,0.0,0.0,0.0,0.0,0.0,0.0,0.0,0.0,0.0,0.0,0.0,0.0,0.0,0.0,0.0,0.0,0.0,0.0,0.0,0.0,0.0,0.0,0.0,0.0,0.0
5253,0.0,0.0,0.0,0.0,0.0,0.0,0.0,0.0,0.0,0.0,0.0,0.0,0.0,0.0,0.0,0.0,0.0,0.0,0.0,0.0,0.0,0.0,0.0,0.0,0.0,0.0,0.0,0.0,0.0,0.0,0.0,0.0,0.0,0.0,0.0,0.0,0.0,0.0,0.0,0.0,0.0,0.0,0.0,0.0,0.0,0.0,0.0,0.0,0.0,0.0,0.0,0.0,0.0,0.0,0.0,0.0,0.0,0.0,0.0,0.0,0.0,0.0,0.0,0.0,0.0,0.0,0.0,0.0,0.0,0.0,0.0,0.0,0.0,0.0,0.0,0.0,0.0,0.0,0.0,0.0,0.0,0.0,0.0,0.0,0.0,0.0,0.0,0.0,0.0,0.0,0.0,0.0,0.0,0.0,0.0,0.0,0.0,0.0,0.0,0.0,0.0,0.0,0.0,0.0,0.0,0.0,0.0,0.0,0.0,0.0,0.0,0.0,0.0,0.0,0.0,0.0,0.0,0.0,0.0,0.0,0.0,0.0,0.0,0.0,0.0,0.0,0.0,0.0,0.0,0.0,0.0,0.0,0.0,0.0,0.0,0.0,0.0,0.0,0.0,0.0,0.0,0.0,0.0,0.0,0.0,0.0,0.0,0.0,0.0,0.0,0.0,0.0,0.0,0.0,0.0,0.0,0.0,0.0,0.0,0.0,0.0,0.0,0.0,0.0,0.0,0.0,0.0,0.0,0.0,0.0,0.0,0.0,0.0,0.0,0.0,0.0,0.0,0.0,0.0,0.0,0.0,0.0,0.0,0.0,0.0,0.0,0.0,0.0,0.0,0.0,0.0,0.0,0.0,0.0,0.0,0.0,0.0,0.0,0.0,0.0,0.0,0.0,0.0,0.0,0.0,0.0,0.0,0.0,0.0,0.0,0.0,0.0,0.0,0.0,0.0,0.0,0.0,0.0,0.0,0.0,0.0,0.0,0.0,0.0,0.0,0.0,0.0,0.0,0.0,0.0,0.0,0.0,0.0,0.0,0.0,0.0,0.0,0.0,0.0,0.0,0.0,0.0,0.0,0.0,0.0,0.0,0.0,0.0,0.0,0.0,0.0,0.0,0.0,0.0,0.0,0.0,0.0,0.0,0.0,0.0,0.0,0.0,0.0,0.0,0.0,0.0,0.0,0.0,0.0,0.0,0.0,0.0,0.0,0.0,0.0,0.0,0.0,0.0,0.0,0.0,0.0,0.0,0.0,0.0,0.0,0.0,0.0,0.0,0.0,0.0,0.0,0.0,0.0,0.0,0.0,0.0,0.0,0.0,0.0,0.0,0.0,0.0,0.0,0.0,0.0,0.0,0.0,0.0,0.0,0.0,0.0,0.0,0.0,0.0,0.0,0.0,0.0,0.0,0.0,0.0,0.0,0.0,0.0,0.0,0.0,0.0,0.0,0.0,0.0,0.0,0.0,0.0,0.0,0.0,0.0,0.0,0.0,0.0,0.0,0.0,0.0,0.0,0.0,0.0,0.0,0.0,0.0,0.0,0.0,0.0,0.0,0.0,0.0,0.0,0.0,0.0,0.0,0.0,0.0,0.0,0.0,0.0,0.0,0.0,0.0,0.0,0.0,0.0,0.0,0.0,0.0,0.0,0.0,0.0,0.0,0.0
5254,0.0,0.0,0.0,0.0,0.0,0.0,0.0,0.0,0.0,0.0,0.0,0.0,0.0,0.0,0.0,0.0,0.0,0.0,0.0,0.0,0.0,0.0,0.0,0.0,0.0,0.0,0.0,0.0,0.0,0.0,0.0,0.0,0.0,0.0,0.0,0.0,0.0,0.0,0.0,0.0,0.0,0.0,0.0,0.0,0.0,0.0,0.0,0.0,0.0,0.0,0.0,0.0,0.0,0.0,0.0,0.0,0.0,0.0,0.0,0.0,0.0,0.0,0.0,0.0,0.0,0.0,0.0,0.0,0.0,0.0,0.0,0.0,0.0,0.0,0.0,0.0,0.0,0.0,0.0,0.0,0.0,0.0,0.0,0.0,0.0,0.0,0.0,0.0,0.0,0.0,0.0,0.0,0.0,0.0,0.0,0.0,0.0,0.0,0.0,0.0,0.0,0.0,0.0,0.0,0.0,0.0,0.0,0.0,0.0,0.0,0.0,0.0,0.0,0.0,0.0,0.0,0.0,0.0,0.0,0.0,0.0,0.0,0.0,0.0,0.0,0.0,0.0,0.0,0.0,0.0,0.0,0.0,0.0,0.0,0.0,0.0,0.0,0.0,0.0,0.0,0.0,0.0,0.0,0.0,0.0,0.0,0.0,0.0,0.0,0.0,0.0,0.0,0.0,0.0,0.0,0.0,0.0,0.0,0.0,0.0,0.0,0.0,0.0,0.0,0.0,0.0,0.0,0.0,0.0,0.0,0.0,0.0,0.0,0.0,0.0,0.0,0.0,0.0,0.0,0.0,0.0,0.0,0.0,0.0,0.0,0.0,0.0,0.0,0.0,0.0,0.0,0.0,0.0,0.0,0.0,0.0,0.0,0.0,0.0,0.0,0.0,0.0,0.0,0.0,0.0,0.0,0.0,0.0,0.0,0.0,0.0,0.0,0.0,0.0,0.0,0.0,0.0,0.0,0.0,0.0,0.0,0.0,0.0,0.0,0.0,0.0,0.0,0.0,0.0,0.0,0.0,0.0,0.0,0.0,0.0,0.0,0.0,0.0,0.0,0.0,0.0,0.0,0.0,0.0,0.0,0.0,0.0,0.0,0.0,0.0,0.0,0.0,0.0,0.0,0.0,0.0,0.0,0.0,0.0,0.0,0.0,0.0,0.0,0.0,0.0,0.0,0.0,0.0,0.0,0.0,0.0,0.0,0.0,0.0,0.0,0.0,0.0,0.0,0.0,0.0,0.0,0.0,0.0,0.0,0.0,0.0,0.0,0.0,0.0,0.0,0.0,0.0,0.0,0.0,0.0,0.0,0.0,0.0,0.0,0.0,0.0,0.0,0.0,0.0,0.0,0.0,0.0,0.0,0.0,0.0,0.0,0.0,0.0,0.0,0.0,0.0,0.0,0.0,0.0,0.0,0.0,0.0,0.0,0.0,0.0,0.0,0.0,0.0,0.0,0.0,0.0,0.0,0.0,0.0,0.0,0.0,0.0,0.0,0.0,0.0,0.0,0.0,0.0,0.0,0.0,0.0,0.0,0.0,0.0,0.0,0.0,0.0,0.0,0.0,0.0,0.0,0.0,0.0,0.0,0.0,0.0,0.0,0.0,0.0,0.0,0.0,0.0,0.0,0.0,0.0,0.0,0.0,0.0,0.0,0.0,0.0
5255,0.0,0.0,0.0,0.0,0.0,0.0,0.0,0.0,0.0,0.0,0.0,0.0,0.0,0.0,0.0,0.0,0.0,0.0,0.0,0.0,0.0,0.0,0.0,0.0,0.0,0.0,0.0,0.0,0.0,0.0,0.0,0.0,0.0,0.0,0.0,0.0,0.0,0.0,0.0,0.0,0.0,0.0,0.0,0.0,0.0,0.0,0.0,0.0,0.0,0.0,0.0,0.0,0.0,0.0,0.0,0.0,0.0,0.0,0.0,0.0,0.0,0.0,0.0,0.0,0.0,0.0,0.0,0.0,0.0,0.0,0.0,0.0,0.0,0.0,0.0,0.0,0.0,0.0,0.0,0.0,0.0,0.0,0.0,0.0,0.0,0.0,0.0,0.0,0.0,0.0,0.0,0.0,0.0,0.0,0.0,0.0,0.0,0.0,0.0,0.0,0.0,0.0,0.0,0.0,0.0,0.0,0.0,0.0,0.0,0.0,0.0,0.0,0.0,0.0,0.0,0.0,0.0,0.0,0.0,0.0,0.0,0.0,0.0,0.0,0.0,0.0,0.0,0.0,0.0,0.0,0.0,0.0,0.0,0.0,0.0,0.0,0.0,0.0,0.0,0.0,0.0,0.0,0.0,0.0,0.0,0.0,0.0,0.0,0.0,0.0,0.0,0.0,0.0,0.0,0.0,0.0,0.0,0.0,0.0,0.0,0.0,0.0,0.0,0.0,0.0,0.0,0.0,0.0,0.0,0.0,0.0,0.0,0.0,0.0,0.0,0.0,0.0,0.0,0.0,0.0,0.0,0.0,0.0,0.0,0.0,0.0,0.0,0.0,0.0,0.0,0.0,0.0,0.0,0.0,0.0,0.0,0.0,0.0,0.0,0.0,0.0,0.0,0.0,0.0,0.0,0.0,0.0,0.0,0.0,0.0,0.0,0.0,0.0,0.0,0.0,0.0,0.0,0.0,0.0,0.0,0.0,0.0,0.0,0.0,0.0,0.0,0.0,0.0,0.0,0.0,0.0,0.0,0.0,0.0,0.0,0.0,0.0,0.0,0.0,0.0,0.0,0.0,0.0,0.0,0.0,0.0,0.0,0.0,0.0,0.0,0.0,0.0,0.0,0.0,0.0,0.0,0.0,0.0,0.0,0.0,0.0,0.0,0.0,0.0,0.0,0.0,0.0,0.0,0.0,0.0,0.0,0.0,0.0,0.0,0.0,0.0,0.0,0.0,0.0,0.0,0.0,0.0,0.0,0.0,0.0,0.0,0.0,0.0,0.0,0.0,0.0,0.0,0.0,0.0,0.0,0.0,0.0,0.0,0.0,0.0,0.0,0.0,0.0,0.0,0.0,0.0,0.0,0.0,0.0,0.0,0.0,0.0,0.0,0.0,0.0,0.0,0.0,0.0,0.0,0.0,0.0,0.0,0.0,0.0,0.0,0.0,0.0,0.0,0.0,0.0,0.0,0.0,0.0,0.0,0.0,0.0,0.0,0.0,0.0,0.0,0.0,0.0,0.0,0.0,0.0,0.0,0.0,0.0,0.0,0.0,0.0,0.0,0.0,0.0,0.0,0.0,0.0,0.0,0.0,0.0,0.0,0.0,0.0,0.0,0.0,0.0,0.0,0.0,0.0,0.0,0.0,0.0,0.0,0.0,0.0,0.0
5256,0.0,0.0,0.0,0.0,0.588056206703186,0.26233577728271484,0.5172335505485535,0.0,0.0,0.582333505153656,0.0,0.0,0.0,0.0,0.0,0.0,0.0,0.0,0.0,0.0,0.0,0.0,0.0,0.0,0.0,1.863476276397705,0.0,0.0,0.0,0.0,0.0,0.0,0.0,0.0,0.0,0.0,0.0,0.0,0.0,0.0,0.0,0.0,0.0,0.0,0.0,0.0,0.0,0.0,0.0,0.0,0.0,0.0,0.0,0.0,0.0,0.0,0.0,0.0,0.0,0.0,0.0,0.0,0.0,0.0,0.0,0.0,0.0,0.0,0.0,0.0,0.0,0.0,0.0,0.0,0.0,1.1325446367263794,0.0,0.0,1.867156982421875,1.900036334991455,2.9574458599090576,0.0,0.0,0.0,0.0,0.0,0.0,0.0,1.2119739055633545,0.0,0.0,3.6913809776306152,0.0,0.0,0.18640342354774475,0.0,0.4323636591434479,2.7463293075561523,0.7612979412078857,0.0,9.540901184082031,0.0,0.0,0.0,0.9722392559051514,1.5606518983840942,0.5443374514579773,0.0,3.0512607097625732,0.0,0.0,1.788506269454956,0.0,0.0,27.014951705932617,6.8343377113342285,0.0,0.0,5.18682861328125,0.0,4.970123767852783,1.6373023986816406,6.300127983093262,11.163725852966309,1.562195062637329,5.446693420410156,0.0,0.0,0.0,0.0,0.0,0.0,0.0,0.0,0.0,0.0,0.0,0.0,0.0,0.0,0.0,0.0,0.0,0.0,0.0,0.0,0.0,0.0,0.0,0.0,0.0,0.0,0.0,0.0,0.0,0.0,0.0,0.3344724774360657,0.0,0.0,0.0,0.0,0.0,0.0,0.5506657361984253,0.0,0.0,0.06568033248186111,0.0,0.0,0.0,0.0,0.0,0.0,0.0,0.20172160863876343,0.0,0.0,0.0,0.0,0.0,0.0,22.452531814575195,2.1484534740448,22.452531814575195,0.0,0.0,1.3192790746688843,4.2051801681518555,0.0,0.0,0.0,2.927828073501587,4.02758264541626,0.0,2.9689648151397705,0.0,2.870936870574951,1.3984150886535645,0.7467267513275146,0.7467267513275146,0.0,0.0,0.0,0.18657049536705017,0.0,0.0,0.0,2.941786527633667,0.0,0.0,0.0,47.38554000854492,0.0,0.0,0.0,24.480831146240234,0.0,0.0,0.0,0.0,0.0,0.0,0.0,0.0,0.0,0.0,0.0,0.0,0.0,34.19162368774414,0.0,0.0,0.0,0.0,33.842742919921875,0.0,0.0,0.0,8.127063751220703,0.20590150356292725,0.0,0.0,0.0,0.0,0.0,0.0,0.0,0.0,0.0,0.0,0.0,0.0,0.0,0.0,0.0,0.0,0.0,0.0,0.0,0.0,0.0,2.2983009815216064,0.0,0.0,0.0,0.0,0.0,0.0,0.0,0.0,0.0,0.0,0.0,0.0,0.0,0.0,0.0,0.0,0.0,0.0,0.0,0.0,0.0,0.0,0.0,0.0,0.0,0.0,0.0,0.0,0.0,0.0,0.0,0.0,0.0,0.0,0.0,0.0,0.0,0.0,0.0,0.0,0.0,0.0,0.0,0.0,0.0,0.0,0.0,0.0,0.0,0.0,0.0,0.0,0.0,0.0,0.0,0.0,0.0,0.0,0.0,0.0,0.0,0.0,0.0,0.0,0.0,0.0,0.0,0.0,0.0,0.0,0.0,0.0,0.0,0.0,0.0,0.0,0.0,0.0,0.0,0.0,0.0,0.0,0.0,0.0,0.0,0.0,0.0,0.0,0.0,0.0,0.0,0.0,0.0,0.0,0.0,0.0,0.0,0.0,0.0,0.0,0.0,0.0,0.0,0.0,0.0,0.0,0.0,0.0,0.0,0.0,0.0,0.0,0.0
5257,0.0,0.0,0.0,0.0,0.0,0.0,0.0,0.0,0.0,0.0,0.0,0.0,0.0,0.0,0.0,0.0,0.0,0.0,0.0,0.0,0.0,0.0,0.0,0.0,0.0,0.0,0.0,0.0,0.0,0.0,0.0,0.0,0.0,0.0,0.0,0.0,0.0,0.0,0.0,0.0,0.0,0.0,0.0,0.0,0.0,0.0,0.0,0.0,0.0,0.0,0.0,0.0,0.0,0.0,0.0,0.0,0.0,0.0,0.0,0.0,0.0,0.0,0.0,0.0,0.0,0.0,0.0,0.0,0.0,0.0,0.0,0.0,0.0,0.0,0.0,0.0,0.0,0.0,0.0,0.0,0.0,0.0,0.0,0.0,0.0,0.0,0.0,0.0,0.0,0.0,0.0,0.0,0.0,0.0,0.0,0.0,0.0,0.0,0.0,0.0,0.0,0.0,0.0,0.0,0.0,0.0,0.0,0.0,0.0,0.0,0.0,0.0,0.0,0.0,0.0,0.0,0.0,0.0,0.0,0.0,0.0,0.0,0.0,0.0,0.0,0.0,0.0,0.0,0.0,0.0,0.0,0.0,0.0,0.0,0.0,0.0,0.0,0.0,0.0,0.0,0.0,0.0,0.0,0.0,0.0,0.0,0.0,0.0,0.0,0.0,0.0,0.0,0.0,0.0,0.0,0.0,0.0,0.0,0.0,0.0,0.0,0.0,0.0,0.0,0.0,0.0,0.0,0.0,0.0,0.0,0.0,0.0,0.0,0.0,0.0,0.0,0.0,0.0,0.0,0.0,0.0,0.0,0.0,0.0,0.0,0.0,0.0,0.0,0.0,0.0,0.0,0.0,0.0,0.0,0.0,0.0,0.0,0.0,0.0,0.0,0.0,0.0,0.0,0.0,0.0,0.0,0.0,0.0,0.0,0.0,0.0,0.0,0.0,0.0,0.0,0.0,0.0,0.0,0.0,0.0,0.0,0.0,0.0,0.0,0.0,0.0,0.0,0.0,0.0,0.0,0.0,0.0,0.0,0.0,0.0,0.0,0.0,0.0,0.0,0.0,0.0,0.0,0.0,0.0,0.0,0.0,0.0,0.0,0.0,0.0,0.0,0.0,0.0,0.0,0.0,0.0,0.0,0.0,0.0,0.0,0.0,0.0,0.0,0.0,0.0,0.0,0.0,0.0,0.0,0.0,0.0,0.0,0.0,0.0,0.0,0.0,0.0,0.0,0.0,0.0,0.0,0.0,0.0,0.0,0.0,0.0,0.0,0.0,0.0,0.0,0.0,0.0,0.0,0.0,0.0,0.0,0.0,0.0,0.0,0.0,0.0,0.0,0.0,0.0,0.0,0.0,0.0,0.0,0.0,0.0,0.0,0.0,0.0,0.0,0.0,0.0,0.0,0.0,0.0,0.0,0.0,0.0,0.0,0.0,0.0,0.0,0.0,0.0,0.0,0.0,0.0,0.0,0.0,0.0,0.0,0.0,0.0,0.0,0.0,0.0,0.0,0.0,0.0,0.0,0.0,0.0,0.0,0.0,0.0,0.0,0.0,0.0,0.0,0.0,0.0,0.0,0.0,0.0,0.0,0.0,0.0,0.0,0.0,0.0,0.0,0.0,0.0,0.0,0.0,0.0,0.0,0.0,0.0,0.0,0.0,0.0
5258,0.0,0.0,0.0,0.0,0.0,0.0,0.0,0.0,0.0,0.0,0.0,0.0,0.0,0.0,0.0,0.0,0.0,0.0,0.0,0.0,0.0,0.0,0.0,0.0,0.0,0.0,0.0,0.0,0.0,0.0,0.0,0.0,0.0,0.0,0.0,0.0,0.0,0.0,0.0,0.0,0.0,0.0,0.0,0.0,0.0,0.0,0.0,0.0,0.0,0.0,0.0,0.0,0.0,0.0,0.0,0.0,0.0,0.0,0.0,0.0,0.0,0.0,0.0,0.0,0.0,0.0,0.0,0.0,0.0,0.0,0.0,0.0,0.0,0.0,0.0,0.0,0.0,0.0,0.0,0.0,0.0,0.0,0.0,0.0,0.0,0.0,0.0,0.0,0.0,0.0,0.0,0.5435543060302734,0.0,0.0,0.0,0.0,0.0,0.06606364250183105,0.0,0.0,0.0,0.0,0.0,0.0,0.0,0.0,0.0,0.0,0.09679850935935974,0.0,0.0,0.0,0.0,0.0,1.3133165836334229,0.35229647159576416,0.0,0.0,0.6106705665588379,0.0,0.0,0.0,0.531143307685852,3.4241085052490234,0.0,0.0,0.0,0.0,0.0,0.0,0.0,0.0,0.0,0.0,0.0,0.0,0.0,0.0,0.0,0.0,0.0,0.0,0.0,0.0,0.0,0.0,0.0,0.0,0.0,0.0,0.0,0.0,0.0,0.0,0.0,0.0,0.0,0.7930746674537659,0.0,0.0,0.15095283091068268,0.0,0.0,0.0,1.304747223854065,0.0,0.0,0.04783642292022705,0.0,0.0,0.0,0.0,0.0,3.891547441482544,0.0,0.14591428637504578,0.0,0.0,0.07308084517717361,0.0,0.0,0.0,4.459830284118652,0.0,4.459830284118652,0.0,0.0,0.0,0.0,0.0,0.0,0.0,0.0,0.0,0.0,0.0,0.0,0.0,0.0,0.0,0.0,0.0,0.0,0.0,0.0,0.0,0.0,0.0,0.0,0.0,0.0,0.0,0.0,0.0,0.0,0.0,4.311400890350342,0.0,0.0,0.0,0.0,0.0,0.0,0.0,0.0,0.0,0.0,0.0,0.0,0.0,0.0,0.0,0.8604609966278076,0.0,0.0,4.166794776916504,0.0,0.0,0.0,48.61552810668945,4.128664016723633,0.0,0.0,0.0,0.0,0.0,0.0,0.0,0.0,0.0,0.0,0.0,0.0,0.0,0.0,0.0,0.0,0.0,0.0,0.0,0.0,0.0,0.0,0.0,0.0,0.0,0.0,0.0,0.0,0.0,0.0,0.0,0.0,0.0,0.0,0.0,0.0,0.0,0.0,0.0,0.0,0.0,0.0,0.0,0.0,0.0,0.0,0.0,0.0,0.0,0.0,0.0,0.0,0.0,0.0,0.0,0.0,0.0,0.0,0.0,0.0,0.0,0.0,0.0,0.0,0.0,0.0,0.0,0.0,0.0,0.0,0.0,0.0,0.0,0.0,0.0,0.0,0.0,0.0,0.0,0.0,0.0,0.0,0.0,0.0,0.0,0.0,0.0,0.0,0.0,0.0,0.0,0.0,0.0,0.0,0.0,0.0,0.0,0.0,0.0,0.0,0.0,0.0,0.0,0.0,0.0,0.0,0.0,0.0,0.0,0.0,0.0,0.0,0.0,0.0,0.0,0.0,0.0,0.0,0.0,0.0,0.0,0.0,0.0,0.0,0.0,0.0,0.0,0.0,0.0,0.0,0.0,0.0,0.0,0.0,0.0
5259,0.0,0.0,0.0,0.0,0.0,0.0,0.0,0.0,0.0,0.0,0.0,0.0,0.0,0.0,0.0,0.0,0.0,0.0,0.0,0.0,0.0,0.0,0.0,0.0,0.0,0.0,0.0,0.0,0.0,0.0,0.0,0.0,0.0,0.0,0.0,0.0,0.0,0.0,0.0,0.0,0.0,0.0,0.0,0.0,0.0,0.0,0.0,0.0,0.0,0.0,0.0,0.0,0.0,0.0,0.0,0.0,0.0,0.0,0.0,0.0,0.0,0.0,0.0,0.0,0.0,0.0,0.0,0.0,0.0,0.0,0.0,0.0,0.0,0.0,0.0,0.0,0.0,0.0,0.0,0.0,0.0,0.0,0.0,0.0,0.0,0.0,0.0,0.0,0.0,0.0,0.0,0.0,0.0,0.0,0.0,0.0,0.0,0.0,0.0,0.0,0.0,0.0,0.0,0.0,0.0,0.0,0.0,0.0,0.0,0.0,0.0,0.0,0.0,0.0,0.0,0.0,0.0,0.0,0.0,0.0,0.0,0.0,0.0,0.0,0.0,0.0,0.0,0.0,0.0,0.0,0.0,0.0,0.0,0.0,0.0,0.0,0.0,0.0,0.0,0.0,0.0,0.0,0.0,0.0,0.0,0.0,0.0,0.0,0.0,0.0,0.0,0.0,0.0,0.0,0.0,0.0,0.0,0.0,0.0,0.0,0.0,0.0,0.0,0.0,0.0,0.0,0.0,0.0,0.0,0.0,0.0,0.0,0.0,0.0,0.0,0.0,0.0,0.0,0.0,0.0,0.0,0.0,0.0,0.0,0.0,0.0,0.0,0.0,0.0,0.0,0.0,0.0,0.0,0.0,0.0,0.0,0.0,0.0,0.0,0.0,0.0,0.0,0.0,0.0,0.0,0.0,0.0,0.0,0.0,0.0,0.0,0.0,0.0,0.0,0.0,0.0,0.0,0.0,0.0,0.0,0.0,0.0,0.0,0.0,0.0,0.0,0.0,0.0,0.0,0.0,0.0,0.0,0.0,0.0,0.0,0.0,0.0,0.0,0.0,0.0,0.0,0.0,0.0,0.0,0.0,0.0,0.0,0.0,0.0,0.0,0.0,0.0,0.0,0.0,0.0,0.0,0.0,0.0,0.0,0.0,0.0,0.0,0.0,0.0,0.0,0.0,0.0,0.0,0.0,0.0,0.0,0.0,0.0,0.0,0.0,0.0,0.0,0.0,0.0,0.0,0.0,0.0,0.0,0.0,0.0,0.0,0.0,0.0,0.0,0.0,0.0,0.0,0.0,0.0,0.0,0.0,0.0,0.0,0.0,0.0,0.0,0.0,0.0,0.0,0.0,0.0,0.0,0.0,0.0,0.0,0.0,0.0,0.0,0.0,0.0,0.0,0.0,0.0,0.0,0.0,0.0,0.0,0.0,0.0,0.0,0.0,0.0,0.0,0.0,0.0,0.0,0.0,0.0,0.0,0.0,0.0,0.0,0.0,0.0,0.0,0.0,0.0,0.0,0.0,0.0,0.0,0.0,0.0,0.0,0.0,0.0,0.0,0.0,0.0,0.0,0.0,0.0,0.0,0.0,0.0,0.0,0.0,0.0,0.0,0.0,0.0,0.0,0.0,0.0,0.0,0.0,0.0,0.0,0.0,0.0,0.0
5260,0.0,0.0,0.0,0.0,0.0,0.0,0.0,0.0,0.0,0.0,0.0,0.0,0.0,0.0,0.0,0.0,0.0,0.0,0.0,0.0,0.0,0.0,0.0,0.0,0.0,0.0,0.0,0.0,0.0,0.0,0.0,0.0,0.0,0.0,0.0,0.0,0.0,0.0,0.0,0.0,0.0,0.0,0.0,0.0,0.0,0.0,0.0,0.0,0.0,0.0,0.0,0.0,0.0,0.0,0.0,0.0,0.0,0.0,0.0,0.0,0.0,0.0,0.0,0.0,0.0,0.0,0.0,0.0,0.0,0.0,0.0,0.0,0.0,0.0,0.0,0.0,0.0,0.0,0.0,0.0,0.0,0.0,0.0,0.0,0.0,0.0,0.0,0.0,0.0,0.0,0.0,0.0,0.0,0.0,0.0,0.0,0.0,0.0,0.0,0.0,0.0,0.0,0.0,0.0,0.0,0.0,0.0,0.0,0.0,0.0,0.0,0.0,0.0,0.0,0.0,0.0,0.0,0.0,0.0,0.0,0.0,0.0,0.0,0.0,0.0,0.0,0.0,0.0,0.0,0.0,0.0,0.0,0.0,0.0,0.0,0.0,0.0,0.0,0.0,0.0,0.0,0.0,0.0,0.0,0.0,0.0,0.0,0.0,0.0,0.0,0.0,0.0,0.0,0.0,0.0,0.0,0.0,0.0,0.0,0.0,0.0,0.0,0.0,0.0,0.0,0.0,0.0,0.0,0.0,0.0,0.0,0.0,0.0,0.0,0.0,0.0,0.0,0.0,0.0,0.0,0.0,0.0,0.0,0.0,0.0,0.0,0.0,0.0,0.0,0.0,0.0,0.0,0.0,0.0,0.0,0.0,0.0,0.0,0.0,0.0,0.0,0.0,0.0,0.0,0.0,0.0,0.0,0.0,0.0,0.0,0.0,0.0,0.0,0.0,0.0,0.0,0.0,0.0,0.0,0.0,0.0,0.0,0.0,0.0,0.0,0.0,0.0,0.0,0.0,0.0,0.0,0.0,0.0,0.0,0.0,0.0,0.0,0.0,0.0,0.0,0.0,0.0,0.0,0.0,0.0,0.0,0.0,0.0,0.0,0.0,0.0,0.0,0.0,0.0,0.0,0.0,0.0,0.0,0.0,0.0,0.0,0.0,0.0,0.0,0.0,0.0,0.0,0.0,0.0,0.0,0.0,0.0,0.0,0.0,0.0,0.0,0.0,0.0,0.0,0.0,0.0,0.0,0.0,0.0,0.0,0.0,0.0,0.0,0.0,0.0,0.0,0.0,0.0,0.0,0.0,0.0,0.0,0.0,0.0,0.0,0.0,0.0,0.0,0.0,0.0,0.0,0.0,0.0,0.0,0.0,0.0,0.0,0.0,0.0,0.0,0.0,0.0,0.0,0.0,0.0,0.0,0.0,0.0,0.0,0.0,0.0,0.0,0.0,0.0,0.0,0.0,0.0,0.0,0.0,0.0,0.0,0.0,0.0,0.0,0.0,0.0,0.0,0.0,0.0,0.0,0.0,0.0,0.0,0.0,0.0,0.0,0.0,0.0,0.0,0.0,0.0,0.0,0.0,0.0,0.0,0.0,0.0,0.0,0.0,0.0,0.0,0.0,0.0,0.0,0.0,0.0,0.0,0.0,0.0,0.0,0.0
5261,0.05142078921198845,0.0,1.471898078918457,1.0796124935150146,4.017337322235107,1.3561794757843018,3.003810405731201,0.6526675820350647,2.438086986541748,4.473021507263184,1.4215511083602905,2.9192965030670166,1.534882664680481,0.034267377108335495,0.3451732397079468,0.4178784191608429,0.054374512284994125,0.05015883594751358,0.02822381816804409,0.0,0.2817856967449188,0.041002966463565826,0.0,1.0542728900909424,0.8758219480514526,7.501039505004883,3.3129241466522217,3.956573724746704,0.0,0.656825840473175,0.0,0.5988722443580627,0.0,0.0,0.0,0.8040472269058228,0.0,0.0,0.0,0.1572786420583725,0.16427834331989288,0.3617081642150879,0.0,1.0704118013381958,0.16723811626434326,0.0,0.0,0.09740683436393738,0.11098066717386246,1.7761154174804688,0.7983856201171875,2.37674880027771,1.005578875541687,0.0,0.026456551626324654,0.0,0.0,0.15009765326976776,0.0,0.0,0.0,0.0,0.0,0.07407576590776443,0.10968358814716339,0.01712007448077202,0.08236696571111679,0.07450032234191895,0.0,0.09080231934785843,0.09293661266565323,0.1265503466129303,0.16659511625766754,0.0,0.0,4.029835224151611,0.0,0.0,6.2356648445129395,1.113080382347107,0.6216351389884949,0.0,0.2266378551721573,1.667157530784607,0.0,0.0,0.0,0.00858196523040533,2.2788467407226562,0.0,0.5513647198677063,12.692334175109863,7.607479572296143,0.26400691270828247,1.0397744178771973,0.0,1.258876085281372,8.915188789367676,2.530426502227783,0.8009653091430664,57.43668746948242,0.15126681327819824,0.0,0.0,1.5451716184616089,2.1513705253601074,0.8606162071228027,0.7094666957855225,11.49979019165039,0.0,0.0,4.031740665435791,0.0,0.0,39.1554069519043,42.282047271728516,0.10933160036802292,0.6711334586143494,11.448081016540527,0.0,22.149677276611328,9.691679000854492,140.17608642578125,122.67398071289062,11.44546127319336,12.998661041259766,0.0,0.0,0.0,0.0,1.0400331020355225,0.33830907940864563,0.0,0.0,0.0,0.0,0.0,0.16101236641407013,0.5742449164390564,1.6804351806640625,0.029373273253440857,0.058213330805301666,0.0,0.3665444850921631,0.039195992052555084,0.29309388995170593,0.05581657215952873,0.038302335888147354,0.31993162631988525,0.027257408946752548,0.0,0.0,0.11422630399465561,0.0,0.0,0.037367258220911026,0.0,1.4296414852142334,0.0,0.0,0.23594115674495697,0.0,0.06634462624788284,0.0,1.0221693515777588,0.0,0.0,0.7916463017463684,0.0,0.0,0.0,0.0,0.0,19.143592834472656,0.0,0.9813472628593445,0.0,0.0,0.23309747874736786,0.0,0.0,0.0,158.15870666503906,11.889345169067383,145.6046600341797,0.0,0.0,2.2280588150024414,10.495094299316406,0.0,0.0,0.0,21.3865909576416,17.111068725585938,0.0,50.74067687988281,0.0,11.284348487854004,6.352654457092285,5.038506031036377,5.038506031036377,0.0,0.0,0.1028684601187706,0.7857195734977722,0.0,0.1028684601187706,0.0,9.04031753540039,0.0,0.0,0.0,19.268625259399414,0.0,0.0,0.0,454.72296142578125,0.0,0.0,0.0,0.0,0.0,0.0,0.0,0.0,0.0,0.0,0.0,0.0,0.0,33.842742919921875,0.0,4.166794776916504,0.0,0.0,853.2252197265625,0.0,0.0,0.0,132.58673095703125,10.67359447479248,0.0,1.9258875846862793,2.21968412399292,0.0,0.0,0.0,0.0,14.034956932067871,23.85965347290039,3.2817118167877197,16.098543167114258,0.0,0.4452706575393677,0.1360822468996048,0.0,2.21968412399292,0.08395504951477051,3.238816022872925,0.0,0.0,0.0,5.334228992462158,0.0,0.0,0.0,0.0,0.0,0.0,0.0,0.0,0.0,0.0,0.0,0.0,0.0,0.0,0.0,0.0,0.0,0.0,0.0,0.0,0.0,0.0,0.0,0.0,0.0,0.0,0.0,0.0,0.0,0.0,0.0,0.0,0.0,0.0,0.0,0.0,0.0,0.0,0.0,0.0,0.0,0.0,0.0,0.0,0.0,0.0,0.0,0.0,0.0,0.0,0.0,0.0,0.0,0.0,0.0,0.0,0.0,0.0,0.0,0.0,0.0,0.0,0.0,0.0,0.0,0.0,0.0,0.0,0.0,0.0,0.0,0.0,0.0,0.0,0.0,0.0,0.0,0.0,0.0,0.0,0.0,0.0,0.0,0.0,0.0,0.0,0.0,0.0,0.0,0.0,0.0,0.0,0.0,0.0,0.0,0.0,0.0,0.0,0.0,0.0,0.0,0.0,0.0,0.0,0.0,0.0,0.0,0.0,0.0,0.0,0.0,0.0,0.0
5262,0.0,0.0,0.0,0.0,0.0,0.0,0.0,0.0,0.0,0.0,0.0,0.0,0.0,0.0,0.0,0.0,0.0,0.0,0.0,0.0,0.0,0.0,0.0,0.0,0.0,0.0,0.0,0.0,0.0,0.0,0.0,0.0,0.0,0.0,0.0,0.0,0.0,0.0,0.0,0.0,0.0,0.0,0.0,0.0,0.0,0.0,0.0,0.0,0.0,0.0,0.0,0.0,0.0,0.0,0.0,0.0,0.0,0.0,0.0,0.0,0.0,0.0,0.0,0.0,0.0,0.0,0.0,0.0,0.0,0.0,0.0,0.0,0.0,0.0,0.0,0.0,0.0,0.0,0.0,0.0,0.0,0.0,0.0,0.0,0.0,0.0,0.0,0.0,0.0,0.0,0.0,0.0,0.0,0.0,0.0,0.0,0.0,0.0,0.0,0.0,0.0,0.0,0.0,0.0,0.0,0.0,0.0,0.0,0.0,0.0,0.0,0.0,0.0,0.0,0.0,0.0,0.0,0.0,0.0,0.0,0.0,0.0,0.0,0.0,0.0,0.0,0.0,0.0,0.0,0.0,0.0,0.0,0.0,0.0,0.0,0.0,0.0,0.0,0.0,0.0,0.0,0.0,0.0,0.0,0.0,0.0,0.0,0.0,0.0,0.0,0.0,0.0,0.0,0.0,0.0,0.0,0.0,0.0,0.0,0.0,0.0,0.0,0.0,0.0,0.0,0.0,0.0,0.0,0.0,0.0,0.0,0.0,0.0,0.0,0.0,0.0,0.0,0.0,0.0,0.0,0.0,0.0,0.0,0.0,0.0,0.0,0.0,0.0,0.0,0.0,0.0,0.0,0.0,0.0,0.0,0.0,0.0,0.0,0.0,0.0,0.0,0.0,0.0,0.0,0.0,0.0,0.0,0.0,0.0,0.0,0.0,0.0,0.0,0.0,0.0,0.0,0.0,0.0,0.0,0.0,0.0,0.0,0.0,0.0,0.0,0.0,0.0,0.0,0.0,0.0,0.0,0.0,0.0,0.0,0.0,0.0,0.0,0.0,0.0,0.0,0.0,0.0,0.0,0.0,0.0,0.0,0.0,0.0,0.0,0.0,0.0,0.0,0.0,0.0,0.0,0.0,0.0,0.0,0.0,0.0,0.0,0.0,0.0,0.0,0.0,0.0,0.0,0.0,0.0,0.0,0.0,0.0,0.0,0.0,0.0,0.0,0.0,0.0,0.0,0.0,0.0,0.0,0.0,0.0,0.0,0.0,0.0,0.0,0.0,0.0,0.0,0.0,0.0,0.0,0.0,0.0,0.0,0.0,0.0,0.0,0.0,0.0,0.0,0.0,0.0,0.0,0.0,0.0,0.0,0.0,0.0,0.0,0.0,0.0,0.0,0.0,0.0,0.0,0.0,0.0,0.0,0.0,0.0,0.0,0.0,0.0,0.0,0.0,0.0,0.0,0.0,0.0,0.0,0.0,0.0,0.0,0.0,0.0,0.0,0.0,0.0,0.0,0.0,0.0,0.0,0.0,0.0,0.0,0.0,0.0,0.0,0.0,0.0,0.0,0.0,0.0,0.0,0.0,0.0,0.0,0.0,0.0,0.0,0.0,0.0,0.0,0.0,0.0,0.0,0.0,0.0,0.0,0.0,0.0,0.0,0.0
5263,0.0,0.0,0.0,0.0,0.0,0.0,0.0,0.0,0.0,0.0,0.0,0.0,0.0,0.0,0.0,0.0,0.0,0.0,0.0,0.0,0.0,0.0,0.0,0.0,0.0,0.0,0.0,0.0,0.0,0.0,0.0,0.0,0.0,0.0,0.0,0.0,0.0,0.0,0.0,0.0,0.0,0.0,0.0,0.0,0.0,0.0,0.0,0.0,0.0,0.0,0.0,0.0,0.0,0.0,0.0,0.0,0.0,0.0,0.0,0.0,0.0,0.0,0.0,0.0,0.0,0.0,0.0,0.0,0.0,0.0,0.0,0.0,0.0,0.0,0.0,0.0,0.0,0.0,0.0,0.0,0.0,0.0,0.0,0.0,0.0,0.0,0.0,0.0,0.0,0.0,0.0,0.0,0.0,0.0,0.0,0.0,0.0,0.0,0.0,0.0,0.0,0.0,0.0,0.0,0.0,0.0,0.0,0.0,0.0,0.0,0.0,0.0,0.0,0.0,0.0,0.0,0.0,0.0,0.0,0.0,0.0,0.0,0.0,0.0,0.0,0.0,0.0,0.0,0.0,0.0,0.0,0.0,0.0,0.0,0.0,0.0,0.0,0.0,0.0,0.0,0.0,0.0,0.0,0.0,0.0,0.0,0.0,0.0,0.0,0.0,0.0,0.0,0.0,0.0,0.0,0.0,0.0,0.0,0.0,0.0,0.0,0.0,0.0,0.0,0.0,0.0,0.0,0.0,0.0,0.0,0.0,0.0,0.0,0.0,0.0,0.0,0.0,0.0,0.0,0.0,0.0,0.0,0.0,0.0,0.0,0.0,0.0,0.0,0.0,0.0,0.0,0.0,0.0,0.0,0.0,0.0,0.0,0.0,0.0,0.0,0.0,0.0,0.0,0.0,0.0,0.0,0.0,0.0,0.0,0.0,0.0,0.0,0.0,0.0,0.0,0.0,0.0,0.0,0.0,0.0,0.0,0.0,0.0,0.0,0.0,0.0,0.0,0.0,0.0,0.0,0.0,0.0,0.0,0.0,0.0,0.0,0.0,0.0,0.0,0.0,0.0,0.0,0.0,0.0,0.0,0.0,0.0,0.0,0.0,0.0,0.0,0.0,0.0,0.0,0.0,0.0,0.0,0.0,0.0,0.0,0.0,0.0,0.0,0.0,0.0,0.0,0.0,0.0,0.0,0.0,0.0,0.0,0.0,0.0,0.0,0.0,0.0,0.0,0.0,0.0,0.0,0.0,0.0,0.0,0.0,0.0,0.0,0.0,0.0,0.0,0.0,0.0,0.0,0.0,0.0,0.0,0.0,0.0,0.0,0.0,0.0,0.0,0.0,0.0,0.0,0.0,0.0,0.0,0.0,0.0,0.0,0.0,0.0,0.0,0.0,0.0,0.0,0.0,0.0,0.0,0.0,0.0,0.0,0.0,0.0,0.0,0.0,0.0,0.0,0.0,0.0,0.0,0.0,0.0,0.0,0.0,0.0,0.0,0.0,0.0,0.0,0.0,0.0,0.0,0.0,0.0,0.0,0.0,0.0,0.0,0.0,0.0,0.0,0.0,0.0,0.0,0.0,0.0,0.0,0.0,0.0,0.0,0.0,0.0,0.0,0.0,0.0,0.0,0.0,0.0,0.0,0.0,0.0,0.0,0.0,0.0
5264,0.0,0.0,0.0,0.0,0.0,0.0,0.0,0.0,0.0,0.0,0.0,0.0,0.0,0.0,0.0,0.0,0.0,0.0,0.0,0.0,0.0,0.0,0.0,0.0,0.0,0.0,0.0,0.0,0.0,0.0,0.0,0.0,0.0,0.0,0.0,0.0,0.0,0.0,0.0,0.0,0.0,0.0,0.0,0.0,0.0,0.0,0.0,0.0,0.0,0.0,0.0,0.0,0.0,0.0,0.0,0.0,0.0,0.0,0.0,0.0,0.0,0.0,0.0,0.0,0.0,0.0,0.0,0.0,0.0,0.0,0.0,0.0,0.0,0.0,0.0,0.0,0.0,0.0,0.0,0.0,0.0,0.0,0.0,0.0,0.0,0.0,0.0,0.0,0.0,0.0,0.0,0.0,0.0,0.0,0.0,0.0,0.0,0.0,0.0,0.0,0.0,0.0,0.0,0.0,0.0,0.0,0.0,0.0,0.0,0.0,0.0,0.0,0.0,0.0,0.0,0.0,0.0,0.0,0.0,0.0,0.0,0.0,0.0,0.0,0.0,0.0,0.0,0.0,0.0,0.0,0.0,0.0,0.0,0.0,0.0,0.0,0.0,0.0,0.0,0.0,0.0,0.0,0.0,0.0,0.0,0.0,0.0,0.0,0.0,0.0,0.0,0.0,0.0,0.0,0.0,0.0,0.0,0.0,0.0,0.0,0.0,0.0,0.0,0.0,0.0,0.0,0.0,0.0,0.0,0.0,0.0,0.0,0.0,0.0,0.0,0.0,0.0,0.0,0.0,0.0,0.0,0.0,0.0,0.0,0.0,0.0,0.0,0.0,0.0,0.0,0.0,0.0,0.0,0.0,0.0,0.0,0.0,0.0,0.0,0.0,0.0,0.0,0.0,0.0,0.0,0.0,0.0,0.0,0.0,0.0,0.0,0.0,0.0,0.0,0.0,0.0,0.0,0.0,0.0,0.0,0.0,0.0,0.0,0.0,0.0,0.0,0.0,0.0,0.0,0.0,0.0,0.0,0.0,0.0,0.0,0.0,0.0,0.0,0.0,0.0,0.0,0.0,0.0,0.0,0.0,0.0,0.0,0.0,0.0,0.0,0.0,0.0,0.0,0.0,0.0,0.0,0.0,0.0,0.0,0.0,0.0,0.0,0.0,0.0,0.0,0.0,0.0,0.0,0.0,0.0,0.0,0.0,0.0,0.0,0.0,0.0,0.0,0.0,0.0,0.0,0.0,0.0,0.0,0.0,0.0,0.0,0.0,0.0,0.0,0.0,0.0,0.0,0.0,0.0,0.0,0.0,0.0,0.0,0.0,0.0,0.0,0.0,0.0,0.0,0.0,0.0,0.0,0.0,0.0,0.0,0.0,0.0,0.0,0.0,0.0,0.0,0.0,0.0,0.0,0.0,0.0,0.0,0.0,0.0,0.0,0.0,0.0,0.0,0.0,0.0,0.0,0.0,0.0,0.0,0.0,0.0,0.0,0.0,0.0,0.0,0.0,0.0,0.0,0.0,0.0,0.0,0.0,0.0,0.0,0.0,0.0,0.0,0.0,0.0,0.0,0.0,0.0,0.0,0.0,0.0,0.0,0.0,0.0,0.0,0.0,0.0,0.0,0.0,0.0,0.0,0.0,0.0,0.0,0.0,0.0,0.0
5265,0.0,0.0,0.0,0.34268683195114136,3.537334680557251,0.9530965685844421,3.779573440551758,0.0,1.9346673488616943,2.218973398208618,1.4496833086013794,4.886462211608887,1.6092067956924438,0.0,0.0,0.19445987045764923,0.0,0.0,0.0,0.0,0.0,0.0,0.0,0.961696982383728,0.0,4.354744911193848,4.488259792327881,3.4407548904418945,0.0,0.0,0.0,0.0,0.0,0.0,0.0,0.4540039300918579,0.0,0.0,0.0,0.0,0.0,0.6828938126564026,0.0,1.0882190465927124,0.0,0.0,0.0,0.0,0.0,1.8342390060424805,0.5343132615089417,2.945636749267578,0.0,0.0,0.0,0.0,0.0,0.0,0.0,0.0,0.0,0.0,0.0,0.0,0.0,0.0,0.0,0.0,0.0,0.0,0.0,0.0,0.0,0.0,0.0,3.583317279815674,0.0,0.0,16.28311538696289,13.931366920471191,16.99993896484375,0.0,0.0,5.371509552001953,0.0,0.0,0.0,0.0,11.496445655822754,0.0,6.031484127044678,11.817441940307617,9.522764205932617,0.022300755605101585,2.307877779006958,0.0,1.1313371658325195,9.005873680114746,1.6774259805679321,0.1911919265985489,60.24809265136719,0.0,0.0,0.0,3.5319082736968994,8.349594116210938,0.9843199253082275,0.909574568271637,12.684316635131836,0.0,0.0,5.9468278884887695,0.0,0.0,160.22909545898438,72.01551818847656,0.9076887965202332,0.9133475422859192,38.28977966308594,0.0,25.788135528564453,9.237712860107422,193.20941162109375,181.2041473388672,19.894481658935547,38.351593017578125,0.0,0.0,0.0,0.0,8.03864860534668,2.710942268371582,0.0,0.0,0.0,0.0,0.0,1.2602732181549072,2.3188323974609375,10.884763717651367,0.026690466329455376,0.0,0.0,0.0,0.0,1.5266077518463135,0.2744530141353607,0.04380199685692787,1.7888060808181763,0.23883119225502014,0.0,0.0,0.9662024974822998,0.0,0.0,0.2045450508594513,0.0,36.48734664916992,0.0,0.0,7.000799655914307,0.0,1.7321081161499023,0.0,50.94339370727539,0.0,0.0,6.359671115875244,0.0,0.21331007778644562,0.0,0.0,0.0,138.84890747070312,0.0961039587855339,6.841213703155518,0.0,0.41982898116111755,6.168697834014893,0.0,0.0,0.0,137.58392333984375,13.203409194946289,144.27056884765625,0.0,0.0,3.0830142498016357,12.441707611083984,0.0,0.0,0.0,20.62769889831543,17.36240005493164,0.0,24.837190628051758,0.0,12.025115013122559,5.650783538818359,5.398806095123291,5.398806095123291,0.0,0.0,0.0,2.6521377563476562,0.0,0.0,0.0,33.23057556152344,0.0,0.0,0.0,33.486968994140625,0.0,0.0,0.0,754.6964111328125,0.0,0.0,0.0,0.0,0.0,0.0,0.0,0.0,0.0,0.0,0.0,0.0,0.0,8.127063751220703,0.0,48.61552810668945,0.0,0.0,132.58673095703125,0.0,0.0,0.0,1703.275634765625,145.363525390625,0.0,8.774703979492188,9.337162017822266,0.0,0.0,0.0,0.0,3.0876474380493164,11.952659606933594,0.0,14.031950950622559,0.0,2.267719030380249,0.0,0.0,9.337162017822266,1.1895710229873657,3.755922555923462,0.0,0.0,0.0,21.126007080078125,0.0,0.0,0.0,0.0,0.0,0.0,0.0,0.0,0.0,0.0,0.0,0.0,0.0,0.0,0.0,0.0,0.0,0.0,0.0,0.0,0.0,0.0,0.0,0.0,0.0,0.0,0.0,0.0,0.0,0.0,0.0,0.0,0.0,0.0,0.0,0.0,0.0,0.0,0.0,0.0,0.0,0.0,0.0,0.0,0.0,0.0,0.0,0.0,0.0,0.0,0.0,0.0,0.0,0.0,0.0,0.0,0.0,0.0,0.0,0.0,0.0,0.0,0.0,0.0,0.0,0.0,0.0,0.0,0.0,0.0,0.0,0.0,0.0,0.0,0.0,0.0,0.0,0.0,0.0,0.0,0.0,0.0,0.0,0.0,0.0,0.0,0.0,0.0,0.0,0.0,0.0,0.0,0.0,0.0,0.0,0.0,0.0,0.0,0.0,0.0,0.0,0.0,0.0,0.0,0.0,0.0,0.0,0.0,0.0,0.0,0.0,0.0,0.0
5266,0.0,0.0,0.0,0.0,0.0,0.0,0.0,0.0,0.0,0.08703900128602982,0.0,0.0,0.0,0.0,0.0,0.0,0.0,0.0,0.0,0.0,0.0,0.0,0.0,0.0,0.0,0.0,0.0,0.0,0.0,0.0,0.0,0.0,0.0,0.0,0.0,0.0,0.0,0.0,0.0,0.0,0.0,0.0,0.0,0.0,0.0,0.0,0.0,0.0,0.0,0.0,0.0,0.0,0.0,0.0,0.0,0.0,0.0,0.0,0.0,0.0,0.0,0.0,0.0,0.0,0.0,0.0,0.0,0.0,0.0,0.0,0.0,0.0,0.0,0.0,0.0,0.0,0.0,0.0,0.0,0.0,0.0,0.0,0.0,0.0,0.0,0.0,0.0,0.0,0.0,0.0,0.0,1.3765028715133667,0.0,0.0,0.008959880098700523,0.0,0.0,0.13994921743869781,0.0,0.0,1.4687951803207397,0.0,0.0,0.0,0.0,0.0,0.0,0.0,0.9913405179977417,0.0,0.0,0.4955345392227173,0.0,0.0,8.838788032531738,2.2597901821136475,0.0,0.0,2.2676215171813965,0.0,2.7243432998657227,0.4358884394168854,3.022029161453247,19.532140731811523,0.0,1.6993886232376099,0.0,0.0,0.0,0.0,0.0,0.0,0.0,0.0,0.0,0.0,0.0,0.0,0.12577059864997864,0.0,0.0,0.0,0.0,0.0,0.0,0.0,0.0,0.0,0.0,0.0,0.0,0.0,0.0,0.0,0.0,0.0,0.0,2.5032835006713867,0.0,0.0,0.3750686049461365,0.0,0.0,0.0,3.653024196624756,0.0,0.0,0.15732555091381073,0.0,0.0,0.0,0.0,0.0,9.449048042297363,0.0,0.3810498118400574,0.0,0.0,0.26658234000205994,0.0,0.0,0.0,13.203409194946289,0.5589808225631714,13.203409194946289,0.0,0.0,0.0,0.0,0.0,0.0,0.0,0.44009387493133545,0.43775811791419983,0.0,0.9133475422859192,0.0,0.24695387482643127,0.0,0.0,0.0,0.0,0.0,0.0,0.0,0.0,0.0,0.0,2.0752999782562256,0.0,0.0,0.0,0.2835800051689148,0.0,0.0,0.0,24.217636108398438,0.0,0.0,0.0,0.0,0.0,0.0,0.0,0.0,0.0,0.0,0.0,0.0,0.0,0.20590150356292725,0.0,4.128664016723633,0.0,0.0,10.67359447479248,0.0,0.0,0.0,145.363525390625,12.970932960510254,0.0,0.0,0.0,0.0,0.0,0.0,0.0,0.0,0.0,0.0,0.0,0.0,0.0,0.0,0.0,0.0,0.0,0.0,0.0,0.0,0.0,1.0943830013275146,0.0,0.0,0.0,0.0,0.0,0.0,0.0,0.0,0.0,0.0,0.0,0.0,0.0,0.0,0.0,0.0,0.0,0.0,0.0,0.0,0.0,0.0,0.0,0.0,0.0,0.0,0.0,0.0,0.0,0.0,0.0,0.0,0.0,0.0,0.0,0.0,0.0,0.0,0.0,0.0,0.0,0.0,0.0,0.0,0.0,0.0,0.0,0.0,0.0,0.0,0.0,0.0,0.0,0.0,0.0,0.0,0.0,0.0,0.0,0.0,0.0,0.0,0.0,0.0,0.0,0.0,0.0,0.0,0.0,0.0,0.0,0.0,0.0,0.0,0.0,0.0,0.0,0.0,0.0,0.0,0.0,0.0,0.0,0.0,0.0,0.0,0.0,0.0,0.0,0.0,0.0,0.0,0.0,0.0,0.0,0.0,0.0,0.0,0.0,0.0,0.0,0.0,0.0,0.0,0.0,0.0,0.0,0.0,0.0,0.0,0.0,0.0,0.0
5267,0.0,0.0,0.0,0.0,0.0,0.0,0.0,0.0,0.0,0.0,0.0,0.0,0.0,0.0,0.0,0.0,0.0,0.0,0.0,0.0,0.0,0.0,0.0,0.0,0.0,0.0,0.0,0.0,0.0,0.0,0.0,0.0,0.0,0.0,0.0,0.0,0.0,0.0,0.0,0.0,0.0,0.0,0.0,0.0,0.0,0.0,0.0,0.0,0.0,0.0,0.0,0.0,0.0,0.0,0.0,0.0,0.0,0.0,0.0,0.0,0.0,0.0,0.0,0.0,0.0,0.0,0.0,0.0,0.0,0.0,0.0,0.0,0.0,0.0,0.0,0.0,0.0,0.0,0.0,0.0,0.0,0.0,0.0,0.0,0.0,0.0,0.0,0.0,0.0,0.0,0.0,0.0,0.0,0.0,0.0,0.0,0.0,0.0,0.0,0.0,0.0,0.0,0.0,0.0,0.0,0.0,0.0,0.0,0.0,0.0,0.0,0.0,0.0,0.0,0.0,0.0,0.0,0.0,0.0,0.0,0.0,0.0,0.0,0.0,0.0,0.0,0.0,0.0,0.0,0.0,0.0,0.0,0.0,0.0,0.0,0.0,0.0,0.0,0.0,0.0,0.0,0.0,0.0,0.0,0.0,0.0,0.0,0.0,0.0,0.0,0.0,0.0,0.0,0.0,0.0,0.0,0.0,0.0,0.0,0.0,0.0,0.0,0.0,0.0,0.0,0.0,0.0,0.0,0.0,0.0,0.0,0.0,0.0,0.0,0.0,0.0,0.0,0.0,0.0,0.0,0.0,0.0,0.0,0.0,0.0,0.0,0.0,0.0,0.0,0.0,0.0,0.0,0.0,0.0,0.0,0.0,0.0,0.0,0.0,0.0,0.0,0.0,0.0,0.0,0.0,0.0,0.0,0.0,0.0,0.0,0.0,0.0,0.0,0.0,0.0,0.0,0.0,0.0,0.0,0.0,0.0,0.0,0.0,0.0,0.0,0.0,0.0,0.0,0.0,0.0,0.0,0.0,0.0,0.0,0.0,0.0,0.0,0.0,0.0,0.0,0.0,0.0,0.0,0.0,0.0,0.0,0.0,0.0,0.0,0.0,0.0,0.0,0.0,0.0,0.0,0.0,0.0,0.0,0.0,0.0,0.0,0.0,0.0,0.0,0.0,0.0,0.0,0.0,0.0,0.0,0.0,0.0,0.0,0.0,0.0,0.0,0.0,0.0,0.0,0.0,0.0,0.0,0.0,0.0,0.0,0.0,0.0,0.0,0.0,0.0,0.0,0.0,0.0,0.0,0.0,0.0,0.0,0.0,0.0,0.0,0.0,0.0,0.0,0.0,0.0,0.0,0.0,0.0,0.0,0.0,0.0,0.0,0.0,0.0,0.0,0.0,0.0,0.0,0.0,0.0,0.0,0.0,0.0,0.0,0.0,0.0,0.0,0.0,0.0,0.0,0.0,0.0,0.0,0.0,0.0,0.0,0.0,0.0,0.0,0.0,0.0,0.0,0.0,0.0,0.0,0.0,0.0,0.0,0.0,0.0,0.0,0.0,0.0,0.0,0.0,0.0,0.0,0.0,0.0,0.0,0.0,0.0,0.0,0.0,0.0,0.0,0.0,0.0,0.0,0.0,0.0,0.0,0.0,0.0,0.0,0.0
5268,0.0,0.0,0.47404396533966064,0.16652920842170715,0.9786903262138367,0.4494599997997284,0.8652697801589966,0.16652920842170715,0.828784704208374,0.9442352652549744,0.16652920842170715,2.685694932937622,1.2948452234268188,0.0,0.0,0.03632017597556114,0.0,0.0,0.0,0.0,0.0,0.0,0.0,0.5388268232345581,0.6732237339019775,2.87876296043396,0.4968982934951782,1.800513744354248,0.0,0.40283381938934326,0.0,0.369512677192688,0.0,0.0,0.0,0.7511311769485474,0.0,0.0,0.0,0.06368032842874527,0.0785217136144638,0.3429272472858429,0.0,0.9363154172897339,0.17673468589782715,0.0,0.0,0.14186672866344452,0.0,1.5689542293548584,0.6971471905708313,1.879841685295105,1.0555694103240967,0.0,0.0,0.0,0.0,0.0,0.0,0.0,0.0,0.0,0.0,0.0706649199128151,0.11591193825006485,0.0,0.09177608788013458,0.08448266237974167,0.0,0.04188459739089012,0.10474509000778198,0.1595914512872696,0.1760551482439041,0.0,0.0,1.081172227859497,0.0,0.0,0.745725154876709,0.0684434175491333,0.030440712347626686,0.0,0.0,0.0,0.0,0.0,0.0,0.0,0.22191910445690155,0.0,0.0874527096748352,2.952359437942505,1.4968162775039673,0.1015843003988266,0.4978610575199127,0.0,0.3331798017024994,2.2487454414367676,0.56894451379776,0.2510431110858917,13.561766624450684,0.0,0.0,0.0,0.2436991184949875,0.35897132754325867,0.162977397441864,0.16025279462337494,2.9029617309570312,0.0,0.0,0.9006399512290955,0.0,0.0,1.3507639169692993,1.6427333354949951,0.0,0.0,1.952578067779541,0.0,5.602668762207031,2.3914520740509033,11.394253730773926,14.682705879211426,0.36976611614227295,1.4348398447036743,0.0,0.0,0.0,0.0,0.5429190993309021,0.0,0.0,0.0,0.0,0.0,0.0,0.017327822744846344,0.11224963515996933,0.7427939772605896,0.03274339810013771,0.0,0.0,0.23610085248947144,0.0,0.11306305229663849,0.0,0.039327748119831085,0.23592545092105865,0.0,0.0,0.0,0.016852907836437225,0.0,0.0,0.0,0.0,0.4954743981361389,0.0,0.0,0.0,0.0,0.0,0.0,0.31441769003868103,0.0,0.0,0.27487969398498535,0.0,0.0,0.0,0.0,0.0,15.305368423461914,0.0,0.45964816212654114,0.0,0.0,0.0,0.0,0.0,0.0,8.606632232666016,1.0430949926376343,8.913427352905273,0.0,0.0,2.0380682945251465,9.328768730163574,0.0,0.0,0.0,0.9013317823410034,6.051549911499023,0.0,20.17538833618164,0.0,3.6630852222442627,2.4472708702087402,1.6348881721496582,1.6348881721496582,0.0,0.0,0.0,0.1258348524570465,0.0,0.0,0.0,1.3090049028396606,0.0,0.0,0.0,0.0,0.0,0.0,0.0,2.470672130584717,0.0,0.0,0.0,0.0,0.0,0.0,0.0,0.0,0.0,0.0,0.0,0.0,0.0,0.0,0.0,0.0,0.0,0.0,1.9258875846862793,0.0,0.0,0.0,8.774703979492188,0.0,0.0,28.693103790283203,34.78325271606445,0.0,0.0,0.0,0.0,3.448391914367676,7.946955680847168,1.054026484489441,5.9010114669799805,0.0,0.0,0.06670761108398438,0.0,34.78325271606445,0.15476825833320618,0.4120907187461853,0.0,0.0,0.0,0.5253446102142334,0.0,0.0,0.0,0.0,0.0,0.0,0.0,0.0,0.0,0.0,0.0,0.0,0.0,0.0,0.0,0.0,0.0,0.0,0.0,0.0,0.0,0.0,0.0,0.0,0.0,0.0,0.0,0.0,0.0,0.0,0.0,0.0,0.0,0.0,0.0,0.0,0.0,0.0,0.0,0.0,0.0,0.0,0.0,0.0,0.0,0.0,0.0,0.0,0.0,0.0,0.0,0.0,0.0,0.0,0.0,0.0,0.0,0.0,0.0,0.0,0.0,0.0,0.0,0.0,0.0,0.0,0.0,0.0,0.0,0.0,0.0,0.0,0.0,0.0,0.0,0.0,0.0,0.0,0.0,0.0,0.0,0.0,0.0,0.0,0.0,0.0,0.0,0.0,0.0,0.0,0.0,0.0,0.0,0.0,0.0,0.0,0.0,0.0,0.0,0.0,0.0,0.0,0.0,0.0,0.0,0.0,0.0,0.0,0.0,0.0,0.0,0.0,0.0
5269,0.0,0.0,0.4519108533859253,0.15875396132469177,1.9051551818847656,0.39935776591300964,0.7124958038330078,0.15875396132469177,0.7079809308052063,0.6795021295547485,0.15875396132469177,2.5311830043792725,1.2464343309402466,0.0,0.0,0.03462439030408859,0.0,0.0,0.0,0.0,0.0,0.0,0.0,0.4797501564025879,0.6417909264564514,2.7443535327911377,0.5574515461921692,1.7164478302001953,0.0,0.384025514125824,0.0,0.35226014256477356,0.0,0.0,0.0,0.7160608768463135,0.0,0.0,0.0,0.06070709228515625,0.07485553622245789,0.29359471797943115,0.0,0.8813973069190979,0.1684829443693161,0.0,0.0,0.13524296879768372,0.0,1.4584723711013794,0.656162440776825,1.7736214399337769,0.9235904216766357,0.0,0.0,0.0,0.0,0.0,0.0,0.0,0.0,0.0,0.0,0.06736557185649872,0.11050000786781311,0.0,0.08749106526374817,0.08053816854953766,0.0,0.03992900624871254,0.08570923656225204,0.15214012563228607,0.16783514618873596,0.0,0.0,1.0224285125732422,0.0,0.0,0.5434302091598511,0.09771396964788437,0.07601188868284225,0.0,0.0,0.0,0.0,0.0,0.0,0.0,0.4201822578907013,0.0,0.1498951017856598,2.4811487197875977,1.2529964447021484,0.09431902319192886,0.3744716942310333,0.0,0.2998521029949188,1.991851568222046,0.28609544038772583,0.21258914470672607,12.621826171875,0.0,0.0,0.0,0.3572841286659241,0.5168429613113403,0.1709623783826828,0.2087477445602417,2.8032052516937256,0.0,0.0,0.5021671652793884,0.0,0.0,3.0132789611816406,4.453795909881592,0.0,0.0,1.2414957284927368,0.0,4.977729797363281,1.2112826108932495,23.03176498413086,0.566769003868103,0.17699769139289856,3.580354690551758,0.0,0.0,0.0,0.0,0.667833685874939,0.0,0.0,0.0,0.0,0.0,0.0,0.016518788412213326,0.10700870305299759,0.7708762884140015,0.020591197535395622,0.0,0.0,0.2754051387310028,0.0,0.10778413712978363,0.0,0.03371306136250496,0.204180046916008,0.0,0.0,0.0,0.012353219091892242,0.0,0.0,0.0,0.0,0.6010447144508362,0.0,0.0,0.0,0.0,0.0,0.0,0.3367660939693451,0.0,0.0,0.3184632956981659,0.0,0.0,0.0,0.0,0.0,16.129369735717773,0.0,0.36979109048843384,0.0,0.0,0.0,0.0,0.0,0.0,7.053456783294678,0.8604609966278076,7.345927715301514,0.0,0.0,1.94291090965271,8.893208503723145,0.0,0.0,0.0,0.9923920631408691,4.779468536376953,0.0,18.22091293334961,0.0,3.0487115383148193,1.8313720226287842,1.2906914949417114,1.2906914949417114,0.0,0.0,0.0,0.13135597109794617,0.0,0.0,0.0,3.4230737686157227,0.0,0.0,0.0,0.0,0.0,0.0,0.0,2.6424195766448975,0.0,0.0,0.0,0.0,0.0,0.0,0.0,0.0,0.0,0.0,0.0,0.0,0.0,0.0,0.0,0.0,0.0,0.0,2.21968412399292,0.0,0.0,0.0,9.337162017822266,0.0,0.0,34.78325271606445,28.693103790283203,0.0,0.0,0.0,0.0,3.287386417388916,7.212753772735596,1.0048140287399292,5.303292751312256,0.0,0.0,0.06359303742647171,0.0,28.693103790283203,0.1303674727678299,0.39285022020339966,0.0,0.0,0.0,0.5290100574493408,0.0,0.0,0.0,0.0,0.0,0.0,0.0,0.0,0.0,0.0,0.0,0.0,0.0,0.0,0.0,0.0,0.0,0.0,0.0,0.0,0.0,0.0,0.0,0.0,0.0,0.0,0.0,0.0,0.0,0.0,0.0,0.0,0.0,0.0,0.0,0.0,0.0,0.0,0.0,0.0,0.0,0.0,0.0,0.0,0.0,0.0,0.0,0.0,0.0,0.0,0.0,0.0,0.0,0.0,0.0,0.0,0.0,0.0,0.0,0.0,0.0,0.0,0.0,0.0,0.0,0.0,0.0,0.0,0.0,0.0,0.0,0.0,0.0,0.0,0.0,0.0,0.0,0.0,0.0,0.0,0.0,0.0,0.0,0.0,0.0,0.0,0.0,0.0,0.0,0.0,0.0,0.0,0.0,0.0,0.0,0.0,0.0,0.0,0.0,0.0,0.0,0.0,0.0,0.0,0.0,0.0,0.0,0.0,0.0,0.0,0.0,0.0,0.0
5270,0.0,0.0,0.0,0.0,0.0,0.0,0.0,0.0,0.0,0.0,0.0,0.0,0.0,0.0,0.0,0.0,0.0,0.0,0.0,0.0,0.0,0.0,0.0,0.0,0.0,0.0,0.0,0.0,0.0,0.0,0.0,0.0,0.0,0.0,0.0,0.0,0.0,0.0,0.0,0.0,0.0,0.0,0.0,0.0,0.0,0.0,0.0,0.0,0.0,0.0,0.0,0.0,0.0,0.0,0.0,0.0,0.0,0.0,0.0,0.0,0.0,0.0,0.0,0.0,0.0,0.0,0.0,0.0,0.0,0.0,0.0,0.0,0.0,0.0,0.0,0.0,0.0,0.0,0.0,0.0,0.0,0.0,0.0,0.0,0.0,0.0,0.0,0.0,0.0,0.0,0.0,0.0,0.0,0.0,0.0,0.0,0.0,0.0,0.0,0.0,0.0,0.0,0.0,0.0,0.0,0.0,0.0,0.0,0.0,0.0,0.0,0.0,0.0,0.0,0.0,0.0,0.0,0.0,0.0,0.0,0.0,0.0,0.0,0.0,0.0,0.0,0.0,0.0,0.0,0.0,0.0,0.0,0.0,0.0,0.0,0.0,0.0,0.0,0.0,0.0,0.0,0.0,0.0,0.0,0.0,0.0,0.0,0.0,0.0,0.0,0.0,0.0,0.0,0.0,0.0,0.0,0.0,0.0,0.0,0.0,0.0,0.0,0.0,0.0,0.0,0.0,0.0,0.0,0.0,0.0,0.0,0.0,0.0,0.0,0.0,0.0,0.0,0.0,0.0,0.0,0.0,0.0,0.0,0.0,0.0,0.0,0.0,0.0,0.0,0.0,0.0,0.0,0.0,0.0,0.0,0.0,0.0,0.0,0.0,0.0,0.0,0.0,0.0,0.0,0.0,0.0,0.0,0.0,0.0,0.0,0.0,0.0,0.0,0.0,0.0,0.0,0.0,0.0,0.0,0.0,0.0,0.0,0.0,0.0,0.0,0.0,0.0,0.0,0.0,0.0,0.0,0.0,0.0,0.0,0.0,0.0,0.0,0.0,0.0,0.0,0.0,0.0,0.0,0.0,0.0,0.0,0.0,0.0,0.0,0.0,0.0,0.0,0.0,0.0,0.0,0.0,0.0,0.0,0.0,0.0,0.0,0.0,0.0,0.0,0.0,0.0,0.0,0.0,0.0,0.0,0.0,0.0,0.0,0.0,0.0,0.0,0.0,0.0,0.0,0.0,0.0,0.0,0.0,0.0,0.0,0.0,0.0,0.0,0.0,0.0,0.0,0.0,0.0,0.0,0.0,0.0,0.0,0.0,0.0,0.0,0.0,0.0,0.0,0.0,0.0,0.0,0.0,0.0,0.0,0.0,0.0,0.0,0.0,0.0,0.0,0.0,0.0,0.0,0.0,0.0,0.0,0.0,0.0,0.0,0.0,0.0,0.0,0.0,0.0,0.0,0.0,0.0,0.0,0.0,0.0,0.0,0.0,0.0,0.0,0.0,0.0,0.0,0.0,0.0,0.0,0.0,0.0,0.0,0.0,0.0,0.0,0.0,0.0,0.0,0.0,0.0,0.0,0.0,0.0,0.0,0.0,0.0,0.0,0.0,0.0,0.0,0.0,0.0,0.0,0.0,0.0,0.0,0.0,0.0,0.0,0.0
5271,0.0,0.0,0.0,0.0,0.0,0.0,0.0,0.0,0.0,0.0,0.0,0.0,0.0,0.0,0.0,0.0,0.0,0.0,0.0,0.0,0.0,0.0,0.0,0.0,0.0,0.0,0.0,0.0,0.0,0.0,0.0,0.0,0.0,0.0,0.0,0.0,0.0,0.0,0.0,0.0,0.0,0.0,0.0,0.0,0.0,0.0,0.0,0.0,0.0,0.0,0.0,0.0,0.0,0.0,0.0,0.0,0.0,0.0,0.0,0.0,0.0,0.0,0.0,0.0,0.0,0.0,0.0,0.0,0.0,0.0,0.0,0.0,0.0,0.0,0.0,0.0,0.0,0.0,0.0,0.0,0.0,0.0,0.0,0.0,0.0,0.0,0.0,0.0,0.0,0.0,0.0,0.0,0.0,0.0,0.0,0.0,0.0,0.0,0.0,0.0,0.0,0.0,0.0,0.0,0.0,0.0,0.0,0.0,0.0,0.0,0.0,0.0,0.0,0.0,0.0,0.0,0.0,0.0,0.0,0.0,0.0,0.0,0.0,0.0,0.0,0.0,0.0,0.0,0.0,0.0,0.0,0.0,0.0,0.0,0.0,0.0,0.0,0.0,0.0,0.0,0.0,0.0,0.0,0.0,0.0,0.0,0.0,0.0,0.0,0.0,0.0,0.0,0.0,0.0,0.0,0.0,0.0,0.0,0.0,0.0,0.0,0.0,0.0,0.0,0.0,0.0,0.0,0.0,0.0,0.0,0.0,0.0,0.0,0.0,0.0,0.0,0.0,0.0,0.0,0.0,0.0,0.0,0.0,0.0,0.0,0.0,0.0,0.0,0.0,0.0,0.0,0.0,0.0,0.0,0.0,0.0,0.0,0.0,0.0,0.0,0.0,0.0,0.0,0.0,0.0,0.0,0.0,0.0,0.0,0.0,0.0,0.0,0.0,0.0,0.0,0.0,0.0,0.0,0.0,0.0,0.0,0.0,0.0,0.0,0.0,0.0,0.0,0.0,0.0,0.0,0.0,0.0,0.0,0.0,0.0,0.0,0.0,0.0,0.0,0.0,0.0,0.0,0.0,0.0,0.0,0.0,0.0,0.0,0.0,0.0,0.0,0.0,0.0,0.0,0.0,0.0,0.0,0.0,0.0,0.0,0.0,0.0,0.0,0.0,0.0,0.0,0.0,0.0,0.0,0.0,0.0,0.0,0.0,0.0,0.0,0.0,0.0,0.0,0.0,0.0,0.0,0.0,0.0,0.0,0.0,0.0,0.0,0.0,0.0,0.0,0.0,0.0,0.0,0.0,0.0,0.0,0.0,0.0,0.0,0.0,0.0,0.0,0.0,0.0,0.0,0.0,0.0,0.0,0.0,0.0,0.0,0.0,0.0,0.0,0.0,0.0,0.0,0.0,0.0,0.0,0.0,0.0,0.0,0.0,0.0,0.0,0.0,0.0,0.0,0.0,0.0,0.0,0.0,0.0,0.0,0.0,0.0,0.0,0.0,0.0,0.0,0.0,0.0,0.0,0.0,0.0,0.0,0.0,0.0,0.0,0.0,0.0,0.0,0.0,0.0,0.0,0.0,0.0,0.0,0.0,0.0,0.0,0.0,0.0,0.0,0.0,0.0,0.0,0.0,0.0,0.0,0.0,0.0,0.0,0.0,0.0
5272,0.0,0.0,0.0,0.0,0.0,0.0,0.0,0.0,0.0,0.0,0.0,0.0,0.0,0.0,0.0,0.0,0.0,0.0,0.0,0.0,0.0,0.0,0.0,0.0,0.0,0.0,0.0,0.0,0.0,0.0,0.0,0.0,0.0,0.0,0.0,0.0,0.0,0.0,0.0,0.0,0.0,0.0,0.0,0.0,0.0,0.0,0.0,0.0,0.0,0.0,0.0,0.0,0.0,0.0,0.0,0.0,0.0,0.0,0.0,0.0,0.0,0.0,0.0,0.0,0.0,0.0,0.0,0.0,0.0,0.0,0.0,0.0,0.0,0.0,0.0,0.0,0.0,0.0,0.0,0.0,0.0,0.0,0.0,0.0,0.0,0.0,0.0,0.0,0.0,0.0,0.0,0.0,0.0,0.0,0.0,0.0,0.0,0.0,0.0,0.0,0.0,0.0,0.0,0.0,0.0,0.0,0.0,0.0,0.0,0.0,0.0,0.0,0.0,0.0,0.0,0.0,0.0,0.0,0.0,0.0,0.0,0.0,0.0,0.0,0.0,0.0,0.0,0.0,0.0,0.0,0.0,0.0,0.0,0.0,0.0,0.0,0.0,0.0,0.0,0.0,0.0,0.0,0.0,0.0,0.0,0.0,0.0,0.0,0.0,0.0,0.0,0.0,0.0,0.0,0.0,0.0,0.0,0.0,0.0,0.0,0.0,0.0,0.0,0.0,0.0,0.0,0.0,0.0,0.0,0.0,0.0,0.0,0.0,0.0,0.0,0.0,0.0,0.0,0.0,0.0,0.0,0.0,0.0,0.0,0.0,0.0,0.0,0.0,0.0,0.0,0.0,0.0,0.0,0.0,0.0,0.0,0.0,0.0,0.0,0.0,0.0,0.0,0.0,0.0,0.0,0.0,0.0,0.0,0.0,0.0,0.0,0.0,0.0,0.0,0.0,0.0,0.0,0.0,0.0,0.0,0.0,0.0,0.0,0.0,0.0,0.0,0.0,0.0,0.0,0.0,0.0,0.0,0.0,0.0,0.0,0.0,0.0,0.0,0.0,0.0,0.0,0.0,0.0,0.0,0.0,0.0,0.0,0.0,0.0,0.0,0.0,0.0,0.0,0.0,0.0,0.0,0.0,0.0,0.0,0.0,0.0,0.0,0.0,0.0,0.0,0.0,0.0,0.0,0.0,0.0,0.0,0.0,0.0,0.0,0.0,0.0,0.0,0.0,0.0,0.0,0.0,0.0,0.0,0.0,0.0,0.0,0.0,0.0,0.0,0.0,0.0,0.0,0.0,0.0,0.0,0.0,0.0,0.0,0.0,0.0,0.0,0.0,0.0,0.0,0.0,0.0,0.0,0.0,0.0,0.0,0.0,0.0,0.0,0.0,0.0,0.0,0.0,0.0,0.0,0.0,0.0,0.0,0.0,0.0,0.0,0.0,0.0,0.0,0.0,0.0,0.0,0.0,0.0,0.0,0.0,0.0,0.0,0.0,0.0,0.0,0.0,0.0,0.0,0.0,0.0,0.0,0.0,0.0,0.0,0.0,0.0,0.0,0.0,0.0,0.0,0.0,0.0,0.0,0.0,0.0,0.0,0.0,0.0,0.0,0.0,0.0,0.0,0.0,0.0,0.0,0.0,0.0,0.0,0.0,0.0,0.0
5273,0.0,0.0,0.0,0.0,0.0,0.0,0.0,0.0,0.0,0.0,0.0,0.0,0.0,0.0,0.0,0.0,0.0,0.0,0.0,0.0,0.0,0.0,0.0,0.0,0.0,0.0,0.0,0.0,0.0,0.0,0.0,0.0,0.0,0.0,0.0,0.0,0.0,0.0,0.0,0.0,0.0,0.0,0.0,0.0,0.0,0.0,0.0,0.0,0.0,0.0,0.0,0.0,0.0,0.0,0.0,0.0,0.0,0.0,0.0,0.0,0.0,0.0,0.0,0.0,0.0,0.0,0.0,0.0,0.0,0.0,0.0,0.0,0.0,0.0,0.0,0.0,0.0,0.0,0.0,0.0,0.0,0.0,0.0,0.0,0.0,0.0,0.0,0.0,0.0,0.0,0.0,0.0,0.0,0.0,0.0,0.0,0.0,0.0,0.0,0.0,0.0,0.0,0.0,0.0,0.0,0.0,0.0,0.0,0.0,0.0,0.0,0.0,0.0,0.0,0.0,0.0,0.0,0.0,0.0,0.0,0.0,0.0,0.0,0.0,0.0,0.0,0.0,0.0,0.0,0.0,0.0,0.0,0.0,0.0,0.0,0.0,0.0,0.0,0.0,0.0,0.0,0.0,0.0,0.0,0.0,0.0,0.0,0.0,0.0,0.0,0.0,0.0,0.0,0.0,0.0,0.0,0.0,0.0,0.0,0.0,0.0,0.0,0.0,0.0,0.0,0.0,0.0,0.0,0.0,0.0,0.0,0.0,0.0,0.0,0.0,0.0,0.0,0.0,0.0,0.0,0.0,0.0,0.0,0.0,0.0,0.0,0.0,0.0,0.0,0.0,0.0,0.0,0.0,0.0,0.0,0.0,0.0,0.0,0.0,0.0,0.0,0.0,0.0,0.0,0.0,0.0,0.0,0.0,0.0,0.0,0.0,0.0,0.0,0.0,0.0,0.0,0.0,0.0,0.0,0.0,0.0,0.0,0.0,0.0,0.0,0.0,0.0,0.0,0.0,0.0,0.0,0.0,0.0,0.0,0.0,0.0,0.0,0.0,0.0,0.0,0.0,0.0,0.0,0.0,0.0,0.0,0.0,0.0,0.0,0.0,0.0,0.0,0.0,0.0,0.0,0.0,0.0,0.0,0.0,0.0,0.0,0.0,0.0,0.0,0.0,0.0,0.0,0.0,0.0,0.0,0.0,0.0,0.0,0.0,0.0,0.0,0.0,0.0,0.0,0.0,0.0,0.0,0.0,0.0,0.0,0.0,0.0,0.0,0.0,0.0,0.0,0.0,0.0,0.0,0.0,0.0,0.0,0.0,0.0,0.0,0.0,0.0,0.0,0.0,0.0,0.0,0.0,0.0,0.0,0.0,0.0,0.0,0.0,0.0,0.0,0.0,0.0,0.0,0.0,0.0,0.0,0.0,0.0,0.0,0.0,0.0,0.0,0.0,0.0,0.0,0.0,0.0,0.0,0.0,0.0,0.0,0.0,0.0,0.0,0.0,0.0,0.0,0.0,0.0,0.0,0.0,0.0,0.0,0.0,0.0,0.0,0.0,0.0,0.0,0.0,0.0,0.0,0.0,0.0,0.0,0.0,0.0,0.0,0.0,0.0,0.0,0.0,0.0,0.0,0.0,0.0,0.0,0.0,0.0,0.0,0.0
5274,0.0,0.0,0.0,1.7891786098480225,8.491546630859375,16.77285385131836,7.219587802886963,3.3191781044006348,13.767460823059082,26.63384246826172,9.883437156677246,4.280116081237793,13.016146659851074,0.0,0.4710596203804016,1.7275053262710571,0.0,0.0,0.0,0.0,0.0,0.0,0.0,0.6898121237754822,0.0,1.9882858991622925,5.642437934875488,2.4833719730377197,0.0,0.0,0.0,0.0,0.0,0.0,0.0,0.6466381549835205,0.0,0.0,0.0,0.0,0.0,1.3451162576675415,0.0,12.999452590942383,0.9165975451469421,0.0,0.0,0.0,0.0,8.575119018554688,1.9086259603500366,1.7510415315628052,1.5818500518798828,0.0,0.0,0.0,0.0,0.0,0.0,0.0,0.0,0.0,0.0,0.2178451120853424,0.23859144747257233,0.0,0.0,0.0,0.0,0.0,0.09650223702192307,0.13140560686588287,0.09650223702192307,0.0,0.0,4.624879837036133,0.0,0.0,2.639117956161499,12.088682174682617,6.2392578125,0.0,0.0,0.68984055519104,0.0,0.0,0.0,0.0,0.4140922725200653,0.0,0.9393273591995239,13.642450332641602,2.334524631500244,0.21210023760795593,2.1610753536224365,0.0,2.0903468132019043,12.782744407653809,2.2166740894317627,0.8540516495704651,9.922187805175781,0.0,0.0,0.0,0.9056212306022644,0.5821962952613831,0.12023257464170456,2.6544182300567627,16.408470153808594,0.0,0.0,1.3863301277160645,0.0,0.0,1.596539855003357,2.012653350830078,0.0,0.0,2.6232378482818604,0.0,16.708438873291016,2.9426794052124023,5.427036285400391,2.6155714988708496,0.8666914701461792,3.6094484329223633,0.0,0.0,0.0,0.0,1.7461512088775635,0.6549493670463562,0.0,0.0,0.0,0.0,0.0,0.1842242181301117,0.6191549301147461,3.234506845474243,0.5016749501228333,0.0,0.0,0.0,0.0,1.1238446235656738,0.10359053313732147,0.30596694350242615,1.8983495235443115,0.0689549371600151,0.0,0.0,0.43681591749191284,0.0,0.0,0.850098729133606,0.0,8.258596420288086,0.0,0.0,1.7391855716705322,0.0,0.8707656264305115,0.0,13.647977828979492,0.0,0.0,4.348186016082764,0.0,0.1490717977285385,0.0,0.0,0.0,48.450538635253906,0.0,4.655832767486572,0.0,0.27753356099128723,0.8434962630271912,0.0,0.0,0.0,26.959545135498047,0.0,26.959545135498047,0.0,0.0,1.0188305377960205,4.430955410003662,0.0,0.0,0.0,3.4074158668518066,2.071755886077881,0.0,2.4445960521698,0.0,2.5948898792266846,2.4483425617218018,1.7760154008865356,3.287386417388916,0.0,0.0,0.0,0.0,0.0,0.0,0.0,0.3635419011116028,0.0,0.0,0.0,0.0,0.0,0.0,0.0,0.26979735493659973,0.0,0.0,0.0,0.0,0.0,0.0,0.0,0.0,0.0,0.0,0.0,0.0,0.0,0.0,0.0,0.0,0.0,0.0,14.034956932067871,0.0,0.0,0.0,3.0876474380493164,0.0,0.0,3.448391914367676,3.287386417388916,0.0,0.0,0.0,0.0,1.8228005170822144,13.681314468383789,0.9708580374717712,5.908685207366943,0.0,0.0,0.0,0.0,3.287386417388916,11.750938415527344,8.761636734008789,0.0,0.0,0.0,0.14929614961147308,0.0,0.0,0.0,0.0,0.0,0.0,0.0,0.0,0.0,0.0,0.0,0.0,0.0,0.0,0.0,0.0,0.0,0.0,0.0,0.0,0.0,0.0,0.0,0.0,0.0,0.0,0.0,0.0,0.0,0.0,0.0,0.0,0.0,0.0,0.0,0.0,0.0,0.0,0.0,0.0,0.0,0.0,0.0,0.0,0.0,0.0,0.0,0.0,0.0,0.0,0.0,0.0,0.0,0.0,0.0,0.0,0.0,0.0,0.0,0.0,0.0,0.0,0.0,0.0,0.0,0.0,0.0,0.0,0.0,0.0,0.0,0.0,0.0,0.0,0.0,0.0,0.0,0.0,0.0,0.0,0.0,0.0,0.0,0.0,0.0,0.0,0.0,0.0,0.0,0.0,0.0,0.0,0.0,0.0,0.0,0.0,0.0,0.0,0.0,0.0,0.0,0.0,0.0,0.0,0.0,0.0,0.0,0.0,0.0,0.0,0.0,0.0,0.0
5275,1.0510170459747314,0.1668597012758255,2.4913647174835205,3.325284242630005,29.57155990600586,33.382843017578125,11.961064338684082,8.556675910949707,27.365947723388672,155.16941833496094,22.512718200683594,11.40282917022705,42.60945510864258,0.0,1.6704832315444946,12.960107803344727,0.3649844527244568,0.1595115065574646,0.6994971632957458,0.0,0.6031029224395752,0.6994971632957458,0.0,1.7768923044204712,3.7021474838256836,7.70443058013916,14.180766105651855,7.392361164093018,0.0,0.8667536973953247,0.0,0.35308000445365906,0.0,0.0,0.0,1.733554482460022,0.0,0.0,0.0,1.6710001230239868,2.3462352752685547,5.92274808883667,0.0,49.16794204711914,1.9867607355117798,0.0,0.0,0.9870510101318359,0.4131503999233246,33.99605941772461,9.63125228881836,4.955482006072998,6.670344352722168,0.0,0.0,0.0,0.0,0.0,0.0,0.0,0.0,0.0,0.0,0.8472391963005066,1.2115895748138428,0.0,1.7637099027633667,1.1439998149871826,0.0,2.899822473526001,0.43458476662635803,0.5917673707008362,0.43458476662635803,0.0,0.0,7.968871593475342,0.0,0.0,4.064176082611084,13.33543872833252,7.911342144012451,0.0,0.7721663117408752,1.3879930973052979,0.0,0.0,0.0,0.0,0.7313812971115112,0.0,1.7665153741836548,24.10245704650879,5.800335884094238,0.37873461842536926,0.020479511469602585,0.0,3.149587869644165,20.882938385009766,3.940915584564209,1.7123486995697021,18.6080379486084,0.0744841918349266,0.0,0.0,1.0350584983825684,0.8614907264709473,0.3394315242767334,4.804581165313721,22.21412467956543,0.0,0.0,2.101421356201172,0.0,0.0,2.448720932006836,3.021162271499634,0.016889307647943497,0.13811935484409332,3.561206579208374,0.0,22.426198959350586,5.253025531768799,9.76041030883789,4.9253363609313965,2.8580000400543213,6.172600269317627,0.0,0.0,0.0,0.0,7.549182891845703,2.0204687118530273,0.0,0.0,0.0,0.0,0.0,0.6136232614517212,1.5221176147460938,13.579349517822266,2.5013105869293213,1.9774037599563599,0.0,0.8286809921264648,0.20604307949543,4.1515278816223145,1.2771544456481934,1.9641183614730835,7.697249889373779,0.37485063076019287,0.0,0.0,2.1127164363861084,0.0,0.0,3.2532804012298584,0.0,26.39862632751465,0.0,0.0,5.008695602416992,0.0,2.3253259658813477,0.0,34.25852584838867,0.0,0.0,15.720122337341309,0.0,0.3601977229118347,0.0,0.0,0.0,223.18031311035156,0.15364913642406464,18.531902313232422,0.0,1.2784837484359741,3.6113831996917725,0.0,0.0,0.0,44.8956184387207,3.5259907245635986,44.8956184387207,0.0,0.0,2.9594573974609375,6.271234512329102,0.0,0.0,0.0,7.154821872711182,4.032858848571777,0.0,5.313000679016113,0.0,4.710422992706299,3.030229330062866,1.8971959352493286,4.63688850402832,0.0,0.0,0.0,0.2224780172109604,0.0,0.0,0.0,0.50893235206604,0.0,0.0,0.0,0.0,0.0,0.0,0.0,3.6601970195770264,0.0,0.0,0.0,0.0,0.0,0.0,0.0,0.0,0.0,0.0,0.0,0.0,0.0,0.0,0.0,0.0,0.0,0.0,23.85965347290039,0.0,0.0,0.0,11.952659606933594,0.0,0.0,7.946955680847168,7.212753772735596,0.0,0.0,0.0,0.0,13.681314468383789,39.35817337036133,5.572033405303955,24.32913589477539,0.0,1.429611086845398,1.329288363456726,0.0,7.212753772735596,48.235939025878906,17.010162353515625,0.0,0.0,0.0,0.38333916664123535,0.0,0.0,0.0,0.0,0.0,0.0,0.0,0.0,0.0,0.0,0.0,0.0,0.0,0.0,0.0,0.0,0.0,0.0,0.0,0.0,0.0,0.0,0.0,0.0,0.0,0.0,0.0,0.0,0.0,0.0,0.0,0.0,0.0,0.0,0.0,0.0,0.0,0.0,0.0,0.0,0.0,0.0,0.0,0.0,0.0,0.0,0.0,0.0,0.0,0.0,0.0,0.0,0.0,0.0,0.0,0.0,0.0,0.0,0.0,0.0,0.0,0.0,0.0,0.0,0.0,0.0,0.0,0.0,0.0,0.0,0.0,0.0,0.0,0.0,0.0,0.0,0.0,0.0,0.0,0.0,0.0,0.0,0.0,0.0,0.0,0.0,0.0,0.0,0.0,0.0,0.0,0.0,0.0,0.0,0.0,0.0,0.0,0.0,0.0,0.0,0.0,0.0,0.0,0.0,0.0,0.0,0.0,0.0,0.0,0.0,0.0,0.0,0.0
5276,0.0,0.0,0.0,0.5087149739265442,2.991640329360962,4.985489845275879,1.1098682880401611,0.4194376766681671,2.572202682495117,14.594399452209473,1.5434467792510986,0.5956734418869019,3.171064853668213,0.0,0.14874035120010376,1.9405502080917358,0.0,0.0,0.0,0.0,0.0,0.0,0.0,0.15654103457927704,0.0,1.2257343530654907,2.0109164714813232,0.15654103457927704,0.0,0.0,0.0,0.0,0.0,0.0,0.0,0.16789031028747559,0.0,0.0,0.0,0.0,0.0,1.1057658195495605,0.0,2.5041284561157227,0.0,0.0,0.0,0.0,0.0,4.369148254394531,1.4864697456359863,0.2674049735069275,0.0,0.0,0.0,0.0,0.0,0.0,0.0,0.0,0.0,0.0,0.0,0.0,0.0,0.0,0.0,0.0,0.0,0.0,0.0,0.0,0.0,0.0,0.0,6.318238258361816,0.0,0.0,2.7259843349456787,0.0,0.0,0.0,0.0,0.0,0.0,0.0,0.0,0.0,1.8952627182006836,0.0,1.8952627182006836,3.7608187198638916,4.91533088684082,0.091852106153965,0.8776741027832031,0.0,0.4189189076423645,2.586864709854126,0.5444774031639099,0.2613157331943512,2.131758213043213,0.0,0.0,0.0,0.38982927799224854,1.4581207036972046,0.4422398507595062,0.9135323762893677,6.007503509521484,0.0,0.0,0.27219700813293457,0.0,0.0,2.4095494747161865,2.3674776554107666,0.0,0.0,0.6250183582305908,0.0,3.795999765396118,0.8183562755584717,10.145294189453125,3.6616663932800293,0.35010242462158203,1.3331897258758545,0.0,0.0,0.0,0.0,1.3270028829574585,0.08766040951013565,0.0,0.0,0.0,0.0,0.0,0.08538651466369629,0.2885003983974457,1.9423911571502686,0.7669341564178467,0.0,0.0,0.0,0.0,0.9826511740684509,0.15654103457927704,0.39428266882896423,1.1936358213424683,0.06077009439468384,0.0,0.0,0.20934927463531494,0.0,0.0,0.4216192960739136,0.0,5.047562599182129,0.0,0.0,0.7784714698791504,0.0,0.2598536014556885,0.0,7.456695079803467,0.0,0.0,2.5927746295928955,0.0,0.12448060512542725,0.0,0.0,0.0,36.198204040527344,0.0,3.2324936389923096,0.0,0.0,0.3713996112346649,0.0,0.0,0.0,4.821298599243164,0.0,5.504371166229248,0.0,0.0,0.44996094703674316,0.7828252911567688,0.0,0.0,0.0,1.0415018796920776,0.21003560721874237,0.0,0.4917948246002197,0.0,0.24746906757354736,0.0,0.0,0.0,0.0,0.0,0.0,0.0,0.0,0.0,0.0,0.0,0.0,0.0,0.0,0.0,0.0,0.0,0.0,0.08823657780885696,0.0,0.0,0.0,0.0,0.0,0.0,0.0,0.0,0.0,0.0,0.0,0.0,0.0,0.0,0.0,0.0,0.0,0.0,3.2817118167877197,0.0,0.0,0.0,0.0,0.0,0.0,1.054026484489441,1.0048140287399292,0.0,0.0,0.0,0.0,0.9708580374717712,5.572033405303955,0.8604609966278076,3.268203020095825,0.0,0.0,0.0,0.0,1.0048140287399292,9.96208667755127,1.8136101961135864,0.0,0.0,0.0,1.1525273323059082,0.0,0.0,0.0,0.0,0.0,0.0,0.0,0.0,0.0,0.0,0.0,0.0,0.0,0.0,0.0,0.0,0.0,0.0,0.0,0.0,0.0,0.0,0.0,0.0,0.0,0.0,0.0,0.0,0.0,0.0,0.0,0.0,0.0,0.0,0.0,0.0,0.0,0.0,0.0,0.0,0.0,0.0,0.0,0.0,0.0,0.0,0.0,0.0,0.0,0.0,0.0,0.0,0.0,0.0,0.0,0.0,0.0,0.0,0.0,0.0,0.0,0.0,0.0,0.0,0.0,0.0,0.0,0.0,0.0,0.0,0.0,0.0,0.0,0.0,0.0,0.0,0.0,0.0,0.0,0.0,0.0,0.0,0.0,0.0,0.0,0.0,0.0,0.0,0.0,0.0,0.0,0.0,0.0,0.0,0.0,0.0,0.0,0.0,0.0,0.0,0.0,0.0,0.0,0.0,0.0,0.0,0.0,0.0,0.0,0.0,0.0,0.0,0.0
5277,0.0,0.0,2.1354596614837646,3.021399736404419,25.413660049438477,27.236034393310547,9.807526588439941,8.121395111083984,23.189495086669922,148.4350128173828,17.02735137939453,9.059266090393066,33.721397399902344,0.0,0.9838274717330933,10.664793968200684,0.20691633224487305,0.09042997658252716,1.1288317441940308,0.0,0.0,0.0,0.0,1.13324773311615,1.0814961194992065,5.878667831420898,10.307511329650879,3.4958322048187256,0.0,0.2217555046081543,0.0,0.30132144689559937,0.0,0.0,0.0,0.9212809801101685,0.0,0.0,0.0,1.112924337387085,1.0977463722229004,3.3643836975097656,0.0,20.032560348510742,0.9317716360092163,0.0,0.0,0.0,0.0,20.471149444580078,6.121598243713379,4.144952297210693,2.397944450378418,0.0,0.0,0.0,0.0,0.0,0.0,0.0,0.0,0.0,0.0,0.6767172813415527,0.43147310614585876,0.0,0.9674826264381409,0.7264722585678101,0.0,0.33017006516456604,0.33017006516456604,0.3246816396713257,0.3641008138656616,0.0,0.0,10.298264503479004,0.0,0.0,6.851278781890869,20.067474365234375,13.618229866027832,0.0,2.3343117237091064,1.020992636680603,0.0,0.0,0.0,0.0,2.761321783065796,0.0,3.0062294006347656,19.808547973632812,8.845233917236328,0.3030151426792145,0.011314825154840946,0.0,2.392765760421753,17.19013214111328,3.132934331893921,1.4397556781768799,14.019081115722656,0.16660010814666748,0.0,0.0,1.1746412515640259,1.200222373008728,0.4853208065032959,4.870753288269043,20.436912536621094,0.0,0.0,1.601911187171936,0.0,0.0,3.5880722999572754,3.8048787117004395,0.0,0.0,3.2870914936065674,0.0,19.202064514160156,4.994532108306885,12.685524940490723,4.068629264831543,2.399726629257202,5.280390739440918,0.0,0.0,0.0,0.0,4.957379341125488,0.9940511584281921,0.0,0.0,0.0,0.0,0.0,0.35140612721443176,1.1872282028198242,9.112818717956543,1.634849190711975,1.1013191938400269,0.0,0.14218021929264069,0.09786626696586609,3.059932231903076,1.3944164514541626,1.5951706171035767,5.442415237426758,0.3624037206172943,0.0,0.0,1.4392918348312378,0.0,0.0,2.52005934715271,0.0,19.144271850585938,0.0,0.0,3.946023941040039,0.0,1.5374497175216675,0.0,29.64849281311035,0.0,0.0,10.471463203430176,0.0,0.2636997103691101,0.0,0.0,0.0,139.8417205810547,0.1817469447851181,11.894896507263184,0.0,0.23175103962421417,2.2555019855499268,0.0,0.0,0.0,29.276185989379883,2.5623130798339844,30.982158660888672,0.0,0.0,2.9102561473846436,4.7733893394470215,0.0,0.0,0.0,4.424128532409668,2.603787899017334,0.0,2.3978734016418457,0.0,2.826188802719116,2.4288458824157715,1.6441529989242554,4.100347518920898,0.0,0.0,0.0,0.0,0.0,0.0,0.0,0.5606399774551392,0.0,0.0,0.0,0.0,0.0,0.0,0.0,0.8843430280685425,0.0,0.0,0.0,0.0,0.0,0.0,0.0,0.0,0.0,0.0,0.0,0.0,0.0,0.0,0.0,0.0,0.0,0.0,16.098543167114258,0.0,0.0,0.0,14.031950950622559,0.0,0.0,5.9010114669799805,5.303292751312256,0.0,0.0,0.0,0.0,5.908685207366943,24.32913589477539,3.268203020095825,12.487870216369629,0.0,0.0,0.6031529307365417,0.0,5.303292751312256,39.612525939941406,11.8675537109375,0.0,0.0,0.0,0.7816566824913025,0.0,0.0,0.0,0.0,0.0,0.0,0.0,0.0,0.0,0.0,0.0,0.0,0.0,0.0,0.0,0.0,0.0,0.0,0.0,0.0,0.0,0.0,0.0,0.0,0.0,0.0,0.0,0.0,0.0,0.0,0.0,0.0,0.0,0.0,0.0,0.0,0.0,0.0,0.0,0.0,0.0,0.0,0.0,0.0,0.0,0.0,0.0,0.0,0.0,0.0,0.0,0.0,0.0,0.0,0.0,0.0,0.0,0.0,0.0,0.0,0.0,0.0,0.0,0.0,0.0,0.0,0.0,0.0,0.0,0.0,0.0,0.0,0.0,0.0,0.0,0.0,0.0,0.0,0.0,0.0,0.0,0.0,0.0,0.0,0.0,0.0,0.0,0.0,0.0,0.0,0.0,0.0,0.0,0.0,0.0,0.0,0.0,0.0,0.0,0.0,0.0,0.0,0.0,0.0,0.0,0.0,0.0,0.0,0.0,0.0,0.0,0.0,0.0
5278,0.0,0.0,0.0,0.0,0.0,0.0,0.0,0.0,0.0,0.0,0.0,0.0,0.0,0.0,0.0,0.0,0.0,0.0,0.0,0.0,0.0,0.0,0.0,0.0,0.0,0.0,0.0,0.0,0.0,0.0,0.0,0.0,0.0,0.0,0.0,0.0,0.0,0.0,0.0,0.0,0.0,0.0,0.0,0.0,0.0,0.0,0.0,0.0,0.0,0.0,0.0,0.0,0.0,0.0,0.0,0.0,0.0,0.0,0.0,0.0,0.0,0.0,0.0,0.0,0.0,0.0,0.0,0.0,0.0,0.0,0.0,0.0,0.0,0.0,0.0,0.0,0.0,0.0,0.0,0.0,0.0,0.0,0.0,0.0,0.0,0.0,0.0,0.0,0.0,0.0,0.0,0.0,0.0,0.0,0.0,0.0,0.0,0.0,0.0,0.0,0.0,0.0,0.0,0.0,0.0,0.0,0.0,0.0,0.0,0.0,0.0,0.0,0.0,0.0,0.0,0.0,0.0,0.0,0.0,0.0,0.0,0.0,0.0,0.0,0.0,0.0,0.0,0.0,0.0,0.0,0.0,0.0,0.0,0.0,0.0,0.0,0.0,0.0,0.0,0.0,0.0,0.0,0.0,0.0,0.0,0.0,0.0,0.0,0.0,0.0,0.0,0.0,0.0,0.0,0.0,0.0,0.0,0.0,0.0,0.0,0.0,0.0,0.0,0.0,0.0,0.0,0.0,0.0,0.0,0.0,0.0,0.0,0.0,0.0,0.0,0.0,0.0,0.0,0.0,0.0,0.0,0.0,0.0,0.0,0.0,0.0,0.0,0.0,0.0,0.0,0.0,0.0,0.0,0.0,0.0,0.0,0.0,0.0,0.0,0.0,0.0,0.0,0.0,0.0,0.0,0.0,0.0,0.0,0.0,0.0,0.0,0.0,0.0,0.0,0.0,0.0,0.0,0.0,0.0,0.0,0.0,0.0,0.0,0.0,0.0,0.0,0.0,0.0,0.0,0.0,0.0,0.0,0.0,0.0,0.0,0.0,0.0,0.0,0.0,0.0,0.0,0.0,0.0,0.0,0.0,0.0,0.0,0.0,0.0,0.0,0.0,0.0,0.0,0.0,0.0,0.0,0.0,0.0,0.0,0.0,0.0,0.0,0.0,0.0,0.0,0.0,0.0,0.0,0.0,0.0,0.0,0.0,0.0,0.0,0.0,0.0,0.0,0.0,0.0,0.0,0.0,0.0,0.0,0.0,0.0,0.0,0.0,0.0,0.0,0.0,0.0,0.0,0.0,0.0,0.0,0.0,0.0,0.0,0.0,0.0,0.0,0.0,0.0,0.0,0.0,0.0,0.0,0.0,0.0,0.0,0.0,0.0,0.0,0.0,0.0,0.0,0.0,0.0,0.0,0.0,0.0,0.0,0.0,0.0,0.0,0.0,0.0,0.0,0.0,0.0,0.0,0.0,0.0,0.0,0.0,0.0,0.0,0.0,0.0,0.0,0.0,0.0,0.0,0.0,0.0,0.0,0.0,0.0,0.0,0.0,0.0,0.0,0.0,0.0,0.0,0.0,0.0,0.0,0.0,0.0,0.0,0.0,0.0,0.0,0.0,0.0,0.0,0.0,0.0,0.0,0.0,0.0,0.0,0.0,0.0,0.0
5279,0.0,0.0,0.0,0.049633730202913284,0.05958254262804985,1.5671226978302002,0.9308027029037476,0.0633658915758133,0.09926746040582657,3.2085142135620117,0.06967546045780182,0.39856722950935364,1.2618457078933716,0.0,0.0,0.415057897567749,0.0,0.0,0.0,0.0,0.0,0.0,0.0,0.1328924298286438,0.0,2.345832109451294,0.08705064654350281,0.08050026744604111,0.0,0.0,0.0,0.0,0.0,0.0,0.0,0.4768909811973572,0.0,0.0,0.0,0.0,0.0,0.29747724533081055,0.0,0.40788179636001587,0.14913421869277954,0.0,0.0,0.0,0.0,0.0,0.0,0.0,0.0,0.0,0.0,0.0,0.0,0.0,0.0,0.0,0.0,0.0,0.0,0.15038467943668365,0.2566998600959778,0.0,0.0,0.0,0.0,0.0,0.2572898268699646,0.3503475785255432,0.2572898268699646,0.0,0.0,3.7636823654174805,0.0,0.0,13.88764762878418,144.9442596435547,78.2951431274414,0.0,0.4302304983139038,1.3143230676651,0.0,0.0,0.0,14.793733596801758,2.4945623874664307,0.0,3.1663243770599365,0.5442800521850586,0.0,0.0,1.6551457643508911,0.0,0.6604169607162476,0.2299463301897049,0.15449658036231995,0.0,0.0007184830028563738,0.0,0.0,0.0,8.271586418151855,11.886323928833008,3.6653528213500977,4.5782318115234375,14.153100967407227,0.0,0.0,18.836437225341797,0.0,0.0,0.42396947741508484,0.46482235193252563,2.3106231689453125,0.5024304986000061,53.93679428100586,0.0,6.198816299438477,1.146392822265625,0.6127548813819885,2.5338311195373535,0.4734688997268677,1.4900189638137817,0.0,0.0,0.0,0.0,0.0,0.0,0.0,0.0,0.0,0.0,0.0,0.0,0.0,0.0,0.0,0.0,0.0,0.0,0.0,0.0,0.0,0.0,0.0,0.0,0.0,0.0,0.0,0.0,0.0,0.0,0.0,0.0,0.0,0.0,0.0,0.0,0.0,0.0,0.0,0.0,0.0,0.0,0.0,0.0,0.0,0.0,0.0,0.0,0.0,0.0,0.0,0.0,0.0,0.0,0.0,0.0,0.5634601712226868,0.0,1.5378338098526,0.0,0.0,0.03492315858602524,0.1532525271177292,0.0,0.0,0.0,0.06525707989931107,24.47314453125,0.0,0.6388826966285706,0.0,3.154895544052124,0.4099167287349701,0.18863974511623383,0.23232631385326385,0.0,0.0,0.0,2.6889114379882812,0.0,0.0,0.0,6.615453243255615,0.0,0.0,0.0,0.0,0.0,0.0,0.0,17.796764373779297,0.0,0.0,0.0,0.0,0.0,0.0,0.0,0.0,0.0,0.0,0.0,0.0,0.0,0.0,0.0,0.0,0.0,0.0,0.4452706575393677,0.0,0.0,0.0,2.267719030380249,0.0,0.0,0.0,0.0,0.0,0.0,0.0,0.0,0.0,1.429611086845398,0.0,0.0,0.0,42.833919525146484,0.0,0.0,0.0,0.0,0.05047840625047684,0.0,0.0,0.0,34.675601959228516,0.0,0.0,0.0,0.0,0.0,0.0,0.0,0.0,0.0,0.0,0.0,0.0,0.0,0.0,0.0,0.0,0.0,0.0,0.0,0.0,0.0,0.0,0.0,0.0,0.0,0.0,0.0,0.0,0.0,0.0,0.0,0.0,0.0,0.0,0.0,0.0,0.0,0.0,0.0,0.0,0.0,0.0,0.0,0.0,0.0,0.0,0.0,0.0,0.0,0.0,0.0,0.0,0.0,0.0,0.0,0.0,0.0,0.0,0.0,0.0,0.0,0.0,0.0,0.0,0.0,0.0,0.0,0.0,0.0,0.0,0.0,0.0,0.0,0.0,0.0,0.0,0.0,0.0,0.0,0.0,0.0,0.0,0.0,0.0,0.0,0.0,0.0,0.0,0.0,0.0,0.0,0.0,0.0,0.0,0.0,0.0,0.0,0.0,0.0,0.0,0.0,0.0,0.0,0.0,0.0,0.0,0.0,0.0,0.0,0.0,0.0,0.0,0.0
5280,66.88711547851562,129.3327178955078,2.6747543811798096,5.67894983291626,1.653364658355713,2.3618221282958984,26.08588218688965,2.077927350997925,3.752948045730591,14.96864128112793,9.882865905761719,4.537721157073975,18.37434959411621,0.3510018289089203,2.06778621673584,1.2862906455993652,0.0,0.0,0.0,0.0,0.8246707320213318,0.14182640612125397,0.0,2.7433509826660156,0.5324290990829468,5.578339576721191,0.894627571105957,2.7730374336242676,0.0,0.5008331537246704,0.0,3.2959580421447754,0.0,0.0,0.0,29.218082427978516,0.0,0.0,0.0,7.854926586151123,1.7649264335632324,4.281891345977783,0.0,26.108829498291016,5.467635631561279,7.6403703689575195,34.267398834228516,2.5659255981445312,1.6234681606292725,28.4841365814209,4.120971202850342,85.2289047241211,14.803581237792969,0.7235835194587708,2.795151472091675,5.601931095123291,0.0,20.45807456970215,14.600852966308594,3.6812164783477783,7.34539794921875,6.170456886291504,0.0,8.801295280456543,5.92305850982666,1.4870332479476929,6.081212997436523,15.015726089477539,0.0,5.08370304107666,3.9420390129089355,1.7109109163284302,23.009374618530273,0.0,0.0,0.45529335737228394,0.0,0.0,0.43008899688720703,0.17460095882415771,0.04975900053977966,0.0,0.04816078767180443,0.04816078767180443,0.0,0.0,0.0,0.0,0.1829243004322052,0.0,0.0,1.7129877805709839,0.0,0.0,0.08096323162317276,0.0,0.0,0.13289961218833923,0.0,0.0,0.11631634086370468,0.0,0.0,0.0,0.26799970865249634,0.37873050570487976,0.08053268492221832,0.20536644756793976,5.0595293045043945,0.0,0.0,0.2674050033092499,0.0,0.0,0.0,0.0,0.0,0.0,0.0,0.0,0.2158655822277069,0.10924219340085983,0.0,0.0,0.0,0.0,0.0,0.0,0.0,0.0,1.101575255393982,1.3508838415145874,0.0,0.0,0.0,0.0,0.0,0.2374963015317917,0.44203418493270874,0.9269391894340515,0.07756845653057098,0.09231316298246384,0.0,0.5311492681503296,0.0,0.4111984074115753,0.0,0.3282321095466614,1.6960537433624268,0.0,0.0,0.0,0.8862511515617371,0.0,0.0,0.3417919874191284,0.0,0.5625230669975281,0.0,0.0,0.0913708284497261,0.0,0.05688409507274628,0.0,0.0,0.0,0.0,1.4979004859924316,0.0,0.0,0.0,0.0,0.0,0.0,0.0,0.16684477031230927,0.0,0.0,0.0614418163895607,0.0,0.0,0.0,0.12718607485294342,0.0,0.12718607485294342,0.0,0.0,0.22796347737312317,3.799893617630005,0.0,0.0,0.0,0.0,4.916074752807617,0.0,2.5494585037231445,0.0,1.167678713798523,0.027334704995155334,0.032297685742378235,0.11133323609828949,0.0,0.0,0.0,0.0,0.0,0.0,0.0,2.8790721893310547,0.0,0.0,0.0,0.0,0.0,0.0,0.0,12.252140998840332,0.0,0.0,0.0,0.0,0.0,0.0,0.0,0.0,0.0,0.0,0.0,0.0,0.0,0.0,0.0,0.0,0.0,0.0,0.1360822468996048,0.0,0.0,0.0,0.0,0.0,0.0,0.06670761108398438,0.06359303742647171,0.0,0.0,0.0,0.0,0.0,1.329288363456726,0.0,0.6031529307365417,0.0,0.0,1222.95068359375,0.0,0.06359303742647171,0.14040543138980865,0.881345808506012,0.0,0.0,0.0,0.0,0.0,0.0,0.0,0.0,0.0,0.0,0.0,0.0,0.0,0.0,0.0,0.0,0.0,0.0,0.0,0.0,0.0,0.0,0.0,0.0,0.0,0.0,0.0,0.0,0.0,0.0,0.0,0.0,0.0,0.0,0.0,0.0,0.0,0.0,0.0,0.0,0.0,0.0,0.0,0.0,0.0,0.0,0.0,0.0,0.0,0.0,0.0,0.0,0.0,0.0,0.0,0.0,0.0,0.0,0.0,0.0,0.0,0.0,0.0,0.0,0.0,0.0,0.0,0.0,0.0,0.0,0.0,0.0,0.0,0.0,0.0,0.0,0.0,0.0,0.0,0.0,0.0,0.0,0.0,0.0,0.0,0.0,0.0,0.0,0.0,0.0,0.0,0.0,0.0,0.0,0.0,0.0,0.0,0.0,0.0,0.0,0.0,0.0,0.0,0.0,0.0,0.0,0.0,0.0,0.0,0.0,0.0,0.0,0.0,0.0,0.0,0.0,0.0
5281,0.0,0.0,0.0,0.0,0.0,0.0,0.0,0.0,0.0,0.0,0.0,0.0,0.0,0.0,0.0,0.0,0.0,0.0,0.0,0.0,0.0,0.0,0.0,0.0,0.0,0.0,0.0,0.0,0.0,0.0,0.0,0.0,0.0,0.0,0.0,0.0,0.0,0.0,0.0,0.0,0.0,0.0,0.0,0.0,0.0,0.0,0.0,0.0,0.0,0.0,0.0,0.0,0.0,0.0,0.0,0.0,0.0,0.0,0.0,0.0,0.0,0.0,0.0,0.0,0.0,0.0,0.0,0.0,0.0,0.0,0.0,0.0,0.0,0.0,0.0,0.0,0.0,0.0,0.0,0.0,0.0,0.0,0.0,0.0,0.0,0.0,0.0,0.0,0.0,0.0,0.0,0.0,0.0,0.0,0.0,0.0,0.0,0.0,0.0,0.0,0.0,0.0,0.0,0.0,0.0,0.0,0.0,0.0,0.0,0.0,0.0,0.0,0.0,0.0,0.0,0.0,0.0,0.0,0.0,0.0,0.0,0.0,0.0,0.0,0.0,0.0,0.0,0.0,0.0,0.0,0.0,0.0,0.0,0.0,0.0,0.0,0.0,0.0,0.0,0.0,0.0,0.0,0.0,0.0,0.0,0.0,0.0,0.0,0.0,0.0,0.0,0.0,0.0,0.0,0.0,0.0,0.0,0.0,0.0,0.0,0.0,0.0,0.0,0.0,0.0,0.0,0.0,0.0,0.0,0.0,0.0,0.0,0.0,0.0,0.0,0.0,0.0,0.0,0.0,0.0,0.0,0.0,0.0,0.0,0.0,0.0,0.0,0.0,0.0,0.0,0.0,0.0,0.0,0.0,0.0,0.0,0.0,0.0,0.0,0.0,0.0,0.0,0.0,0.0,0.0,0.0,0.0,0.0,0.0,0.0,0.0,0.0,0.0,0.0,0.0,0.0,0.0,0.0,0.0,0.0,0.0,0.0,0.0,0.0,0.0,0.0,0.0,0.0,0.0,0.0,0.0,0.0,0.0,0.0,0.0,0.0,0.0,0.0,0.0,0.0,0.0,0.0,0.0,0.0,0.0,0.0,0.0,0.0,0.0,0.0,0.0,0.0,0.0,0.0,0.0,0.0,0.0,0.0,0.0,0.0,0.0,0.0,0.0,0.0,0.0,0.0,0.0,0.0,0.0,0.0,0.0,0.0,0.0,0.0,0.0,0.0,0.0,0.0,0.0,0.0,0.0,0.0,0.0,0.0,0.0,0.0,0.0,0.0,0.0,0.0,0.0,0.0,0.0,0.0,0.0,0.0,0.0,0.0,0.0,0.0,0.0,0.0,0.0,0.0,0.0,0.0,0.0,0.0,0.0,0.0,0.0,0.0,0.0,0.0,0.0,0.0,0.0,0.0,0.0,0.0,0.0,0.0,0.0,0.0,0.0,0.0,0.0,0.0,0.0,0.0,0.0,0.0,0.0,0.0,0.0,0.0,0.0,0.0,0.0,0.0,0.0,0.0,0.0,0.0,0.0,0.0,0.0,0.0,0.0,0.0,0.0,0.0,0.0,0.0,0.0,0.0,0.0,0.0,0.0,0.0,0.0,0.0,0.0,0.0,0.0,0.0,0.0,0.0,0.0,0.0,0.0,0.0,0.0,0.0,0.0,0.0
5282,0.0,0.0,0.4519108533859253,0.15875396132469177,0.8742501139640808,0.39935776591300964,0.8891856670379639,0.15875396132469177,0.7079809308052063,1.0378551483154297,0.15875396132469177,2.5311830043792725,1.1529138088226318,0.0,0.0,0.03462439030408859,0.0,0.0,0.0,0.0,0.0,0.0,0.0,0.4797501564025879,0.6417909264564514,2.7443535327911377,0.47369813919067383,1.7164478302001953,0.0,0.384025514125824,0.0,0.35226014256477356,0.0,0.0,0.0,0.7160608768463135,0.0,0.0,0.0,0.06070709228515625,0.07485553622245789,0.29359471797943115,0.0,0.8813973069190979,0.1684829443693161,0.0,0.0,0.13524296879768372,0.0,1.4584723711013794,0.656162440776825,1.7736214399337769,0.9235904216766357,0.0,0.0,0.0,0.0,0.0,0.0,0.0,0.0,0.0,0.0,0.06736557185649872,0.11050000786781311,0.0,0.08749106526374817,0.08053816854953766,0.0,0.03992900624871254,0.11172934621572495,0.15214012563228607,0.16783514618873596,0.0,0.0,1.0224285125732422,0.0,0.0,0.5434302091598511,0.09771396964788437,0.07601188868284225,0.0,0.0,0.0,0.0,0.0,0.0,0.0,0.4201822578907013,0.0,0.1498951017856598,2.8078527450561523,1.2529964447021484,0.09431902319192886,0.46646198630332947,0.0,0.2998521029949188,1.991851568222046,0.45170167088508606,0.22549323737621307,12.621826171875,0.0,0.0,0.0,0.3572841286659241,0.531121015548706,0.1709623783826828,0.2087477445602417,2.8032052516937256,0.0,0.0,0.5021671652793884,0.0,0.0,3.0132789611816406,4.453795909881592,0.0,0.0,1.2414957284927368,0.0,4.977729797363281,1.2128304243087769,23.03176498413086,0.566769003868103,0.17699769139289856,3.580354690551758,0.0,0.0,0.0,0.0,0.4721331298351288,0.0,0.0,0.0,0.0,0.0,0.0,0.016518788412213326,0.10700870305299759,0.7207832932472229,0.023804275318980217,0.0,0.0,0.2250773012638092,0.0,0.10778413712978363,0.0,0.028591061010956764,0.20211593806743622,0.0,0.0,0.0,0.01225197408348322,0.0,0.0,0.0,0.0,0.47071269154548645,0.0,0.0,0.0,0.0,0.0,0.0,0.29120928049087524,0.0,0.0,0.3177420496940613,0.0,0.0,0.0,0.0,0.0,10.164894104003906,0.0,0.33416175842285156,0.0,0.0,0.0,0.0,0.0,0.0,7.053456783294678,0.8604609966278076,7.345927715301514,0.0,0.0,1.94291090965271,8.893208503723145,0.0,0.0,0.0,0.9923920631408691,4.945566177368164,0.0,17.4702091217041,0.0,3.1702959537506104,1.8313720226287842,1.2906914949417114,1.2906914949417114,0.0,0.0,0.0,0.13135597109794617,0.0,0.0,0.0,3.4230737686157227,0.0,0.0,0.0,0.0,0.0,0.0,0.0,2.6424195766448975,0.0,0.0,0.0,0.0,0.0,0.0,0.0,0.0,0.0,0.0,0.0,0.0,0.0,0.0,0.0,0.0,0.0,0.0,2.21968412399292,0.0,0.0,0.0,9.337162017822266,0.0,0.0,34.78325271606445,28.693103790283203,0.0,0.0,0.0,0.0,3.287386417388916,7.212753772735596,1.0048140287399292,5.303292751312256,0.0,0.0,0.06359303742647171,0.0,28.693103790283203,0.1303674727678299,0.39285022020339966,0.0,0.0,0.0,0.5290100574493408,0.0,0.0,0.0,0.0,0.0,0.0,0.0,0.0,0.0,0.0,0.0,0.0,0.0,0.0,0.0,0.0,0.0,0.0,0.0,0.0,0.0,0.0,0.0,0.0,0.0,0.0,0.0,0.0,0.0,0.0,0.0,0.0,0.0,0.0,0.0,0.0,0.0,0.0,0.0,0.0,0.0,0.0,0.0,0.0,0.0,0.0,0.0,0.0,0.0,0.0,0.0,0.0,0.0,0.0,0.0,0.0,0.0,0.0,0.0,0.0,0.0,0.0,0.0,0.0,0.0,0.0,0.0,0.0,0.0,0.0,0.0,0.0,0.0,0.0,0.0,0.0,0.0,0.0,0.0,0.0,0.0,0.0,0.0,0.0,0.0,0.0,0.0,0.0,0.0,0.0,0.0,0.0,0.0,0.0,0.0,0.0,0.0,0.0,0.0,0.0,0.0,0.0,0.0,0.0,0.0,0.0,0.0,0.0,0.0,0.0,0.0,0.0,0.0
5283,0.0,0.0,0.0,0.0,0.39971235394477844,0.39971235394477844,0.11694307625293732,0.0,0.39971235394477844,1.7315524816513062,0.2810387909412384,0.0,0.6484791040420532,0.0,0.0,0.0,0.0,0.0,0.0,0.0,0.0,0.0,0.0,0.4988844096660614,0.0,1.0258643627166748,0.0,0.42348188161849976,0.0,0.0,0.0,0.0,0.0,0.0,0.0,0.0,0.0,0.0,0.0,0.2409220039844513,0.2409220039844513,1.0579994916915894,0.0,1.304849624633789,0.0,0.0,0.0,0.0,0.0,2.097522497177124,0.31032252311706543,0.6406200528144836,1.3882896900177002,0.0,0.0,0.0,0.0,0.0,0.0,0.0,0.0,0.0,0.0,0.0,0.0,0.0,0.0,0.0,0.0,0.0,0.0,0.0,0.0,0.0,0.0,0.0,0.0,0.0,0.0,0.0,0.0,0.0,0.0,0.0,0.0,0.0,0.0,0.0,0.0,0.0,0.0,0.42617687582969666,0.0,0.0,0.001042077550664544,0.0,0.008506538346409798,0.1864859014749527,0.016302986070513725,0.0,0.5136849880218506,0.0,0.0,0.0,0.0,0.0,0.0,0.0,0.6373288631439209,0.0,0.0,0.0059481170028448105,0.0,0.0,0.0,0.0,0.0,0.0,0.12081725895404816,0.0,0.19669832289218903,0.009435695596039295,0.0,1.4403318166732788,0.0,0.0,0.0,0.0,0.0,0.0,21.143333435058594,6.004296779632568,0.0,0.0,0.0,0.0,0.0,0.9643186330795288,3.4099678993225098,44.10094451904297,5.689502716064453,3.1995010375976562,0.0,0.0,0.43217897415161133,11.92142105102539,1.883378028869629,1.631561279296875,13.915826797485352,0.5984992384910583,0.0,0.0,5.665154933929443,0.0,0.0,3.8529675006866455,0.0,11.31383228302002,0.0,0.0,2.9927990436553955,0.0,1.275341272354126,0.0,9.715424537658691,0.0,0.0,7.29435920715332,0.0,0.0,0.0,0.0,0.0,28.14545249938965,0.0,7.737894535064697,0.0,0.0,2.0643320083618164,0.0,0.0,0.0,0.0,0.0,0.0,0.0,0.0,0.13284464180469513,0.16668951511383057,0.0,0.0,0.0,0.0,1.243903636932373,0.0,0.0,0.0,0.94343101978302,0.175543412566185,0.056248098611831665,0.1416584551334381,0.0,0.0,0.0,0.0,0.0,0.0,0.0,0.0,0.0,0.0,0.0,0.0,0.0,0.0,0.0,0.0,0.0,0.0,0.0,0.0,0.0,0.0,0.0,0.0,0.0,0.0,0.0,0.0,0.0,0.0,0.0,0.0,0.0,0.0,0.08395504951477051,0.0,0.0,0.0,1.1895710229873657,0.0,0.0,0.15476825833320618,0.1303674727678299,0.0,0.0,0.0,0.0,11.750938415527344,48.235939025878906,9.96208667755127,39.612525939941406,0.0,0.0,0.14040543138980865,0.0,0.1303674727678299,1.7209219932556152,0.0,0.0,0.0,0.0,0.0,0.0,0.0,0.0,0.0,0.0,0.0,0.0,0.0,0.0,0.0,0.0,0.0,0.0,0.0,0.0,0.0,0.0,0.0,0.0,0.0,0.0,0.0,0.0,0.0,0.0,0.0,0.0,0.0,0.0,0.0,0.0,0.0,0.0,0.0,0.0,0.0,0.0,0.0,0.0,0.0,0.0,0.0,0.0,0.0,0.0,0.0,0.0,0.0,0.0,0.0,0.0,0.0,0.0,0.0,0.0,0.0,0.0,0.0,0.0,0.0,0.0,0.0,0.0,0.0,0.0,0.0,0.0,0.0,0.0,0.0,0.0,0.0,0.0,0.0,0.0,0.0,0.0,0.0,0.0,0.0,0.0,0.0,0.0,0.0,0.0,0.0,0.0,0.0,0.0,0.0,0.0,0.0,0.0,0.0,0.0,0.0,0.0,0.0,0.0,0.0,0.0,0.0,0.0,0.0,0.0,0.0,0.0,0.0,0.0,0.0,0.0,0.0,0.0
5284,0.8541211485862732,0.8857269287109375,2.0643320083618164,1.3693890571594238,9.702730178833008,7.945556640625,5.189776420593262,2.3135454654693604,7.201358795166016,9.740455627441406,4.502796173095703,5.671629428863525,12.766258239746094,0.0,0.3605363368988037,0.8434373736381531,0.0,0.09938690066337585,0.0,0.0,0.5268020629882812,0.3768231272697449,0.0,1.7011817693710327,1.435057282447815,11.084041595458984,4.348581314086914,4.558894634246826,0.0,0.8465918302536011,0.0,0.800966203212738,0.0,0.0,0.0,3.3676605224609375,0.0,0.0,0.0,2.6089272499084473,2.1131837368011475,5.179989814758301,0.0,24.475488662719727,0.8619285225868225,0.0,0.0,1.0921627283096313,3.4392313957214355,16.56868553161621,5.603567600250244,6.388303756713867,4.313999652862549,0.0,0.0,0.0,0.0,0.0,0.0,0.0,0.0,0.0,0.0,1.4148333072662354,0.16738390922546387,0.0,1.432210922241211,1.0845078229904175,0.0,0.8982635736465454,0.15251171588897705,0.24782179296016693,0.15251171588897705,0.0,0.0,3.0872435569763184,0.0,0.0,1.7962708473205566,4.845008373260498,2.8660428524017334,0.0,0.0,0.46125754714012146,0.0,0.0,0.0,0.0,0.276560515165329,0.0,0.4532565176486969,7.596302032470703,2.385608434677124,0.1290537565946579,0.018467947840690613,0.0,1.9195747375488281,16.141202926635742,2.754120349884033,1.2962844371795654,16.955373764038086,0.0,0.0,0.0,0.3800874352455139,0.29260462522506714,0.11016517132520676,1.6590744256973267,10.645174026489258,0.0,0.0,1.445306658744812,0.0,0.0,1.5581966638565063,1.9069271087646484,0.026328647509217262,0.12108258157968521,2.8220980167388916,0.0,11.93980598449707,2.3489937782287598,7.0378313064575195,1.4768174886703491,1.0005533695220947,2.533599853515625,0.0,0.0,0.0,0.0,3.674795389175415,1.342469334602356,0.0,0.0,0.0,0.0,0.0,0.5787810683250427,0.7297717928886414,6.767005920410156,0.4450254738330841,0.8731355667114258,0.0,0.696873128414154,0.09868312627077103,1.575177788734436,0.7888296246528625,0.6034539937973022,2.461923599243164,0.17635878920555115,0.0,0.0,1.1021275520324707,0.0,0.0,0.8870953321456909,0.0,1.9236828088760376,0.0,0.0,0.3328101933002472,0.0,0.0,0.0,0.5377966165542603,0.0,0.0,0.9299307465553284,0.0,0.0,0.0,0.0,0.0,4.311410427093506,0.0,1.0600823163986206,0.0,0.0,0.39971235394477844,0.0,0.0,0.0,2.8665003776550293,0.0,3.1335599422454834,0.0,0.0,2.0685157775878906,3.3614108562469482,0.0,0.0,0.0,0.40719401836395264,2.663588285446167,0.0,2.371904134750366,0.0,2.0803558826446533,1.093017578125,0.7940508723258972,1.099273443222046,0.0,0.0,0.0,0.0,0.0,0.0,0.0,0.16061262786388397,0.0,0.0,0.0,0.0,0.0,0.0,0.0,0.3467455208301544,0.0,0.0,0.0,0.0,0.0,0.0,0.0,0.0,0.0,0.0,0.0,0.0,0.0,0.0,0.0,0.0,0.0,0.0,3.238816022872925,0.0,0.0,0.0,3.755922555923462,0.0,0.0,0.4120907187461853,0.39285022020339966,0.0,0.0,0.0,0.0,8.761636734008789,17.010162353515625,1.8136101961135864,11.8675537109375,0.0,0.05047840625047684,0.881345808506012,0.0,0.39285022020339966,0.0,4.989124774932861,0.0,0.0,0.0,0.14964085817337036,0.0,0.0,0.0,0.0,0.0,0.0,0.0,0.0,0.0,0.0,0.0,0.0,0.0,0.0,0.0,0.0,0.0,0.0,0.0,0.0,0.0,0.0,0.0,0.0,0.0,0.0,0.0,0.0,0.0,0.0,0.0,0.0,0.0,0.0,0.0,0.0,0.0,0.0,0.0,0.0,0.0,0.0,0.0,0.0,0.0,0.0,0.0,0.0,0.0,0.0,0.0,0.0,0.0,0.0,0.0,0.0,0.0,0.0,0.0,0.0,0.0,0.0,0.0,0.0,0.0,0.0,0.0,0.0,0.0,0.0,0.0,0.0,0.0,0.0,0.0,0.0,0.0,0.0,0.0,0.0,0.0,0.0,0.0,0.0,0.0,0.0,0.0,0.0,0.0,0.0,0.0,0.0,0.0,0.0,0.0,0.0,0.0,0.0,0.0,0.0,0.0,0.0,0.0,0.0,0.0,0.0,0.0,0.0,0.0,0.0,0.0,0.0,0.0
5285,0.0,0.0,0.0,0.0,0.0,0.0,0.0,0.0,0.0,0.0,0.0,0.0,0.0,0.0,0.0,0.0,0.0,0.0,0.0,0.0,0.0,0.0,0.0,0.0,0.0,0.0,0.0,0.0,0.0,0.0,0.0,0.0,0.0,0.0,0.0,0.0,0.0,0.0,0.0,0.0,0.0,0.0,0.0,0.0,0.0,0.0,0.0,0.0,0.0,0.0,0.0,0.0,0.0,0.0,0.0,0.0,0.0,0.0,0.0,0.0,0.0,0.0,0.0,0.0,0.0,0.0,0.0,0.0,0.0,0.0,0.0,0.0,0.0,0.0,0.0,0.0,0.0,0.0,0.0,0.0,0.0,0.0,0.0,0.0,0.0,0.0,0.0,0.0,0.0,0.0,0.0,0.0,0.0,0.0,0.0,0.0,0.0,0.0,0.0,0.0,0.0,0.0,0.0,0.0,0.0,0.0,0.0,0.0,0.0,0.0,0.0,0.0,0.0,0.0,0.0,0.0,0.0,0.0,0.0,0.0,0.0,0.0,0.0,0.0,0.0,0.0,0.0,0.0,0.0,0.0,0.0,0.0,0.0,0.0,0.0,0.0,0.0,0.0,0.0,0.0,0.0,0.0,0.0,0.0,0.0,0.0,0.0,0.0,0.0,0.0,0.0,0.0,0.0,0.0,0.0,0.0,0.0,0.0,0.0,0.0,0.0,0.0,0.0,0.0,0.0,0.0,0.0,0.0,0.0,0.0,0.0,0.0,0.0,0.0,0.0,0.0,0.0,0.0,0.0,0.0,0.0,0.0,0.0,0.0,0.0,0.0,0.0,0.0,0.0,0.0,0.0,0.0,0.0,0.0,0.0,0.0,0.0,0.0,0.0,0.0,0.0,0.0,0.0,0.0,0.0,0.0,0.0,0.0,0.0,0.0,0.0,0.0,0.0,0.0,0.0,0.0,0.0,0.0,0.0,0.0,0.0,0.0,0.0,0.0,0.0,0.0,0.0,0.0,0.0,0.0,0.0,0.0,0.0,0.0,0.0,0.0,0.0,0.0,0.0,0.0,0.0,0.0,0.0,0.0,0.0,0.0,0.0,0.0,0.0,0.0,0.0,0.0,0.0,0.0,0.0,0.0,0.0,0.0,0.0,0.0,0.0,0.0,0.0,0.0,0.0,0.0,0.0,0.0,0.0,0.0,0.0,0.0,0.0,0.0,0.0,0.0,0.0,0.0,0.0,0.0,0.0,0.0,0.0,0.0,0.0,0.0,0.0,0.0,0.0,0.0,0.0,0.0,0.0,0.0,0.0,0.0,0.0,0.0,0.0,0.0,0.0,0.0,0.0,0.0,0.0,0.0,0.0,0.0,0.0,0.0,0.0,0.0,0.0,0.0,0.0,0.0,0.0,0.0,0.0,0.0,0.0,0.0,0.0,0.0,0.0,0.0,0.0,0.0,0.0,0.0,0.0,0.0,0.0,0.0,0.0,0.0,0.0,0.0,0.0,0.0,0.0,0.0,0.0,0.0,0.0,0.0,0.0,0.0,0.0,0.0,0.0,0.0,0.0,0.0,0.0,0.0,0.0,0.0,0.0,0.0,0.0,0.0,0.0,0.0,0.0,0.0,0.0,0.0,0.0,0.0,0.0,0.0,0.0,0.0,0.0,0.0
5286,0.0,0.0,0.0,0.0,0.0,0.0,0.0,0.0,0.0,0.0,0.0,0.0,0.0,0.0,0.0,0.0,0.0,0.0,0.0,0.0,0.0,0.0,0.0,0.0,0.0,0.0,0.0,0.0,0.0,0.0,0.0,0.0,0.0,0.0,0.0,0.0,0.0,0.0,0.0,0.0,0.0,0.0,0.0,0.0,0.0,0.0,0.0,0.0,0.0,0.0,0.0,0.0,0.0,0.0,0.0,0.0,0.0,0.0,0.0,0.0,0.0,0.0,0.0,0.0,0.0,0.0,0.0,0.0,0.0,0.0,0.0,0.0,0.0,0.0,0.0,0.0,0.0,0.0,0.0,0.0,0.0,0.0,0.0,0.0,0.0,0.0,0.0,0.0,0.0,0.0,0.0,0.0,0.0,0.0,0.0,0.0,0.0,0.0,0.0,0.0,0.0,0.0,0.0,0.0,0.0,0.0,0.0,0.0,0.0,0.0,0.0,0.0,0.0,0.0,0.0,0.0,0.0,0.0,0.0,0.0,0.0,0.0,0.0,0.0,0.0,0.0,0.0,0.0,0.0,0.0,0.0,0.0,0.0,0.0,0.0,0.0,0.0,0.0,0.0,0.0,0.0,0.0,0.0,0.0,0.0,0.0,0.0,0.0,0.0,0.0,0.0,0.0,0.0,0.0,0.0,0.0,0.0,0.0,0.0,0.0,0.0,0.0,0.0,0.0,0.0,0.0,0.0,0.0,0.0,0.0,0.0,0.0,0.0,0.0,0.0,0.0,0.0,0.0,0.0,0.0,0.0,0.0,0.0,0.0,0.0,0.0,0.0,0.0,0.0,0.0,0.0,0.0,0.0,0.0,0.0,0.0,0.0,0.0,0.0,0.0,0.0,0.0,0.0,0.0,0.0,0.0,0.0,0.0,0.0,0.0,0.0,0.0,0.0,0.0,0.0,0.0,0.0,0.0,0.0,0.0,0.0,0.0,0.0,0.0,0.0,0.0,0.0,0.0,0.0,0.0,0.0,0.0,0.0,0.0,0.0,0.0,0.0,0.0,0.0,0.0,0.0,0.0,0.0,0.0,0.0,0.0,0.0,0.0,0.0,0.0,0.0,0.0,0.0,0.0,0.0,0.0,0.0,0.0,0.0,0.0,0.0,0.0,0.0,0.0,0.0,0.0,0.0,0.0,0.0,0.0,0.0,0.0,0.0,0.0,0.0,0.0,0.0,0.0,0.0,0.0,0.0,0.0,0.0,0.0,0.0,0.0,0.0,0.0,0.0,0.0,0.0,0.0,0.0,0.0,0.0,0.0,0.0,0.0,0.0,0.0,0.0,0.0,0.0,0.0,0.0,0.0,0.0,0.0,0.0,0.0,0.0,0.0,0.0,0.0,0.0,0.0,0.0,0.0,0.0,0.0,0.0,0.0,0.0,0.0,0.0,0.0,0.0,0.0,0.0,0.0,0.0,0.0,0.0,0.0,0.0,0.0,0.0,0.0,0.0,0.0,0.0,0.0,0.0,0.0,0.0,0.0,0.0,0.0,0.0,0.0,0.0,0.0,0.0,0.0,0.0,0.0,0.0,0.0,0.0,0.0,0.0,0.0,0.0,0.0,0.0,0.0,0.0,0.0,0.0,0.0,0.0,0.0,0.0,0.0,0.0,0.0
5287,0.0,0.0,0.0,0.0,0.0,0.0,0.0,0.0,0.0,0.0,0.0,0.0,0.0,0.0,0.0,0.0,0.0,0.0,0.0,0.0,0.0,0.0,0.0,0.0,0.0,0.0,0.0,0.0,0.0,0.0,0.0,0.0,0.0,0.0,0.0,0.0,0.0,0.0,0.0,0.0,0.0,0.0,0.0,0.0,0.0,0.0,0.0,0.0,0.0,0.0,0.0,0.0,0.0,0.0,0.0,0.0,0.0,0.0,0.0,0.0,0.0,0.0,0.0,0.0,0.0,0.0,0.0,0.0,0.0,0.0,0.0,0.0,0.0,0.0,0.0,0.0,0.0,0.0,0.0,0.0,0.0,0.0,0.0,0.0,0.0,0.0,0.0,0.0,0.0,0.0,0.0,0.0,0.0,0.0,0.0,0.0,0.0,0.0,0.0,0.0,0.0,0.0,0.0,0.0,0.0,0.0,0.0,0.0,0.0,0.0,0.0,0.0,0.0,0.0,0.0,0.0,0.0,0.0,0.0,0.0,0.0,0.0,0.0,0.0,0.0,0.0,0.0,0.0,0.0,0.0,0.0,0.0,0.0,0.0,0.0,0.0,0.0,0.0,0.0,0.0,0.0,0.0,0.0,0.0,0.0,0.0,0.0,0.0,0.0,0.0,0.0,0.0,0.0,0.0,0.0,0.0,0.0,0.0,0.0,0.0,0.0,0.0,0.0,0.0,0.0,0.0,0.0,0.0,0.0,0.0,0.0,0.0,0.0,0.0,0.0,0.0,0.0,0.0,0.0,0.0,0.0,0.0,0.0,0.0,0.0,0.0,0.0,0.0,0.0,0.0,0.0,0.0,0.0,0.0,0.0,0.0,0.0,0.0,0.0,0.0,0.0,0.0,0.0,0.0,0.0,0.0,0.0,0.0,0.0,0.0,0.0,0.0,0.0,0.0,0.0,0.0,0.0,0.0,0.0,0.0,0.0,0.0,0.0,0.0,0.0,0.0,0.0,0.0,0.0,0.0,0.0,0.0,0.0,0.0,0.0,0.0,0.0,0.0,0.0,0.0,0.0,0.0,0.0,0.0,0.0,0.0,0.0,0.0,0.0,0.0,0.0,0.0,0.0,0.0,0.0,0.0,0.0,0.0,0.0,0.0,0.0,0.0,0.0,0.0,0.0,0.0,0.0,0.0,0.0,0.0,0.0,0.0,0.0,0.0,0.0,0.0,0.0,0.0,0.0,0.0,0.0,0.0,0.0,0.0,0.0,0.0,0.0,0.0,0.0,0.0,0.0,0.0,0.0,0.0,0.0,0.0,0.0,0.0,0.0,0.0,0.0,0.0,0.0,0.0,0.0,0.0,0.0,0.0,0.0,0.0,0.0,0.0,0.0,0.0,0.0,0.0,0.0,0.0,0.0,0.0,0.0,0.0,0.0,0.0,0.0,0.0,0.0,0.0,0.0,0.0,0.0,0.0,0.0,0.0,0.0,0.0,0.0,0.0,0.0,0.0,0.0,0.0,0.0,0.0,0.0,0.0,0.0,0.0,0.0,0.0,0.0,0.0,0.0,0.0,0.0,0.0,0.0,0.0,0.0,0.0,0.0,0.0,0.0,0.0,0.0,0.0,0.0,0.0,0.0,0.0,0.0,0.0,0.0,0.0,0.0,0.0
5288,0.0,0.0,0.06467976421117783,0.03391356021165848,0.2830006778240204,0.45008108019828796,0.18115901947021484,1.578185796737671,0.23972544074058533,23.50609588623047,2.5686562061309814,6.495637893676758,15.120014190673828,0.27483800053596497,0.9609430432319641,1.578185796737671,0.0,0.0,0.0,0.0,1.0700020790100098,1.0700020790100098,0.0,7.723291397094727,2.3450348377227783,6.845450401306152,0.37853023409843445,0.37272903323173523,0.0,0.17920354008674622,0.0,0.010355638340115547,0.0,0.0,0.0,1.4890496730804443,0.0,0.0,0.0,0.0,0.0,0.4974304437637329,0.0,1.637459635734558,0.7776563167572021,0.0,0.0,0.0,0.0,0.6232906579971313,0.17776592075824738,0.5485914945602417,0.6004970073699951,0.0,0.0,0.0,0.0,0.0,0.0,0.0,0.0,0.0,0.0,0.252544641494751,1.3392696380615234,0.0,0.35178232192993164,0.32382625341415405,0.0,0.4302304983139038,1.3416308164596558,1.8268779516220093,1.3416308164596558,0.0,0.0,17.925756454467773,0.0,0.0,24.46109962463379,122.84654235839844,72.96111297607422,0.0,2.087683916091919,4.128664016723633,0.0,0.0,0.0,14.659306526184082,12.465496063232422,0.0,28.111949920654297,0.9700808525085449,0.4149300456047058,0.9606876373291016,4.08830451965332,0.0,2.8746914863586426,0.15074211359024048,0.9567577838897705,0.01576189324259758,0.0017751413397490978,0.0,0.0,0.0,8.791032791137695,12.01102352142334,3.942326307296753,6.365207195281982,49.47390365600586,0.0,0.0,184.65081787109375,0.0,0.0,3.8890254497528076,4.282551288604736,42.01072311401367,5.718580722808838,357.0721130371094,0.0,7.81695556640625,1.2088665962219238,5.47075080871582,15.755088806152344,6.373281002044678,13.847732543945312,0.0,0.0,0.0,0.0,0.0,0.0,0.0,0.0,0.0,0.0,0.0,0.0,0.0,0.0,0.0,0.0,0.0,0.27532538771629333,0.0,0.0,0.0,0.0,0.5767739415168762,0.0,0.0,0.0,0.6933677792549133,0.0,0.0,0.0,0.0,0.0,0.0,0.0,0.0,0.0,0.0,0.0,0.0,0.0,0.0,0.0,0.0,0.0,0.0,0.0,0.0,0.0,0.0,0.0,0.0,0.0,0.0,0.0,0.0,0.0,8.959674835205078,0.8139738440513611,9.129316329956055,0.0,0.0,0.1587112545967102,0.5142225623130798,0.0,0.0,0.0,1.5465337038040161,8.569818496704102,0.0,4.0424370765686035,0.0,17.697368621826172,5.096277713775635,5.588095664978027,22.528913497924805,0.0,0.0,38.22597122192383,101.42706298828125,0.0,38.22597122192383,0.0,45.49470520019531,0.0,0.0,0.0,1.2508503198623657,0.0,0.0,0.0,111.90686798095703,0.0,0.0,0.0,0.0,0.0,0.0,0.0,0.0,0.0,0.0,0.0,0.0,0.0,2.2983009815216064,0.0,0.0,0.0,0.0,5.334228992462158,0.0,0.0,0.0,21.126007080078125,1.0943830013275146,0.0,0.5253446102142334,0.5290100574493408,0.0,0.0,0.0,0.0,0.14929614961147308,0.38333916664123535,1.1525273323059082,0.7816566824913025,0.0,34.675601959228516,0.0,0.0,0.5290100574493408,0.0,0.14964085817337036,0.0,0.0,0.0,135.37408447265625,0.0,0.0,0.0,0.0,0.0,0.0,0.0,0.0,0.0,0.0,0.0,0.0,0.0,0.0,0.0,0.0,0.0,0.0,0.0,0.0,0.0,0.0,0.0,0.0,0.0,0.0,0.0,0.0,0.0,0.0,0.0,0.0,0.0,0.0,0.0,0.0,0.0,0.0,0.0,0.0,0.0,0.0,0.0,0.0,0.0,0.0,0.0,0.0,0.0,0.0,0.0,0.0,0.0,0.0,0.0,0.0,0.0,0.0,0.0,0.0,0.0,0.0,0.0,0.0,0.0,0.0,0.0,0.0,0.0,0.0,0.0,0.0,0.0,0.0,0.0,0.0,0.0,0.0,0.0,0.0,0.0,0.0,0.0,0.0,0.0,0.0,0.0,0.0,0.0,0.0,0.0,0.0,0.0,0.0,0.0,0.0,0.0,0.0,0.0,0.0,0.0,0.0,0.0,0.0,0.0,0.0,0.0,0.0,0.0,0.0,0.0,0.0,0.0
5334,0.0,0.0,0.0,0.0,0.0,0.0,0.0,0.0,0.0,0.0,0.0,0.0,0.0,0.0,0.0,0.0,0.0,0.0,0.0,0.0,0.0,0.0,0.0,0.0,0.0,0.0,0.0,0.0,0.0,0.0,0.0,0.0,0.0,0.0,0.0,0.0,0.0,0.0,0.0,0.0,0.0,0.0,0.0,0.0,0.0,0.0,0.0,0.0,0.0,0.0,0.0,0.0,0.0,0.0,0.0,0.0,0.0,0.0,0.0,0.0,0.0,0.0,0.0,0.0,0.0,0.0,0.0,0.0,0.0,0.0,0.0,0.0,0.0,0.0,0.0,0.0,0.0,0.0,0.0,0.0,0.0,0.0,0.0,0.0,0.0,0.0,0.0,0.0,0.0,0.0,0.0,0.0,0.0,0.0,0.0,0.0,0.0,0.0,0.0,0.0,0.0,0.0,0.0,0.0,0.0,0.0,0.0,0.0,0.0,0.0,0.0,0.0,0.0,0.0,0.0,0.0,0.0,0.0,0.0,0.0,0.0,0.0,0.0,0.0,0.0,0.0,0.0,0.0,0.0,0.0,0.0,0.0,0.0,0.0,0.0,0.0,0.0,0.0,0.0,0.0,0.0,0.0,0.0,0.0,0.0,0.0,0.0,0.0,0.0,0.0,0.0,0.0,0.0,0.0,0.0,0.0,0.0,0.0,0.0,0.0,0.0,0.0,0.0,0.0,0.0,0.0,0.0,0.0,0.0,0.0,0.0,0.0,0.0,0.0,0.0,0.0,0.0,0.0,0.0,0.0,0.0,0.0,0.0,0.0,0.0,0.0,0.0,0.0,0.0,0.0,0.0,0.0,0.0,0.0,0.0,0.0,0.0,0.0,0.0,0.0,0.0,0.0,0.0,0.0,0.0,0.0,0.0,0.0,0.0,0.0,0.0,0.0,0.0,0.0,0.0,0.0,0.0,0.0,0.0,0.0,0.0,0.0,0.0,0.0,0.0,0.0,0.0,0.0,0.0,0.0,0.0,0.0,0.0,0.0,0.0,0.0,0.0,0.0,0.0,0.0,0.0,0.0,0.0,0.0,0.0,0.0,0.0,0.0,0.0,0.0,0.0,0.0,0.0,0.0,0.0,0.0,0.0,0.0,0.0,0.0,0.0,0.0,0.0,0.0,0.0,0.0,0.0,0.0,0.0,0.0,0.0,0.0,0.0,0.0,0.0,0.0,0.0,0.0,0.0,0.0,0.0,0.0,0.0,0.0,0.0,0.0,0.0,0.0,0.0,0.0,0.0,0.0,0.0,0.0,0.0,0.0,0.0,0.0,0.0,0.0,0.0,0.0,0.0,0.0,0.0,0.0,0.0,0.0,0.0,0.0,0.0,0.0,0.0,0.0,0.0,0.0,0.0,0.0,0.0,0.0,0.0,0.0,0.0,0.0,0.0,0.0,0.0,0.0,0.0,0.0,0.0,0.0,0.0,0.0,0.0,0.0,0.0,0.0,0.0,0.0,0.0,0.0,0.0,0.0,0.0,0.0,0.0,0.0,0.0,0.0,0.0,0.0,0.0,0.0,0.0,0.0,0.0,0.0,0.0,0.0,0.0,0.0,0.0,0.0,0.0,0.0,0.0,0.0,0.0,0.0,0.0,0.0,0.0,0.0,0.0,0.0
5335,0.0,0.0,0.0,0.0,0.0,0.0,0.0,0.0,0.0,0.0,0.0,0.0,0.0,0.0,0.0,0.0,0.0,0.0,0.0,0.0,0.0,0.0,0.0,0.0,0.0,0.0,0.0,0.0,0.0,0.0,0.0,0.0,0.0,0.0,0.0,0.0,0.0,0.0,0.0,0.0,0.0,0.0,0.0,0.0,0.0,0.0,0.0,0.0,0.0,0.0,0.0,0.0,0.0,0.0,0.0,0.0,0.0,0.0,0.0,0.0,0.0,0.0,0.0,0.0,0.0,0.0,0.0,0.0,0.0,0.0,0.0,0.0,0.0,0.0,0.0,0.0,0.0,0.0,0.0,0.0,0.0,0.0,0.0,0.0,0.0,0.0,0.0,0.0,0.0,0.0,0.0,0.0,0.0,0.0,0.0,0.0,0.0,0.0,0.0,0.0,0.0,0.0,0.0,0.0,0.0,0.0,0.0,0.0,0.0,0.0,0.0,0.0,0.0,0.0,0.0,0.0,0.0,0.0,0.0,0.0,0.0,0.0,0.0,0.0,0.0,0.0,0.0,0.0,0.0,0.0,0.0,0.0,0.0,0.0,0.0,0.0,0.0,0.0,0.0,0.0,0.0,0.0,0.0,0.0,0.0,0.0,0.0,0.0,0.0,0.0,0.0,0.0,0.0,0.0,0.0,0.0,0.0,0.0,0.0,0.0,0.0,0.0,0.0,0.0,0.0,0.0,0.0,0.0,0.0,0.0,0.0,0.0,0.0,0.0,0.0,0.0,0.0,0.0,0.0,0.0,0.0,0.0,0.0,0.0,0.0,0.0,0.0,0.0,0.0,0.0,0.0,0.0,0.0,0.0,0.0,0.0,0.0,0.0,0.0,0.0,0.0,0.0,0.0,0.0,0.0,0.0,0.0,0.0,0.0,0.0,0.0,0.0,0.0,0.0,0.0,0.0,0.0,0.0,0.0,0.0,0.0,0.0,0.0,0.0,0.0,0.0,0.0,0.0,0.0,0.0,0.0,0.0,0.0,0.0,0.0,0.0,0.0,0.0,0.0,0.0,0.0,0.0,0.0,0.0,0.0,0.0,0.0,0.0,0.0,0.0,0.0,0.0,0.0,0.0,0.0,0.0,0.0,0.0,0.0,0.0,0.0,0.0,0.0,0.0,0.0,0.0,0.0,0.0,0.0,0.0,0.0,0.0,0.0,0.0,0.0,0.0,0.0,0.0,0.0,0.0,0.0,0.0,0.0,0.0,0.0,0.0,0.0,0.0,0.0,0.0,0.0,0.0,0.0,0.0,0.0,0.0,0.0,0.0,0.0,0.0,0.0,0.0,0.0,0.0,0.0,0.0,0.0,0.0,0.0,0.0,0.0,0.0,0.0,0.0,0.0,0.0,0.0,0.0,0.0,0.0,0.0,0.0,0.0,0.0,0.0,0.0,0.0,0.0,0.0,0.0,0.0,0.0,0.0,0.0,0.0,0.0,0.0,0.0,0.0,0.0,0.0,0.0,0.0,0.0,0.0,0.0,0.0,0.0,0.0,0.0,0.0,0.0,0.0,0.0,0.0,0.0,0.0,0.0,0.0,0.0,0.0,0.0,0.0,0.0,0.0,0.0,0.0,0.0,0.0,0.0,0.0,0.0,0.0,0.0,0.0,0.0
5336,0.0,0.0,0.0,0.0,0.0,0.0,0.0,0.0,0.0,0.0,0.0,0.0,0.0,0.0,0.0,0.0,0.0,0.0,0.0,0.0,0.0,0.0,0.0,0.0,0.0,0.0,0.0,0.0,0.0,0.0,0.0,0.0,0.0,0.0,0.0,0.0,0.0,0.0,0.0,0.0,0.0,0.0,0.0,0.0,0.0,0.0,0.0,0.0,0.0,0.0,0.0,0.0,0.0,0.0,0.0,0.0,0.0,0.0,0.0,0.0,0.0,0.0,0.0,0.0,0.0,0.0,0.0,0.0,0.0,0.0,0.0,0.0,0.0,0.0,0.0,0.0,0.0,0.0,0.0,0.0,0.0,0.0,0.0,0.0,0.0,0.0,0.0,0.0,0.0,0.0,0.0,0.0,0.0,0.0,0.0,0.0,0.0,0.0,0.0,0.0,0.0,0.0,0.0,0.0,0.0,0.0,0.0,0.0,0.0,0.0,0.0,0.0,0.0,0.0,0.0,0.0,0.0,0.0,0.0,0.0,0.0,0.0,0.0,0.0,0.0,0.0,0.0,0.0,0.0,0.0,0.0,0.0,0.0,0.0,0.0,0.0,0.0,0.0,0.0,0.0,0.0,0.0,0.0,0.0,0.0,0.0,0.0,0.0,0.0,0.0,0.0,0.0,0.0,0.0,0.0,0.0,0.0,0.0,0.0,0.0,0.0,0.0,0.0,0.0,0.0,0.0,0.0,0.0,0.0,0.0,0.0,0.0,0.0,0.0,0.0,0.0,0.0,0.0,0.0,0.0,0.0,0.0,0.0,0.0,0.0,0.0,0.0,0.0,0.0,0.0,0.0,0.0,0.0,0.0,0.0,0.0,0.0,0.0,0.0,0.0,0.0,0.0,0.0,0.0,0.0,0.0,0.0,0.0,0.0,0.0,0.0,0.0,0.0,0.0,0.0,0.0,0.0,0.0,0.0,0.0,0.0,0.0,0.0,0.0,0.0,0.0,0.0,0.0,0.0,0.0,0.0,0.0,0.0,0.0,0.0,0.0,0.0,0.0,0.0,0.0,0.0,0.0,0.0,0.0,0.0,0.0,0.0,0.0,0.0,0.0,0.0,0.0,0.0,0.0,0.0,0.0,0.0,0.0,0.0,0.0,0.0,0.0,0.0,0.0,0.0,0.0,0.0,0.0,0.0,0.0,0.0,0.0,0.0,0.0,0.0,0.0,0.0,0.0,0.0,0.0,0.0,0.0,0.0,0.0,0.0,0.0,0.0,0.0,0.0,0.0,0.0,0.0,0.0,0.0,0.0,0.0,0.0,0.0,0.0,0.0,0.0,0.0,0.0,0.0,0.0,0.0,0.0,0.0,0.0,0.0,0.0,0.0,0.0,0.0,0.0,0.0,0.0,0.0,0.0,0.0,0.0,0.0,0.0,0.0,0.0,0.0,0.0,0.0,0.0,0.0,0.0,0.0,0.0,0.0,0.0,0.0,0.0,0.0,0.0,0.0,0.0,0.0,0.0,0.0,0.0,0.0,0.0,0.0,0.0,0.0,0.0,0.0,0.0,0.0,0.0,0.0,0.0,0.0,0.0,0.0,0.0,0.0,0.0,0.0,0.0,0.0,0.0,0.0,0.0,0.0,0.0,0.0,0.0,0.0,0.0,0.0
5337,0.0,0.0,0.0,0.0,0.0,0.0,0.0,0.0,0.0,0.0,0.0,0.0,0.0,0.0,0.0,0.0,0.0,0.0,0.0,0.0,0.0,0.0,0.0,0.0,0.0,0.0,0.0,0.0,0.0,0.0,0.0,0.0,0.0,0.0,0.0,0.0,0.0,0.0,0.0,0.0,0.0,0.0,0.0,0.0,0.0,0.0,0.0,0.0,0.0,0.0,0.0,0.0,0.0,0.0,0.0,0.0,0.0,0.0,0.0,0.0,0.0,0.0,0.0,0.0,0.0,0.0,0.0,0.0,0.0,0.0,0.0,0.0,0.0,0.0,0.0,0.0,0.0,0.0,0.0,0.0,0.0,0.0,0.0,0.0,0.0,0.0,0.0,0.0,0.0,0.0,0.0,0.0,0.0,0.0,0.0,0.0,0.0,0.0,0.0,0.0,0.0,0.0,0.0,0.0,0.0,0.0,0.0,0.0,0.0,0.0,0.0,0.0,0.0,0.0,0.0,0.0,0.0,0.0,0.0,0.0,0.0,0.0,0.0,0.0,0.0,0.0,0.0,0.0,0.0,0.0,0.0,0.0,0.0,0.0,0.0,0.0,0.0,0.0,0.0,0.0,0.0,0.0,0.0,0.0,0.0,0.0,0.0,0.0,0.0,0.0,0.0,0.0,0.0,0.0,0.0,0.0,0.0,0.0,0.0,0.0,0.0,0.0,0.0,0.0,0.0,0.0,0.0,0.0,0.0,0.0,0.0,0.0,0.0,0.0,0.0,0.0,0.0,0.0,0.0,0.0,0.0,0.0,0.0,0.0,0.0,0.0,0.0,0.0,0.0,0.0,0.0,0.0,0.0,0.0,0.0,0.0,0.0,0.0,0.0,0.0,0.0,0.0,0.0,0.0,0.0,0.0,0.0,0.0,0.0,0.0,0.0,0.0,0.0,0.0,0.0,0.0,0.0,0.0,0.0,0.0,0.0,0.0,0.0,0.0,0.0,0.0,0.0,0.0,0.0,0.0,0.0,0.0,0.0,0.0,0.0,0.0,0.0,0.0,0.0,0.0,0.0,0.0,0.0,0.0,0.0,0.0,0.0,0.0,0.0,0.0,0.0,0.0,0.0,0.0,0.0,0.0,0.0,0.0,0.0,0.0,0.0,0.0,0.0,0.0,0.0,0.0,0.0,0.0,0.0,0.0,0.0,0.0,0.0,0.0,0.0,0.0,0.0,0.0,0.0,0.0,0.0,0.0,0.0,0.0,0.0,0.0,0.0,0.0,0.0,0.0,0.0,0.0,0.0,0.0,0.0,0.0,0.0,0.0,0.0,0.0,0.0,0.0,0.0,0.0,0.0,0.0,0.0,0.0,0.0,0.0,0.0,0.0,0.0,0.0,0.0,0.0,0.0,0.0,0.0,0.0,0.0,0.0,0.0,0.0,0.0,0.0,0.0,0.0,0.0,0.0,0.0,0.0,0.0,0.0,0.0,0.0,0.0,0.0,0.0,0.0,0.0,0.0,0.0,0.0,0.0,0.0,0.0,0.0,0.0,0.0,0.0,0.0,0.0,0.0,0.0,0.0,0.0,0.0,0.0,0.0,0.0,0.0,0.0,0.0,0.0,0.0,0.0,0.0,0.0,0.0,0.0,0.0,0.0,0.0,0.0,0.0
5338,0.0,0.0,0.0,0.0,0.0,0.0,0.0,0.0,0.0,0.0,0.0,0.0,0.0,0.0,0.0,0.0,0.0,0.0,0.0,0.0,0.0,0.0,0.0,0.0,0.0,0.0,0.0,0.0,0.0,0.0,0.0,0.0,0.0,0.0,0.0,0.0,0.0,0.0,0.0,0.0,0.0,0.0,0.0,0.0,0.0,0.0,0.0,0.0,0.0,0.0,0.0,0.0,0.0,0.0,0.0,0.0,0.0,0.0,0.0,0.0,0.0,0.0,0.0,0.0,0.0,0.0,0.0,0.0,0.0,0.0,0.0,0.0,0.0,0.0,0.0,0.0,0.0,0.0,0.0,0.0,0.0,0.0,0.0,0.0,0.0,0.0,0.0,0.0,0.0,0.0,0.0,0.0,0.0,0.0,0.0,0.0,0.0,0.0,0.0,0.0,0.0,0.0,0.0,0.0,0.0,0.0,0.0,0.0,0.0,0.0,0.0,0.0,0.0,0.0,0.0,0.0,0.0,0.0,0.0,0.0,0.0,0.0,0.0,0.0,0.0,0.0,0.0,0.0,0.0,0.0,0.0,0.0,0.0,0.0,0.0,0.0,0.0,0.0,0.0,0.0,0.0,0.0,0.0,0.0,0.0,0.0,0.0,0.0,0.0,0.0,0.0,0.0,0.0,0.0,0.0,0.0,0.0,0.0,0.0,0.0,0.0,0.0,0.0,0.0,0.0,0.0,0.0,0.0,0.0,0.0,0.0,0.0,0.0,0.0,0.0,0.0,0.0,0.0,0.0,0.0,0.0,0.0,0.0,0.0,0.0,0.0,0.0,0.0,0.0,0.0,0.0,0.0,0.0,0.0,0.0,0.0,0.0,0.0,0.0,0.0,0.0,0.0,0.0,0.0,0.0,0.0,0.0,0.0,0.0,0.0,0.0,0.0,0.0,0.0,0.0,0.0,0.0,0.0,0.0,0.0,0.0,0.0,0.0,0.0,0.0,0.0,0.0,0.0,0.0,0.0,0.0,0.0,0.0,0.0,0.0,0.0,0.0,0.0,0.0,0.0,0.0,0.0,0.0,0.0,0.0,0.0,0.0,0.0,0.0,0.0,0.0,0.0,0.0,0.0,0.0,0.0,0.0,0.0,0.0,0.0,0.0,0.0,0.0,0.0,0.0,0.0,0.0,0.0,0.0,0.0,0.0,0.0,0.0,0.0,0.0,0.0,0.0,0.0,0.0,0.0,0.0,0.0,0.0,0.0,0.0,0.0,0.0,0.0,0.0,0.0,0.0,0.0,0.0,0.0,0.0,0.0,0.0,0.0,0.0,0.0,0.0,0.0,0.0,0.0,0.0,0.0,0.0,0.0,0.0,0.0,0.0,0.0,0.0,0.0,0.0,0.0,0.0,0.0,0.0,0.0,0.0,0.0,0.0,0.0,0.0,0.0,0.0,0.0,0.0,0.0,0.0,0.0,0.0,0.0,0.0,0.0,0.0,0.0,0.0,0.0,0.0,0.0,0.0,0.0,0.0,0.0,0.0,0.0,0.0,0.0,0.0,0.0,0.0,0.0,0.0,0.0,0.0,0.0,0.0,0.0,0.0,0.0,0.0,0.0,0.0,0.0,0.0,0.0,0.0,0.0,0.0,0.0,0.0,0.0,0.0,0.0
5339,0.0,0.0,0.0,0.0,0.0,0.0,0.0,0.0,0.0,0.0,0.0,0.0,0.0,0.0,0.0,0.0,0.0,0.0,0.0,0.0,0.0,0.0,0.0,0.0,0.0,0.0,0.0,0.0,0.0,0.0,0.0,0.0,0.0,0.0,0.0,0.0,0.0,0.0,0.0,0.0,0.0,0.0,0.0,0.0,0.0,0.0,0.0,0.0,0.0,0.0,0.0,0.0,0.0,0.0,0.0,0.0,0.0,0.0,0.0,0.0,0.0,0.0,0.0,0.0,0.0,0.0,0.0,0.0,0.0,0.0,0.0,0.0,0.0,0.0,0.0,0.0,0.0,0.0,0.0,0.0,0.0,0.0,0.0,0.0,0.0,0.0,0.0,0.0,0.0,0.0,0.0,0.0,0.0,0.0,0.0,0.0,0.0,0.0,0.0,0.0,0.0,0.0,0.0,0.0,0.0,0.0,0.0,0.0,0.0,0.0,0.0,0.0,0.0,0.0,0.0,0.0,0.0,0.0,0.0,0.0,0.0,0.0,0.0,0.0,0.0,0.0,0.0,0.0,0.0,0.0,0.0,0.0,0.0,0.0,0.0,0.0,0.0,0.0,0.0,0.0,0.0,0.0,0.0,0.0,0.0,0.0,0.0,0.0,0.0,0.0,0.0,0.0,0.0,0.0,0.0,0.0,0.0,0.0,0.0,0.0,0.0,0.0,0.0,0.0,0.0,0.0,0.0,0.0,0.0,0.0,0.0,0.0,0.0,0.0,0.0,0.0,0.0,0.0,0.0,0.0,0.0,0.0,0.0,0.0,0.0,0.0,0.0,0.0,0.0,0.0,0.0,0.0,0.0,0.0,0.0,0.0,0.0,0.0,0.0,0.0,0.0,0.0,0.0,0.0,0.0,0.0,0.0,0.0,0.0,0.0,0.0,0.0,0.0,0.0,0.0,0.0,0.0,0.0,0.0,0.0,0.0,0.0,0.0,0.0,0.0,0.0,0.0,0.0,0.0,0.0,0.0,0.0,0.0,0.0,0.0,0.0,0.0,0.0,0.0,0.0,0.0,0.0,0.0,0.0,0.0,0.0,0.0,0.0,0.0,0.0,0.0,0.0,0.0,0.0,0.0,0.0,0.0,0.0,0.0,0.0,0.0,0.0,0.0,0.0,0.0,0.0,0.0,0.0,0.0,0.0,0.0,0.0,0.0,0.0,0.0,0.0,0.0,0.0,0.0,0.0,0.0,0.0,0.0,0.0,0.0,0.0,0.0,0.0,0.0,0.0,0.0,0.0,0.0,0.0,0.0,0.0,0.0,0.0,0.0,0.0,0.0,0.0,0.0,0.0,0.0,0.0,0.0,0.0,0.0,0.0,0.0,0.0,0.0,0.0,0.0,0.0,0.0,0.0,0.0,0.0,0.0,0.0,0.0,0.0,0.0,0.0,0.0,0.0,0.0,0.0,0.0,0.0,0.0,0.0,0.0,0.0,0.0,0.0,0.0,0.0,0.0,0.0,0.0,0.0,0.0,0.0,0.0,0.0,0.0,0.0,0.0,0.0,0.0,0.0,0.0,0.0,0.0,0.0,0.0,0.0,0.0,0.0,0.0,0.0,0.0,0.0,0.0,0.0,0.0,0.0,0.0,0.0,0.0,0.0,0.0,0.0
5340,0.0,0.0,0.0,0.0,0.0,0.0,0.0,0.0,0.0,0.0,0.0,0.0,0.0,0.0,0.0,0.0,0.0,0.0,0.0,0.0,0.0,0.0,0.0,0.0,0.0,0.0,0.0,0.0,0.0,0.0,0.0,0.0,0.0,0.0,0.0,0.0,0.0,0.0,0.0,0.0,0.0,0.0,0.0,0.0,0.0,0.0,0.0,0.0,0.0,0.0,0.0,0.0,0.0,0.0,0.0,0.0,0.0,0.0,0.0,0.0,0.0,0.0,0.0,0.0,0.0,0.0,0.0,0.0,0.0,0.0,0.0,0.0,0.0,0.0,0.0,0.0,0.0,0.0,0.0,0.0,0.0,0.0,0.0,0.0,0.0,0.0,0.0,0.0,0.0,0.0,0.0,0.0,0.0,0.0,0.0,0.0,0.0,0.0,0.0,0.0,0.0,0.0,0.0,0.0,0.0,0.0,0.0,0.0,0.0,0.0,0.0,0.0,0.0,0.0,0.0,0.0,0.0,0.0,0.0,0.0,0.0,0.0,0.0,0.0,0.0,0.0,0.0,0.0,0.0,0.0,0.0,0.0,0.0,0.0,0.0,0.0,0.0,0.0,0.0,0.0,0.0,0.0,0.0,0.0,0.0,0.0,0.0,0.0,0.0,0.0,0.0,0.0,0.0,0.0,0.0,0.0,0.0,0.0,0.0,0.0,0.0,0.0,0.0,0.0,0.0,0.0,0.0,0.0,0.0,0.0,0.0,0.0,0.0,0.0,0.0,0.0,0.0,0.0,0.0,0.0,0.0,0.0,0.0,0.0,0.0,0.0,0.0,0.0,0.0,0.0,0.0,0.0,0.0,0.0,0.0,0.0,0.0,0.0,0.0,0.0,0.0,0.0,0.0,0.0,0.0,0.0,0.0,0.0,0.0,0.0,0.0,0.0,0.0,0.0,0.0,0.0,0.0,0.0,0.0,0.0,0.0,0.0,0.0,0.0,0.0,0.0,0.0,0.0,0.0,0.0,0.0,0.0,0.0,0.0,0.0,0.0,0.0,0.0,0.0,0.0,0.0,0.0,0.0,0.0,0.0,0.0,0.0,0.0,0.0,0.0,0.0,0.0,0.0,0.0,0.0,0.0,0.0,0.0,0.0,0.0,0.0,0.0,0.0,0.0,0.0,0.0,0.0,0.0,0.0,0.0,0.0,0.0,0.0,0.0,0.0,0.0,0.0,0.0,0.0,0.0,0.0,0.0,0.0,0.0,0.0,0.0,0.0,0.0,0.0,0.0,0.0,0.0,0.0,0.0,0.0,0.0,0.0,0.0,0.0,0.0,0.0,0.0,0.0,0.0,0.0,0.0,0.0,0.0,0.0,0.0,0.0,0.0,0.0,0.0,0.0,0.0,0.0,0.0,0.0,0.0,0.0,0.0,0.0,0.0,0.0,0.0,0.0,0.0,0.0,0.0,0.0,0.0,0.0,0.0,0.0,0.0,0.0,0.0,0.0,0.0,0.0,0.0,0.0,0.0,0.0,0.0,0.0,0.0,0.0,0.0,0.0,0.0,0.0,0.0,0.0,0.0,0.0,0.0,0.0,0.0,0.0,0.0,0.0,0.0,0.0,0.0,0.0,0.0,0.0,0.0,0.0,0.0,0.0,0.0,0.0,0.0
5341,0.0,0.0,0.0,0.0,0.0,0.0,0.0,0.0,0.0,0.0,0.0,0.0,0.0,0.0,0.0,0.0,0.0,0.0,0.0,0.0,0.0,0.0,0.0,0.0,0.0,0.0,0.0,0.0,0.0,0.0,0.0,0.0,0.0,0.0,0.0,0.0,0.0,0.0,0.0,0.0,0.0,0.0,0.0,0.0,0.0,0.0,0.0,0.0,0.0,0.0,0.0,0.0,0.0,0.0,0.0,0.0,0.0,0.0,0.0,0.0,0.0,0.0,0.0,0.0,0.0,0.0,0.0,0.0,0.0,0.0,0.0,0.0,0.0,0.0,0.0,0.0,0.0,0.0,0.0,0.0,0.0,0.0,0.0,0.0,0.0,0.0,0.0,0.0,0.0,0.0,0.0,0.0,0.0,0.0,0.0,0.0,0.0,0.0,0.0,0.0,0.0,0.0,0.0,0.0,0.0,0.0,0.0,0.0,0.0,0.0,0.0,0.0,0.0,0.0,0.0,0.0,0.0,0.0,0.0,0.0,0.0,0.0,0.0,0.0,0.0,0.0,0.0,0.0,0.0,0.0,0.0,0.0,0.0,0.0,0.0,0.0,0.0,0.0,0.0,0.0,0.0,0.0,0.0,0.0,0.0,0.0,0.0,0.0,0.0,0.0,0.0,0.0,0.0,0.0,0.0,0.0,0.0,0.0,0.0,0.0,0.0,0.0,0.0,0.0,0.0,0.0,0.0,0.0,0.0,0.0,0.0,0.0,0.0,0.0,0.0,0.0,0.0,0.0,0.0,0.0,0.0,0.0,0.0,0.0,0.0,0.0,0.0,0.0,0.0,0.0,0.0,0.0,0.0,0.0,0.0,0.0,0.0,0.0,0.0,0.0,0.0,0.0,0.0,0.0,0.0,0.0,0.0,0.0,0.0,0.0,0.0,0.0,0.0,0.0,0.0,0.0,0.0,0.0,0.0,0.0,0.0,0.0,0.0,0.0,0.0,0.0,0.0,0.0,0.0,0.0,0.0,0.0,0.0,0.0,0.0,0.0,0.0,0.0,0.0,0.0,0.0,0.0,0.0,0.0,0.0,0.0,0.0,0.0,0.0,0.0,0.0,0.0,0.0,0.0,0.0,0.0,0.0,0.0,0.0,0.0,0.0,0.0,0.0,0.0,0.0,0.0,0.0,0.0,0.0,0.0,0.0,0.0,0.0,0.0,0.0,0.0,0.0,0.0,0.0,0.0,0.0,0.0,0.0,0.0,0.0,0.0,0.0,0.0,0.0,0.0,0.0,0.0,0.0,0.0,0.0,0.0,0.0,0.0,0.0,0.0,0.0,0.0,0.0,0.0,0.0,0.0,0.0,0.0,0.0,0.0,0.0,0.0,0.0,0.0,0.0,0.0,0.0,0.0,0.0,0.0,0.0,0.0,0.0,0.0,0.0,0.0,0.0,0.0,0.0,0.0,0.0,0.0,0.0,0.0,0.0,0.0,0.0,0.0,0.0,0.0,0.0,0.0,0.0,0.0,0.0,0.0,0.0,0.0,0.0,0.0,0.0,0.0,0.0,0.0,0.0,0.0,0.0,0.0,0.0,0.0,0.0,0.0,0.0,0.0,0.0,0.0,0.0,0.0,0.0,0.0,0.0,0.0,0.0,0.0,0.0,0.0
5342,0.0,0.0,0.0,0.0,0.0,0.0,0.0,0.0,0.0,0.0,0.0,0.0,0.0,0.0,0.0,0.0,0.0,0.0,0.0,0.0,0.0,0.0,0.0,0.0,0.0,0.0,0.0,0.0,0.0,0.0,0.0,0.0,0.0,0.0,0.0,0.0,0.0,0.0,0.0,0.0,0.0,0.0,0.0,0.0,0.0,0.0,0.0,0.0,0.0,0.0,0.0,0.0,0.0,0.0,0.0,0.0,0.0,0.0,0.0,0.0,0.0,0.0,0.0,0.0,0.0,0.0,0.0,0.0,0.0,0.0,0.0,0.0,0.0,0.0,0.0,0.0,0.0,0.0,0.0,0.0,0.0,0.0,0.0,0.0,0.0,0.0,0.0,0.0,0.0,0.0,0.0,0.0,0.0,0.0,0.0,0.0,0.0,0.0,0.0,0.0,0.0,0.0,0.0,0.0,0.0,0.0,0.0,0.0,0.0,0.0,0.0,0.0,0.0,0.0,0.0,0.0,0.0,0.0,0.0,0.0,0.0,0.0,0.0,0.0,0.0,0.0,0.0,0.0,0.0,0.0,0.0,0.0,0.0,0.0,0.0,0.0,0.0,0.0,0.0,0.0,0.0,0.0,0.0,0.0,0.0,0.0,0.0,0.0,0.0,0.0,0.0,0.0,0.0,0.0,0.0,0.0,0.0,0.0,0.0,0.0,0.0,0.0,0.0,0.0,0.0,0.0,0.0,0.0,0.0,0.0,0.0,0.0,0.0,0.0,0.0,0.0,0.0,0.0,0.0,0.0,0.0,0.0,0.0,0.0,0.0,0.0,0.0,0.0,0.0,0.0,0.0,0.0,0.0,0.0,0.0,0.0,0.0,0.0,0.0,0.0,0.0,0.0,0.0,0.0,0.0,0.0,0.0,0.0,0.0,0.0,0.0,0.0,0.0,0.0,0.0,0.0,0.0,0.0,0.0,0.0,0.0,0.0,0.0,0.0,0.0,0.0,0.0,0.0,0.0,0.0,0.0,0.0,0.0,0.0,0.0,0.0,0.0,0.0,0.0,0.0,0.0,0.0,0.0,0.0,0.0,0.0,0.0,0.0,0.0,0.0,0.0,0.0,0.0,0.0,0.0,0.0,0.0,0.0,0.0,0.0,0.0,0.0,0.0,0.0,0.0,0.0,0.0,0.0,0.0,0.0,0.0,0.0,0.0,0.0,0.0,0.0,0.0,0.0,0.0,0.0,0.0,0.0,0.0,0.0,0.0,0.0,0.0,0.0,0.0,0.0,0.0,0.0,0.0,0.0,0.0,0.0,0.0,0.0,0.0,0.0,0.0,0.0,0.0,0.0,0.0,0.0,0.0,0.0,0.0,0.0,0.0,0.0,0.0,0.0,0.0,0.0,0.0,0.0,0.0,0.0,0.0,0.0,0.0,0.0,0.0,0.0,0.0,0.0,0.0,0.0,0.0,0.0,0.0,0.0,0.0,0.0,0.0,0.0,0.0,0.0,0.0,0.0,0.0,0.0,0.0,0.0,0.0,0.0,0.0,0.0,0.0,0.0,0.0,0.0,0.0,0.0,0.0,0.0,0.0,0.0,0.0,0.0,0.0,0.0,0.0,0.0,0.0,0.0,0.0,0.0,0.0,0.0,0.0,0.0,0.0,0.0
5343,0.0,0.0,0.0,0.0,0.0,0.0,0.0,0.0,0.0,0.0,0.0,0.0,0.0,0.0,0.0,0.0,0.0,0.0,0.0,0.0,0.0,0.0,0.0,0.0,0.0,0.0,0.0,0.0,0.0,0.0,0.0,0.0,0.0,0.0,0.0,0.0,0.0,0.0,0.0,0.0,0.0,0.0,0.0,0.0,0.0,0.0,0.0,0.0,0.0,0.0,0.0,0.0,0.0,0.0,0.0,0.0,0.0,0.0,0.0,0.0,0.0,0.0,0.0,0.0,0.0,0.0,0.0,0.0,0.0,0.0,0.0,0.0,0.0,0.0,0.0,0.0,0.0,0.0,0.0,0.0,0.0,0.0,0.0,0.0,0.0,0.0,0.0,0.0,0.0,0.0,0.0,0.0,0.0,0.0,0.0,0.0,0.0,0.0,0.0,0.0,0.0,0.0,0.0,0.0,0.0,0.0,0.0,0.0,0.0,0.0,0.0,0.0,0.0,0.0,0.0,0.0,0.0,0.0,0.0,0.0,0.0,0.0,0.0,0.0,0.0,0.0,0.0,0.0,0.0,0.0,0.0,0.0,0.0,0.0,0.0,0.0,0.0,0.0,0.0,0.0,0.0,0.0,0.0,0.0,0.0,0.0,0.0,0.0,0.0,0.0,0.0,0.0,0.0,0.0,0.0,0.0,0.0,0.0,0.0,0.0,0.0,0.0,0.0,0.0,0.0,0.0,0.0,0.0,0.0,0.0,0.0,0.0,0.0,0.0,0.0,0.0,0.0,0.0,0.0,0.0,0.0,0.0,0.0,0.0,0.0,0.0,0.0,0.0,0.0,0.0,0.0,0.0,0.0,0.0,0.0,0.0,0.0,0.0,0.0,0.0,0.0,0.0,0.0,0.0,0.0,0.0,0.0,0.0,0.0,0.0,0.0,0.0,0.0,0.0,0.0,0.0,0.0,0.0,0.0,0.0,0.0,0.0,0.0,0.0,0.0,0.0,0.0,0.0,0.0,0.0,0.0,0.0,0.0,0.0,0.0,0.0,0.0,0.0,0.0,0.0,0.0,0.0,0.0,0.0,0.0,0.0,0.0,0.0,0.0,0.0,0.0,0.0,0.0,0.0,0.0,0.0,0.0,0.0,0.0,0.0,0.0,0.0,0.0,0.0,0.0,0.0,0.0,0.0,0.0,0.0,0.0,0.0,0.0,0.0,0.0,0.0,0.0,0.0,0.0,0.0,0.0,0.0,0.0,0.0,0.0,0.0,0.0,0.0,0.0,0.0,0.0,0.0,0.0,0.0,0.0,0.0,0.0,0.0,0.0,0.0,0.0,0.0,0.0,0.0,0.0,0.0,0.0,0.0,0.0,0.0,0.0,0.0,0.0,0.0,0.0,0.0,0.0,0.0,0.0,0.0,0.0,0.0,0.0,0.0,0.0,0.0,0.0,0.0,0.0,0.0,0.0,0.0,0.0,0.0,0.0,0.0,0.0,0.0,0.0,0.0,0.0,0.0,0.0,0.0,0.0,0.0,0.0,0.0,0.0,0.0,0.0,0.0,0.0,0.0,0.0,0.0,0.0,0.0,0.0,0.0,0.0,0.0,0.0,0.0,0.0,0.0,0.0,0.0,0.0,0.0,0.0,0.0,0.0,0.0,0.0,0.0
5344,0.0,0.0,0.0,0.0,0.0,0.0,0.0,0.0,0.0,0.0,0.0,0.0,0.0,0.0,0.0,0.0,0.0,0.0,0.0,0.0,0.0,0.0,0.0,0.0,0.0,0.0,0.0,0.0,0.0,0.0,0.0,0.0,0.0,0.0,0.0,0.0,0.0,0.0,0.0,0.0,0.0,0.0,0.0,0.0,0.0,0.0,0.0,0.0,0.0,0.0,0.0,0.0,0.0,0.0,0.0,0.0,0.0,0.0,0.0,0.0,0.0,0.0,0.0,0.0,0.0,0.0,0.0,0.0,0.0,0.0,0.0,0.0,0.0,0.0,0.0,0.0,0.0,0.0,0.0,0.0,0.0,0.0,0.0,0.0,0.0,0.0,0.0,0.0,0.0,0.0,0.0,0.0,0.0,0.0,0.0,0.0,0.0,0.0,0.0,0.0,0.0,0.0,0.0,0.0,0.0,0.0,0.0,0.0,0.0,0.0,0.0,0.0,0.0,0.0,0.0,0.0,0.0,0.0,0.0,0.0,0.0,0.0,0.0,0.0,0.0,0.0,0.0,0.0,0.0,0.0,0.0,0.0,0.0,0.0,0.0,0.0,0.0,0.0,0.0,0.0,0.0,0.0,0.0,0.0,0.0,0.0,0.0,0.0,0.0,0.0,0.0,0.0,0.0,0.0,0.0,0.0,0.0,0.0,0.0,0.0,0.0,0.0,0.0,0.0,0.0,0.0,0.0,0.0,0.0,0.0,0.0,0.0,0.0,0.0,0.0,0.0,0.0,0.0,0.0,0.0,0.0,0.0,0.0,0.0,0.0,0.0,0.0,0.0,0.0,0.0,0.0,0.0,0.0,0.0,0.0,0.0,0.0,0.0,0.0,0.0,0.0,0.0,0.0,0.0,0.0,0.0,0.0,0.0,0.0,0.0,0.0,0.0,0.0,0.0,0.0,0.0,0.0,0.0,0.0,0.0,0.0,0.0,0.0,0.0,0.0,0.0,0.0,0.0,0.0,0.0,0.0,0.0,0.0,0.0,0.0,0.0,0.0,0.0,0.0,0.0,0.0,0.0,0.0,0.0,0.0,0.0,0.0,0.0,0.0,0.0,0.0,0.0,0.0,0.0,0.0,0.0,0.0,0.0,0.0,0.0,0.0,0.0,0.0,0.0,0.0,0.0,0.0,0.0,0.0,0.0,0.0,0.0,0.0,0.0,0.0,0.0,0.0,0.0,0.0,0.0,0.0,0.0,0.0,0.0,0.0,0.0,0.0,0.0,0.0,0.0,0.0,0.0,0.0,0.0,0.0,0.0,0.0,0.0,0.0,0.0,0.0,0.0,0.0,0.0,0.0,0.0,0.0,0.0,0.0,0.0,0.0,0.0,0.0,0.0,0.0,0.0,0.0,0.0,0.0,0.0,0.0,0.0,0.0,0.0,0.0,0.0,0.0,0.0,0.0,0.0,0.0,0.0,0.0,0.0,0.0,0.0,0.0,0.0,0.0,0.0,0.0,0.0,0.0,0.0,0.0,0.0,0.0,0.0,0.0,0.0,0.0,0.0,0.0,0.0,0.0,0.0,0.0,0.0,0.0,0.0,0.0,0.0,0.0,0.0,0.0,0.0,0.0,0.0,0.0,0.0,0.0,0.0,0.0,0.0,0.0,0.0
5345,0.0,0.0,0.0,0.0,0.0,0.0,0.0,0.0,0.0,0.0,0.0,0.0,0.0,0.0,0.0,0.0,0.0,0.0,0.0,0.0,0.0,0.0,0.0,0.0,0.0,0.0,0.0,0.0,0.0,0.0,0.0,0.0,0.0,0.0,0.0,0.0,0.0,0.0,0.0,0.0,0.0,0.0,0.0,0.0,0.0,0.0,0.0,0.0,0.0,0.0,0.0,0.0,0.0,0.0,0.0,0.0,0.0,0.0,0.0,0.0,0.0,0.0,0.0,0.0,0.0,0.0,0.0,0.0,0.0,0.0,0.0,0.0,0.0,0.0,0.0,0.0,0.0,0.0,0.0,0.0,0.0,0.0,0.0,0.0,0.0,0.0,0.0,0.0,0.0,0.0,0.0,0.0,0.0,0.0,0.0,0.0,0.0,0.0,0.0,0.0,0.0,0.0,0.0,0.0,0.0,0.0,0.0,0.0,0.0,0.0,0.0,0.0,0.0,0.0,0.0,0.0,0.0,0.0,0.0,0.0,0.0,0.0,0.0,0.0,0.0,0.0,0.0,0.0,0.0,0.0,0.0,0.0,0.0,0.0,0.0,0.0,0.0,0.0,0.0,0.0,0.0,0.0,0.0,0.0,0.0,0.0,0.0,0.0,0.0,0.0,0.0,0.0,0.0,0.0,0.0,0.0,0.0,0.0,0.0,0.0,0.0,0.0,0.0,0.0,0.0,0.0,0.0,0.0,0.0,0.0,0.0,0.0,0.0,0.0,0.0,0.0,0.0,0.0,0.0,0.0,0.0,0.0,0.0,0.0,0.0,0.0,0.0,0.0,0.0,0.0,0.0,0.0,0.0,0.0,0.0,0.0,0.0,0.0,0.0,0.0,0.0,0.0,0.0,0.0,0.0,0.0,0.0,0.0,0.0,0.0,0.0,0.0,0.0,0.0,0.0,0.0,0.0,0.0,0.0,0.0,0.0,0.0,0.0,0.0,0.0,0.0,0.0,0.0,0.0,0.0,0.0,0.0,0.0,0.0,0.0,0.0,0.0,0.0,0.0,0.0,0.0,0.0,0.0,0.0,0.0,0.0,0.0,0.0,0.0,0.0,0.0,0.0,0.0,0.0,0.0,0.0,0.0,0.0,0.0,0.0,0.0,0.0,0.0,0.0,0.0,0.0,0.0,0.0,0.0,0.0,0.0,0.0,0.0,0.0,0.0,0.0,0.0,0.0,0.0,0.0,0.0,0.0,0.0,0.0,0.0,0.0,0.0,0.0,0.0,0.0,0.0,0.0,0.0,0.0,0.0,0.0,0.0,0.0,0.0,0.0,0.0,0.0,0.0,0.0,0.0,0.0,0.0,0.0,0.0,0.0,0.0,0.0,0.0,0.0,0.0,0.0,0.0,0.0,0.0,0.0,0.0,0.0,0.0,0.0,0.0,0.0,0.0,0.0,0.0,0.0,0.0,0.0,0.0,0.0,0.0,0.0,0.0,0.0,0.0,0.0,0.0,0.0,0.0,0.0,0.0,0.0,0.0,0.0,0.0,0.0,0.0,0.0,0.0,0.0,0.0,0.0,0.0,0.0,0.0,0.0,0.0,0.0,0.0,0.0,0.0,0.0,0.0,0.0,0.0,0.0,0.0,0.0,0.0,0.0,0.0,0.0
5346,0.0,0.0,0.0,0.0,0.0,0.0,0.0,0.0,0.0,0.0,0.0,0.0,0.0,0.0,0.0,0.0,0.0,0.0,0.0,0.0,0.0,0.0,0.0,0.0,0.0,0.0,0.0,0.0,0.0,0.0,0.0,0.0,0.0,0.0,0.0,0.0,0.0,0.0,0.0,0.0,0.0,0.0,0.0,0.0,0.0,0.0,0.0,0.0,0.0,0.0,0.0,0.0,0.0,0.0,0.0,0.0,0.0,0.0,0.0,0.0,0.0,0.0,0.0,0.0,0.0,0.0,0.0,0.0,0.0,0.0,0.0,0.0,0.0,0.0,0.0,0.0,0.0,0.0,0.0,0.0,0.0,0.0,0.0,0.0,0.0,0.0,0.0,0.0,0.0,0.0,0.0,0.0,0.0,0.0,0.0,0.0,0.0,0.0,0.0,0.0,0.0,0.0,0.0,0.0,0.0,0.0,0.0,0.0,0.0,0.0,0.0,0.0,0.0,0.0,0.0,0.0,0.0,0.0,0.0,0.0,0.0,0.0,0.0,0.0,0.0,0.0,0.0,0.0,0.0,0.0,0.0,0.0,0.0,0.0,0.0,0.0,0.0,0.0,0.0,0.0,0.0,0.0,0.0,0.0,0.0,0.0,0.0,0.0,0.0,0.0,0.0,0.0,0.0,0.0,0.0,0.0,0.0,0.0,0.0,0.0,0.0,0.0,0.0,0.0,0.0,0.0,0.0,0.0,0.0,0.0,0.0,0.0,0.0,0.0,0.0,0.0,0.0,0.0,0.0,0.0,0.0,0.0,0.0,0.0,0.0,0.0,0.0,0.0,0.0,0.0,0.0,0.0,0.0,0.0,0.0,0.0,0.0,0.0,0.0,0.0,0.0,0.0,0.0,0.0,0.0,0.0,0.0,0.0,0.0,0.0,0.0,0.0,0.0,0.0,0.0,0.0,0.0,0.0,0.0,0.0,0.0,0.0,0.0,0.0,0.0,0.0,0.0,0.0,0.0,0.0,0.0,0.0,0.0,0.0,0.0,0.0,0.0,0.0,0.0,0.0,0.0,0.0,0.0,0.0,0.0,0.0,0.0,0.0,0.0,0.0,0.0,0.0,0.0,0.0,0.0,0.0,0.0,0.0,0.0,0.0,0.0,0.0,0.0,0.0,0.0,0.0,0.0,0.0,0.0,0.0,0.0,0.0,0.0,0.0,0.0,0.0,0.0,0.0,0.0,0.0,0.0,0.0,0.0,0.0,0.0,0.0,0.0,0.0,0.0,0.0,0.0,0.0,0.0,0.0,0.0,0.0,0.0,0.0,0.0,0.0,0.0,0.0,0.0,0.0,0.0,0.0,0.0,0.0,0.0,0.0,0.0,0.0,0.0,0.0,0.0,0.0,0.0,0.0,0.0,0.0,0.0,0.0,0.0,0.0,0.0,0.0,0.0,0.0,0.0,0.0,0.0,0.0,0.0,0.0,0.0,0.0,0.0,0.0,0.0,0.0,0.0,0.0,0.0,0.0,0.0,0.0,0.0,0.0,0.0,0.0,0.0,0.0,0.0,0.0,0.0,0.0,0.0,0.0,0.0,0.0,0.0,0.0,0.0,0.0,0.0,0.0,0.0,0.0,0.0,0.0,0.0,0.0,0.0,0.0,0.0,0.0
5347,0.0,0.0,0.0,0.0,0.0,0.0,0.0,0.0,0.0,0.0,0.0,0.0,0.0,0.0,0.0,0.0,0.0,0.0,0.0,0.0,0.0,0.0,0.0,0.0,0.0,0.0,0.0,0.0,0.0,0.0,0.0,0.0,0.0,0.0,0.0,0.0,0.0,0.0,0.0,0.0,0.0,0.0,0.0,0.0,0.0,0.0,0.0,0.0,0.0,0.0,0.0,0.0,0.0,0.0,0.0,0.0,0.0,0.0,0.0,0.0,0.0,0.0,0.0,0.0,0.0,0.0,0.0,0.0,0.0,0.0,0.0,0.0,0.0,0.0,0.0,0.0,0.0,0.0,0.0,0.0,0.0,0.0,0.0,0.0,0.0,0.0,0.0,0.0,0.0,0.0,0.0,0.0,0.0,0.0,0.0,0.0,0.0,0.0,0.0,0.0,0.0,0.0,0.0,0.0,0.0,0.0,0.0,0.0,0.0,0.0,0.0,0.0,0.0,0.0,0.0,0.0,0.0,0.0,0.0,0.0,0.0,0.0,0.0,0.0,0.0,0.0,0.0,0.0,0.0,0.0,0.0,0.0,0.0,0.0,0.0,0.0,0.0,0.0,0.0,0.0,0.0,0.0,0.0,0.0,0.0,0.0,0.0,0.0,0.0,0.0,0.0,0.0,0.0,0.0,0.0,0.0,0.0,0.0,0.0,0.0,0.0,0.0,0.0,0.0,0.0,0.0,0.0,0.0,0.0,0.0,0.0,0.0,0.0,0.0,0.0,0.0,0.0,0.0,0.0,0.0,0.0,0.0,0.0,0.0,0.0,0.0,0.0,0.0,0.0,0.0,0.0,0.0,0.0,0.0,0.0,0.0,0.0,0.0,0.0,0.0,0.0,0.0,0.0,0.0,0.0,0.0,0.0,0.0,0.0,0.0,0.0,0.0,0.0,0.0,0.0,0.0,0.0,0.0,0.0,0.0,0.0,0.0,0.0,0.0,0.0,0.0,0.0,0.0,0.0,0.0,0.0,0.0,0.0,0.0,0.0,0.0,0.0,0.0,0.0,0.0,0.0,0.0,0.0,0.0,0.0,0.0,0.0,0.0,0.0,0.0,0.0,0.0,0.0,0.0,0.0,0.0,0.0,0.0,0.0,0.0,0.0,0.0,0.0,0.0,0.0,0.0,0.0,0.0,0.0,0.0,0.0,0.0,0.0,0.0,0.0,0.0,0.0,0.0,0.0,0.0,0.0,0.0,0.0,0.0,0.0,0.0,0.0,0.0,0.0,0.0,0.0,0.0,0.0,0.0,0.0,0.0,0.0,0.0,0.0,0.0,0.0,0.0,0.0,0.0,0.0,0.0,0.0,0.0,0.0,0.0,0.0,0.0,0.0,0.0,0.0,0.0,0.0,0.0,0.0,0.0,0.0,0.0,0.0,0.0,0.0,0.0,0.0,0.0,0.0,0.0,0.0,0.0,0.0,0.0,0.0,0.0,0.0,0.0,0.0,0.0,0.0,0.0,0.0,0.0,0.0,0.0,0.0,0.0,0.0,0.0,0.0,0.0,0.0,0.0,0.0,0.0,0.0,0.0,0.0,0.0,0.0,0.0,0.0,0.0,0.0,0.0,0.0,0.0,0.0,0.0,0.0,0.0,0.0,0.0,0.0,0.0
5348,0.0,0.0,0.0,0.0,0.0,0.0,0.0,0.0,0.0,0.0,0.0,0.0,0.0,0.0,0.0,0.0,0.0,0.0,0.0,0.0,0.0,0.0,0.0,0.0,0.0,0.0,0.0,0.0,0.0,0.0,0.0,0.0,0.0,0.0,0.0,0.0,0.0,0.0,0.0,0.0,0.0,0.0,0.0,0.0,0.0,0.0,0.0,0.0,0.0,0.0,0.0,0.0,0.0,0.0,0.0,0.0,0.0,0.0,0.0,0.0,0.0,0.0,0.0,0.0,0.0,0.0,0.0,0.0,0.0,0.0,0.0,0.0,0.0,0.0,0.0,0.0,0.0,0.0,0.0,0.0,0.0,0.0,0.0,0.0,0.0,0.0,0.0,0.0,0.0,0.0,0.0,0.0,0.0,0.0,0.0,0.0,0.0,0.0,0.0,0.0,0.0,0.0,0.0,0.0,0.0,0.0,0.0,0.0,0.0,0.0,0.0,0.0,0.0,0.0,0.0,0.0,0.0,0.0,0.0,0.0,0.0,0.0,0.0,0.0,0.0,0.0,0.0,0.0,0.0,0.0,0.0,0.0,0.0,0.0,0.0,0.0,0.0,0.0,0.0,0.0,0.0,0.0,0.0,0.0,0.0,0.0,0.0,0.0,0.0,0.0,0.0,0.0,0.0,0.0,0.0,0.0,0.0,0.0,0.0,0.0,0.0,0.0,0.0,0.0,0.0,0.0,0.0,0.0,0.0,0.0,0.0,0.0,0.0,0.0,0.0,0.0,0.0,0.0,0.0,0.0,0.0,0.0,0.0,0.0,0.0,0.0,0.0,0.0,0.0,0.0,0.0,0.0,0.0,0.0,0.0,0.0,0.0,0.0,0.0,0.0,0.0,0.0,0.0,0.0,0.0,0.0,0.0,0.0,0.0,0.0,0.0,0.0,0.0,0.0,0.0,0.0,0.0,0.0,0.0,0.0,0.0,0.0,0.0,0.0,0.0,0.0,0.0,0.0,0.0,0.0,0.0,0.0,0.0,0.0,0.0,0.0,0.0,0.0,0.0,0.0,0.0,0.0,0.0,0.0,0.0,0.0,0.0,0.0,0.0,0.0,0.0,0.0,0.0,0.0,0.0,0.0,0.0,0.0,0.0,0.0,0.0,0.0,0.0,0.0,0.0,0.0,0.0,0.0,0.0,0.0,0.0,0.0,0.0,0.0,0.0,0.0,0.0,0.0,0.0,0.0,0.0,0.0,0.0,0.0,0.0,0.0,0.0,0.0,0.0,0.0,0.0,0.0,0.0,0.0,0.0,0.0,0.0,0.0,0.0,0.0,0.0,0.0,0.0,0.0,0.0,0.0,0.0,0.0,0.0,0.0,0.0,0.0,0.0,0.0,0.0,0.0,0.0,0.0,0.0,0.0,0.0,0.0,0.0,0.0,0.0,0.0,0.0,0.0,0.0,0.0,0.0,0.0,0.0,0.0,0.0,0.0,0.0,0.0,0.0,0.0,0.0,0.0,0.0,0.0,0.0,0.0,0.0,0.0,0.0,0.0,0.0,0.0,0.0,0.0,0.0,0.0,0.0,0.0,0.0,0.0,0.0,0.0,0.0,0.0,0.0,0.0,0.0,0.0,0.0,0.0,0.0,0.0,0.0,0.0,0.0,0.0
5349,0.0,0.0,0.0,0.0,0.0,0.0,0.0,0.0,0.0,0.0,0.0,0.0,0.0,0.0,0.0,0.0,0.0,0.0,0.0,0.0,0.0,0.0,0.0,0.0,0.0,0.0,0.0,0.0,0.0,0.0,0.0,0.0,0.0,0.0,0.0,0.0,0.0,0.0,0.0,0.0,0.0,0.0,0.0,0.0,0.0,0.0,0.0,0.0,0.0,0.0,0.0,0.0,0.0,0.0,0.0,0.0,0.0,0.0,0.0,0.0,0.0,0.0,0.0,0.0,0.0,0.0,0.0,0.0,0.0,0.0,0.0,0.0,0.0,0.0,0.0,0.0,0.0,0.0,0.0,0.0,0.0,0.0,0.0,0.0,0.0,0.0,0.0,0.0,0.0,0.0,0.0,0.0,0.0,0.0,0.0,0.0,0.0,0.0,0.0,0.0,0.0,0.0,0.0,0.0,0.0,0.0,0.0,0.0,0.0,0.0,0.0,0.0,0.0,0.0,0.0,0.0,0.0,0.0,0.0,0.0,0.0,0.0,0.0,0.0,0.0,0.0,0.0,0.0,0.0,0.0,0.0,0.0,0.0,0.0,0.0,0.0,0.0,0.0,0.0,0.0,0.0,0.0,0.0,0.0,0.0,0.0,0.0,0.0,0.0,0.0,0.0,0.0,0.0,0.0,0.0,0.0,0.0,0.0,0.0,0.0,0.0,0.0,0.0,0.0,0.0,0.0,0.0,0.0,0.0,0.0,0.0,0.0,0.0,0.0,0.0,0.0,0.0,0.0,0.0,0.0,0.0,0.0,0.0,0.0,0.0,0.0,0.0,0.0,0.0,0.0,0.0,0.0,0.0,0.0,0.0,0.0,0.0,0.0,0.0,0.0,0.0,0.0,0.0,0.0,0.0,0.0,0.0,0.0,0.0,0.0,0.0,0.0,0.0,0.0,0.0,0.0,0.0,0.0,0.0,0.0,0.0,0.0,0.0,0.0,0.0,0.0,0.0,0.0,0.0,0.0,0.0,0.0,0.0,0.0,0.0,0.0,0.0,0.0,0.0,0.0,0.0,0.0,0.0,0.0,0.0,0.0,0.0,0.0,0.0,0.0,0.0,0.0,0.0,0.0,0.0,0.0,0.0,0.0,0.0,0.0,0.0,0.0,0.0,0.0,0.0,0.0,0.0,0.0,0.0,0.0,0.0,0.0,0.0,0.0,0.0,0.0,0.0,0.0,0.0,0.0,0.0,0.0,0.0,0.0,0.0,0.0,0.0,0.0,0.0,0.0,0.0,0.0,0.0,0.0,0.0,0.0,0.0,0.0,0.0,0.0,0.0,0.0,0.0,0.0,0.0,0.0,0.0,0.0,0.0,0.0,0.0,0.0,0.0,0.0,0.0,0.0,0.0,0.0,0.0,0.0,0.0,0.0,0.0,0.0,0.0,0.0,0.0,0.0,0.0,0.0,0.0,0.0,0.0,0.0,0.0,0.0,0.0,0.0,0.0,0.0,0.0,0.0,0.0,0.0,0.0,0.0,0.0,0.0,0.0,0.0,0.0,0.0,0.0,0.0,0.0,0.0,0.0,0.0,0.0,0.0,0.0,0.0,0.0,0.0,0.0,0.0,0.0,0.0,0.0,0.0,0.0,0.0,0.0,0.0,0.0,0.0
5350,0.0,0.0,0.0,0.0,0.0,0.0,0.0,0.0,0.0,0.0,0.0,0.0,0.0,0.0,0.0,0.0,0.0,0.0,0.0,0.0,0.0,0.0,0.0,0.0,0.0,0.0,0.0,0.0,0.0,0.0,0.0,0.0,0.0,0.0,0.0,0.0,0.0,0.0,0.0,0.0,0.0,0.0,0.0,0.0,0.0,0.0,0.0,0.0,0.0,0.0,0.0,0.0,0.0,0.0,0.0,0.0,0.0,0.0,0.0,0.0,0.0,0.0,0.0,0.0,0.0,0.0,0.0,0.0,0.0,0.0,0.0,0.0,0.0,0.0,0.0,0.0,0.0,0.0,0.0,0.0,0.0,0.0,0.0,0.0,0.0,0.0,0.0,0.0,0.0,0.0,0.0,0.0,0.0,0.0,0.0,0.0,0.0,0.0,0.0,0.0,0.0,0.0,0.0,0.0,0.0,0.0,0.0,0.0,0.0,0.0,0.0,0.0,0.0,0.0,0.0,0.0,0.0,0.0,0.0,0.0,0.0,0.0,0.0,0.0,0.0,0.0,0.0,0.0,0.0,0.0,0.0,0.0,0.0,0.0,0.0,0.0,0.0,0.0,0.0,0.0,0.0,0.0,0.0,0.0,0.0,0.0,0.0,0.0,0.0,0.0,0.0,0.0,0.0,0.0,0.0,0.0,0.0,0.0,0.0,0.0,0.0,0.0,0.0,0.0,0.0,0.0,0.0,0.0,0.0,0.0,0.0,0.0,0.0,0.0,0.0,0.0,0.0,0.0,0.0,0.0,0.0,0.0,0.0,0.0,0.0,0.0,0.0,0.0,0.0,0.0,0.0,0.0,0.0,0.0,0.0,0.0,0.0,0.0,0.0,0.0,0.0,0.0,0.0,0.0,0.0,0.0,0.0,0.0,0.0,0.0,0.0,0.0,0.0,0.0,0.0,0.0,0.0,0.0,0.0,0.0,0.0,0.0,0.0,0.0,0.0,0.0,0.0,0.0,0.0,0.0,0.0,0.0,0.0,0.0,0.0,0.0,0.0,0.0,0.0,0.0,0.0,0.0,0.0,0.0,0.0,0.0,0.0,0.0,0.0,0.0,0.0,0.0,0.0,0.0,0.0,0.0,0.0,0.0,0.0,0.0,0.0,0.0,0.0,0.0,0.0,0.0,0.0,0.0,0.0,0.0,0.0,0.0,0.0,0.0,0.0,0.0,0.0,0.0,0.0,0.0,0.0,0.0,0.0,0.0,0.0,0.0,0.0,0.0,0.0,0.0,0.0,0.0,0.0,0.0,0.0,0.0,0.0,0.0,0.0,0.0,0.0,0.0,0.0,0.0,0.0,0.0,0.0,0.0,0.0,0.0,0.0,0.0,0.0,0.0,0.0,0.0,0.0,0.0,0.0,0.0,0.0,0.0,0.0,0.0,0.0,0.0,0.0,0.0,0.0,0.0,0.0,0.0,0.0,0.0,0.0,0.0,0.0,0.0,0.0,0.0,0.0,0.0,0.0,0.0,0.0,0.0,0.0,0.0,0.0,0.0,0.0,0.0,0.0,0.0,0.0,0.0,0.0,0.0,0.0,0.0,0.0,0.0,0.0,0.0,0.0,0.0,0.0,0.0,0.0,0.0,0.0,0.0,0.0,0.0,0.0,0.0
5351,0.0,0.0,0.0,0.0,0.0,0.0,0.0,0.0,0.0,0.0,0.0,0.0,0.0,0.0,0.0,0.0,0.0,0.0,0.0,0.0,0.0,0.0,0.0,0.0,0.0,0.0,0.0,0.0,0.0,0.0,0.0,0.0,0.0,0.0,0.0,0.0,0.0,0.0,0.0,0.0,0.0,0.0,0.0,0.0,0.0,0.0,0.0,0.0,0.0,0.0,0.0,0.0,0.0,0.0,0.0,0.0,0.0,0.0,0.0,0.0,0.0,0.0,0.0,0.0,0.0,0.0,0.0,0.0,0.0,0.0,0.0,0.0,0.0,0.0,0.0,0.0,0.0,0.0,0.0,0.0,0.0,0.0,0.0,0.0,0.0,0.0,0.0,0.0,0.0,0.0,0.0,0.0,0.0,0.0,0.0,0.0,0.0,0.0,0.0,0.0,0.0,0.0,0.0,0.0,0.0,0.0,0.0,0.0,0.0,0.0,0.0,0.0,0.0,0.0,0.0,0.0,0.0,0.0,0.0,0.0,0.0,0.0,0.0,0.0,0.0,0.0,0.0,0.0,0.0,0.0,0.0,0.0,0.0,0.0,0.0,0.0,0.0,0.0,0.0,0.0,0.0,0.0,0.0,0.0,0.0,0.0,0.0,0.0,0.0,0.0,0.0,0.0,0.0,0.0,0.0,0.0,0.0,0.0,0.0,0.0,0.0,0.0,0.0,0.0,0.0,0.0,0.0,0.0,0.0,0.0,0.0,0.0,0.0,0.0,0.0,0.0,0.0,0.0,0.0,0.0,0.0,0.0,0.0,0.0,0.0,0.0,0.0,0.0,0.0,0.0,0.0,0.0,0.0,0.0,0.0,0.0,0.0,0.0,0.0,0.0,0.0,0.0,0.0,0.0,0.0,0.0,0.0,0.0,0.0,0.0,0.0,0.0,0.0,0.0,0.0,0.0,0.0,0.0,0.0,0.0,0.0,0.0,0.0,0.0,0.0,0.0,0.0,0.0,0.0,0.0,0.0,0.0,0.0,0.0,0.0,0.0,0.0,0.0,0.0,0.0,0.0,0.0,0.0,0.0,0.0,0.0,0.0,0.0,0.0,0.0,0.0,0.0,0.0,0.0,0.0,0.0,0.0,0.0,0.0,0.0,0.0,0.0,0.0,0.0,0.0,0.0,0.0,0.0,0.0,0.0,0.0,0.0,0.0,0.0,0.0,0.0,0.0,0.0,0.0,0.0,0.0,0.0,0.0,0.0,0.0,0.0,0.0,0.0,0.0,0.0,0.0,0.0,0.0,0.0,0.0,0.0,0.0,0.0,0.0,0.0,0.0,0.0,0.0,0.0,0.0,0.0,0.0,0.0,0.0,0.0,0.0,0.0,0.0,0.0,0.0,0.0,0.0,0.0,0.0,0.0,0.0,0.0,0.0,0.0,0.0,0.0,0.0,0.0,0.0,0.0,0.0,0.0,0.0,0.0,0.0,0.0,0.0,0.0,0.0,0.0,0.0,0.0,0.0,0.0,0.0,0.0,0.0,0.0,0.0,0.0,0.0,0.0,0.0,0.0,0.0,0.0,0.0,0.0,0.0,0.0,0.0,0.0,0.0,0.0,0.0,0.0,0.0,0.0,0.0,0.0,0.0,0.0,0.0,0.0,0.0,0.0
5352,0.0,0.0,0.0,0.0,0.0,0.0,0.0,0.0,0.0,0.0,0.0,0.0,0.0,0.0,0.0,0.0,0.0,0.0,0.0,0.0,0.0,0.0,0.0,0.0,0.0,0.0,0.0,0.0,0.0,0.0,0.0,0.0,0.0,0.0,0.0,0.0,0.0,0.0,0.0,0.0,0.0,0.0,0.0,0.0,0.0,0.0,0.0,0.0,0.0,0.0,0.0,0.0,0.0,0.0,0.0,0.0,0.0,0.0,0.0,0.0,0.0,0.0,0.0,0.0,0.0,0.0,0.0,0.0,0.0,0.0,0.0,0.0,0.0,0.0,0.0,0.0,0.0,0.0,0.0,0.0,0.0,0.0,0.0,0.0,0.0,0.0,0.0,0.0,0.0,0.0,0.0,0.0,0.0,0.0,0.0,0.0,0.0,0.0,0.0,0.0,0.0,0.0,0.0,0.0,0.0,0.0,0.0,0.0,0.0,0.0,0.0,0.0,0.0,0.0,0.0,0.0,0.0,0.0,0.0,0.0,0.0,0.0,0.0,0.0,0.0,0.0,0.0,0.0,0.0,0.0,0.0,0.0,0.0,0.0,0.0,0.0,0.0,0.0,0.0,0.0,0.0,0.0,0.0,0.0,0.0,0.0,0.0,0.0,0.0,0.0,0.0,0.0,0.0,0.0,0.0,0.0,0.0,0.0,0.0,0.0,0.0,0.0,0.0,0.0,0.0,0.0,0.0,0.0,0.0,0.0,0.0,0.0,0.0,0.0,0.0,0.0,0.0,0.0,0.0,0.0,0.0,0.0,0.0,0.0,0.0,0.0,0.0,0.0,0.0,0.0,0.0,0.0,0.0,0.0,0.0,0.0,0.0,0.0,0.0,0.0,0.0,0.0,0.0,0.0,0.0,0.0,0.0,0.0,0.0,0.0,0.0,0.0,0.0,0.0,0.0,0.0,0.0,0.0,0.0,0.0,0.0,0.0,0.0,0.0,0.0,0.0,0.0,0.0,0.0,0.0,0.0,0.0,0.0,0.0,0.0,0.0,0.0,0.0,0.0,0.0,0.0,0.0,0.0,0.0,0.0,0.0,0.0,0.0,0.0,0.0,0.0,0.0,0.0,0.0,0.0,0.0,0.0,0.0,0.0,0.0,0.0,0.0,0.0,0.0,0.0,0.0,0.0,0.0,0.0,0.0,0.0,0.0,0.0,0.0,0.0,0.0,0.0,0.0,0.0,0.0,0.0,0.0,0.0,0.0,0.0,0.0,0.0,0.0,0.0,0.0,0.0,0.0,0.0,0.0,0.0,0.0,0.0,0.0,0.0,0.0,0.0,0.0,0.0,0.0,0.0,0.0,0.0,0.0,0.0,0.0,0.0,0.0,0.0,0.0,0.0,0.0,0.0,0.0,0.0,0.0,0.0,0.0,0.0,0.0,0.0,0.0,0.0,0.0,0.0,0.0,0.0,0.0,0.0,0.0,0.0,0.0,0.0,0.0,0.0,0.0,0.0,0.0,0.0,0.0,0.0,0.0,0.0,0.0,0.0,0.0,0.0,0.0,0.0,0.0,0.0,0.0,0.0,0.0,0.0,0.0,0.0,0.0,0.0,0.0,0.0,0.0,0.0,0.0,0.0,0.0,0.0,0.0,0.0,0.0,0.0,0.0
5353,0.0,0.0,0.0,0.0,0.0,0.0,0.0,0.0,0.0,0.0,0.0,0.0,0.0,0.0,0.0,0.0,0.0,0.0,0.0,0.0,0.0,0.0,0.0,0.0,0.0,0.0,0.0,0.0,0.0,0.0,0.0,0.0,0.0,0.0,0.0,0.0,0.0,0.0,0.0,0.0,0.0,0.0,0.0,0.0,0.0,0.0,0.0,0.0,0.0,0.0,0.0,0.0,0.0,0.0,0.0,0.0,0.0,0.0,0.0,0.0,0.0,0.0,0.0,0.0,0.0,0.0,0.0,0.0,0.0,0.0,0.0,0.0,0.0,0.0,0.0,0.0,0.0,0.0,0.0,0.0,0.0,0.0,0.0,0.0,0.0,0.0,0.0,0.0,0.0,0.0,0.0,0.0,0.0,0.0,0.0,0.0,0.0,0.0,0.0,0.0,0.0,0.0,0.0,0.0,0.0,0.0,0.0,0.0,0.0,0.0,0.0,0.0,0.0,0.0,0.0,0.0,0.0,0.0,0.0,0.0,0.0,0.0,0.0,0.0,0.0,0.0,0.0,0.0,0.0,0.0,0.0,0.0,0.0,0.0,0.0,0.0,0.0,0.0,0.0,0.0,0.0,0.0,0.0,0.0,0.0,0.0,0.0,0.0,0.0,0.0,0.0,0.0,0.0,0.0,0.0,0.0,0.0,0.0,0.0,0.0,0.0,0.0,0.0,0.0,0.0,0.0,0.0,0.0,0.0,0.0,0.0,0.0,0.0,0.0,0.0,0.0,0.0,0.0,0.0,0.0,0.0,0.0,0.0,0.0,0.0,0.0,0.0,0.0,0.0,0.0,0.0,0.0,0.0,0.0,0.0,0.0,0.0,0.0,0.0,0.0,0.0,0.0,0.0,0.0,0.0,0.0,0.0,0.0,0.0,0.0,0.0,0.0,0.0,0.0,0.0,0.0,0.0,0.0,0.0,0.0,0.0,0.0,0.0,0.0,0.0,0.0,0.0,0.0,0.0,0.0,0.0,0.0,0.0,0.0,0.0,0.0,0.0,0.0,0.0,0.0,0.0,0.0,0.0,0.0,0.0,0.0,0.0,0.0,0.0,0.0,0.0,0.0,0.0,0.0,0.0,0.0,0.0,0.0,0.0,0.0,0.0,0.0,0.0,0.0,0.0,0.0,0.0,0.0,0.0,0.0,0.0,0.0,0.0,0.0,0.0,0.0,0.0,0.0,0.0,0.0,0.0,0.0,0.0,0.0,0.0,0.0,0.0,0.0,0.0,0.0,0.0,0.0,0.0,0.0,0.0,0.0,0.0,0.0,0.0,0.0,0.0,0.0,0.0,0.0,0.0,0.0,0.0,0.0,0.0,0.0,0.0,0.0,0.0,0.0,0.0,0.0,0.0,0.0,0.0,0.0,0.0,0.0,0.0,0.0,0.0,0.0,0.0,0.0,0.0,0.0,0.0,0.0,0.0,0.0,0.0,0.0,0.0,0.0,0.0,0.0,0.0,0.0,0.0,0.0,0.0,0.0,0.0,0.0,0.0,0.0,0.0,0.0,0.0,0.0,0.0,0.0,0.0,0.0,0.0,0.0,0.0,0.0,0.0,0.0,0.0,0.0,0.0,0.0,0.0,0.0,0.0,0.0,0.0,0.0,0.0,0.0
5354,0.0,0.0,0.0,0.0,0.0,0.0,0.0,0.0,0.0,0.0,0.0,0.0,0.0,0.0,0.0,0.0,0.0,0.0,0.0,0.0,0.0,0.0,0.0,0.0,0.0,0.0,0.0,0.0,0.0,0.0,0.0,0.0,0.0,0.0,0.0,0.0,0.0,0.0,0.0,0.0,0.0,0.0,0.0,0.0,0.0,0.0,0.0,0.0,0.0,0.0,0.0,0.0,0.0,0.0,0.0,0.0,0.0,0.0,0.0,0.0,0.0,0.0,0.0,0.0,0.0,0.0,0.0,0.0,0.0,0.0,0.0,0.0,0.0,0.0,0.0,0.0,0.0,0.0,0.0,0.0,0.0,0.0,0.0,0.0,0.0,0.0,0.0,0.0,0.0,0.0,0.0,0.0,0.0,0.0,0.0,0.0,0.0,0.0,0.0,0.0,0.0,0.0,0.0,0.0,0.0,0.0,0.0,0.0,0.0,0.0,0.0,0.0,0.0,0.0,0.0,0.0,0.0,0.0,0.0,0.0,0.0,0.0,0.0,0.0,0.0,0.0,0.0,0.0,0.0,0.0,0.0,0.0,0.0,0.0,0.0,0.0,0.0,0.0,0.0,0.0,0.0,0.0,0.0,0.0,0.0,0.0,0.0,0.0,0.0,0.0,0.0,0.0,0.0,0.0,0.0,0.0,0.0,0.0,0.0,0.0,0.0,0.0,0.0,0.0,0.0,0.0,0.0,0.0,0.0,0.0,0.0,0.0,0.0,0.0,0.0,0.0,0.0,0.0,0.0,0.0,0.0,0.0,0.0,0.0,0.0,0.0,0.0,0.0,0.0,0.0,0.0,0.0,0.0,0.0,0.0,0.0,0.0,0.0,0.0,0.0,0.0,0.0,0.0,0.0,0.0,0.0,0.0,0.0,0.0,0.0,0.0,0.0,0.0,0.0,0.0,0.0,0.0,0.0,0.0,0.0,0.0,0.0,0.0,0.0,0.0,0.0,0.0,0.0,0.0,0.0,0.0,0.0,0.0,0.0,0.0,0.0,0.0,0.0,0.0,0.0,0.0,0.0,0.0,0.0,0.0,0.0,0.0,0.0,0.0,0.0,0.0,0.0,0.0,0.0,0.0,0.0,0.0,0.0,0.0,0.0,0.0,0.0,0.0,0.0,0.0,0.0,0.0,0.0,0.0,0.0,0.0,0.0,0.0,0.0,0.0,0.0,0.0,0.0,0.0,0.0,0.0,0.0,0.0,0.0,0.0,0.0,0.0,0.0,0.0,0.0,0.0,0.0,0.0,0.0,0.0,0.0,0.0,0.0,0.0,0.0,0.0,0.0,0.0,0.0,0.0,0.0,0.0,0.0,0.0,0.0,0.0,0.0,0.0,0.0,0.0,0.0,0.0,0.0,0.0,0.0,0.0,0.0,0.0,0.0,0.0,0.0,0.0,0.0,0.0,0.0,0.0,0.0,0.0,0.0,0.0,0.0,0.0,0.0,0.0,0.0,0.0,0.0,0.0,0.0,0.0,0.0,0.0,0.0,0.0,0.0,0.0,0.0,0.0,0.0,0.0,0.0,0.0,0.0,0.0,0.0,0.0,0.0,0.0,0.0,0.0,0.0,0.0,0.0,0.0,0.0,0.0,0.0,0.0,0.0,0.0,0.0
5355,0.0,0.0,0.0,0.0,0.0,0.0,0.0,0.0,0.0,0.0,0.0,0.0,0.0,0.0,0.0,0.0,0.0,0.0,0.0,0.0,0.0,0.0,0.0,0.0,0.0,0.0,0.0,0.0,0.0,0.0,0.0,0.0,0.0,0.0,0.0,0.0,0.0,0.0,0.0,0.0,0.0,0.0,0.0,0.0,0.0,0.0,0.0,0.0,0.0,0.0,0.0,0.0,0.0,0.0,0.0,0.0,0.0,0.0,0.0,0.0,0.0,0.0,0.0,0.0,0.0,0.0,0.0,0.0,0.0,0.0,0.0,0.0,0.0,0.0,0.0,0.0,0.0,0.0,0.0,0.0,0.0,0.0,0.0,0.0,0.0,0.0,0.0,0.0,0.0,0.0,0.0,0.0,0.0,0.0,0.0,0.0,0.0,0.0,0.0,0.0,0.0,0.0,0.0,0.0,0.0,0.0,0.0,0.0,0.0,0.0,0.0,0.0,0.0,0.0,0.0,0.0,0.0,0.0,0.0,0.0,0.0,0.0,0.0,0.0,0.0,0.0,0.0,0.0,0.0,0.0,0.0,0.0,0.0,0.0,0.0,0.0,0.0,0.0,0.0,0.0,0.0,0.0,0.0,0.0,0.0,0.0,0.0,0.0,0.0,0.0,0.0,0.0,0.0,0.0,0.0,0.0,0.0,0.0,0.0,0.0,0.0,0.0,0.0,0.0,0.0,0.0,0.0,0.0,0.0,0.0,0.0,0.0,0.0,0.0,0.0,0.0,0.0,0.0,0.0,0.0,0.0,0.0,0.0,0.0,0.0,0.0,0.0,0.0,0.0,0.0,0.0,0.0,0.0,0.0,0.0,0.0,0.0,0.0,0.0,0.0,0.0,0.0,0.0,0.0,0.0,0.0,0.0,0.0,0.0,0.0,0.0,0.0,0.0,0.0,0.0,0.0,0.0,0.0,0.0,0.0,0.0,0.0,0.0,0.0,0.0,0.0,0.0,0.0,0.0,0.0,0.0,0.0,0.0,0.0,0.0,0.0,0.0,0.0,0.0,0.0,0.0,0.0,0.0,0.0,0.0,0.0,0.0,0.0,0.0,0.0,0.0,0.0,0.0,0.0,0.0,0.0,0.0,0.0,0.0,0.0,0.0,0.0,0.0,0.0,0.0,0.0,0.0,0.0,0.0,0.0,0.0,0.0,0.0,0.0,0.0,0.0,0.0,0.0,0.0,0.0,0.0,0.0,0.0,0.0,0.0,0.0,0.0,0.0,0.0,0.0,0.0,0.0,0.0,0.0,0.0,0.0,0.0,0.0,0.0,0.0,0.0,0.0,0.0,0.0,0.0,0.0,0.0,0.0,0.0,0.0,0.0,0.0,0.0,0.0,0.0,0.0,0.0,0.0,0.0,0.0,0.0,0.0,0.0,0.0,0.0,0.0,0.0,0.0,0.0,0.0,0.0,0.0,0.0,0.0,0.0,0.0,0.0,0.0,0.0,0.0,0.0,0.0,0.0,0.0,0.0,0.0,0.0,0.0,0.0,0.0,0.0,0.0,0.0,0.0,0.0,0.0,0.0,0.0,0.0,0.0,0.0,0.0,0.0,0.0,0.0,0.0,0.0,0.0,0.0,0.0,0.0,0.0,0.0,0.0,0.0,0.0
5356,0.0,0.0,0.0,0.0,0.0,0.0,0.0,0.0,0.0,0.0,0.0,0.0,0.0,0.0,0.0,0.0,0.0,0.0,0.0,0.0,0.0,0.0,0.0,0.0,0.0,0.0,0.0,0.0,0.0,0.0,0.0,0.0,0.0,0.0,0.0,0.0,0.0,0.0,0.0,0.0,0.0,0.0,0.0,0.0,0.0,0.0,0.0,0.0,0.0,0.0,0.0,0.0,0.0,0.0,0.0,0.0,0.0,0.0,0.0,0.0,0.0,0.0,0.0,0.0,0.0,0.0,0.0,0.0,0.0,0.0,0.0,0.0,0.0,0.0,0.0,0.0,0.0,0.0,0.0,0.0,0.0,0.0,0.0,0.0,0.0,0.0,0.0,0.0,0.0,0.0,0.0,0.0,0.0,0.0,0.0,0.0,0.0,0.0,0.0,0.0,0.0,0.0,0.0,0.0,0.0,0.0,0.0,0.0,0.0,0.0,0.0,0.0,0.0,0.0,0.0,0.0,0.0,0.0,0.0,0.0,0.0,0.0,0.0,0.0,0.0,0.0,0.0,0.0,0.0,0.0,0.0,0.0,0.0,0.0,0.0,0.0,0.0,0.0,0.0,0.0,0.0,0.0,0.0,0.0,0.0,0.0,0.0,0.0,0.0,0.0,0.0,0.0,0.0,0.0,0.0,0.0,0.0,0.0,0.0,0.0,0.0,0.0,0.0,0.0,0.0,0.0,0.0,0.0,0.0,0.0,0.0,0.0,0.0,0.0,0.0,0.0,0.0,0.0,0.0,0.0,0.0,0.0,0.0,0.0,0.0,0.0,0.0,0.0,0.0,0.0,0.0,0.0,0.0,0.0,0.0,0.0,0.0,0.0,0.0,0.0,0.0,0.0,0.0,0.0,0.0,0.0,0.0,0.0,0.0,0.0,0.0,0.0,0.0,0.0,0.0,0.0,0.0,0.0,0.0,0.0,0.0,0.0,0.0,0.0,0.0,0.0,0.0,0.0,0.0,0.0,0.0,0.0,0.0,0.0,0.0,0.0,0.0,0.0,0.0,0.0,0.0,0.0,0.0,0.0,0.0,0.0,0.0,0.0,0.0,0.0,0.0,0.0,0.0,0.0,0.0,0.0,0.0,0.0,0.0,0.0,0.0,0.0,0.0,0.0,0.0,0.0,0.0,0.0,0.0,0.0,0.0,0.0,0.0,0.0,0.0,0.0,0.0,0.0,0.0,0.0,0.0,0.0,0.0,0.0,0.0,0.0,0.0,0.0,0.0,0.0,0.0,0.0,0.0,0.0,0.0,0.0,0.0,0.0,0.0,0.0,0.0,0.0,0.0,0.0,0.0,0.0,0.0,0.0,0.0,0.0,0.0,0.0,0.0,0.0,0.0,0.0,0.0,0.0,0.0,0.0,0.0,0.0,0.0,0.0,0.0,0.0,0.0,0.0,0.0,0.0,0.0,0.0,0.0,0.0,0.0,0.0,0.0,0.0,0.0,0.0,0.0,0.0,0.0,0.0,0.0,0.0,0.0,0.0,0.0,0.0,0.0,0.0,0.0,0.0,0.0,0.0,0.0,0.0,0.0,0.0,0.0,0.0,0.0,0.0,0.0,0.0,0.0,0.0,0.0,0.0,0.0,0.0,0.0,0.0,0.0,0.0
5357,0.0,0.0,0.0,0.0,0.0,0.0,0.0,0.0,0.0,0.0,0.0,0.0,0.0,0.0,0.0,0.0,0.0,0.0,0.0,0.0,0.0,0.0,0.0,0.0,0.0,0.0,0.0,0.0,0.0,0.0,0.0,0.0,0.0,0.0,0.0,0.0,0.0,0.0,0.0,0.0,0.0,0.0,0.0,0.0,0.0,0.0,0.0,0.0,0.0,0.0,0.0,0.0,0.0,0.0,0.0,0.0,0.0,0.0,0.0,0.0,0.0,0.0,0.0,0.0,0.0,0.0,0.0,0.0,0.0,0.0,0.0,0.0,0.0,0.0,0.0,0.0,0.0,0.0,0.0,0.0,0.0,0.0,0.0,0.0,0.0,0.0,0.0,0.0,0.0,0.0,0.0,0.0,0.0,0.0,0.0,0.0,0.0,0.0,0.0,0.0,0.0,0.0,0.0,0.0,0.0,0.0,0.0,0.0,0.0,0.0,0.0,0.0,0.0,0.0,0.0,0.0,0.0,0.0,0.0,0.0,0.0,0.0,0.0,0.0,0.0,0.0,0.0,0.0,0.0,0.0,0.0,0.0,0.0,0.0,0.0,0.0,0.0,0.0,0.0,0.0,0.0,0.0,0.0,0.0,0.0,0.0,0.0,0.0,0.0,0.0,0.0,0.0,0.0,0.0,0.0,0.0,0.0,0.0,0.0,0.0,0.0,0.0,0.0,0.0,0.0,0.0,0.0,0.0,0.0,0.0,0.0,0.0,0.0,0.0,0.0,0.0,0.0,0.0,0.0,0.0,0.0,0.0,0.0,0.0,0.0,0.0,0.0,0.0,0.0,0.0,0.0,0.0,0.0,0.0,0.0,0.0,0.0,0.0,0.0,0.0,0.0,0.0,0.0,0.0,0.0,0.0,0.0,0.0,0.0,0.0,0.0,0.0,0.0,0.0,0.0,0.0,0.0,0.0,0.0,0.0,0.0,0.0,0.0,0.0,0.0,0.0,0.0,0.0,0.0,0.0,0.0,0.0,0.0,0.0,0.0,0.0,0.0,0.0,0.0,0.0,0.0,0.0,0.0,0.0,0.0,0.0,0.0,0.0,0.0,0.0,0.0,0.0,0.0,0.0,0.0,0.0,0.0,0.0,0.0,0.0,0.0,0.0,0.0,0.0,0.0,0.0,0.0,0.0,0.0,0.0,0.0,0.0,0.0,0.0,0.0,0.0,0.0,0.0,0.0,0.0,0.0,0.0,0.0,0.0,0.0,0.0,0.0,0.0,0.0,0.0,0.0,0.0,0.0,0.0,0.0,0.0,0.0,0.0,0.0,0.0,0.0,0.0,0.0,0.0,0.0,0.0,0.0,0.0,0.0,0.0,0.0,0.0,0.0,0.0,0.0,0.0,0.0,0.0,0.0,0.0,0.0,0.0,0.0,0.0,0.0,0.0,0.0,0.0,0.0,0.0,0.0,0.0,0.0,0.0,0.0,0.0,0.0,0.0,0.0,0.0,0.0,0.0,0.0,0.0,0.0,0.0,0.0,0.0,0.0,0.0,0.0,0.0,0.0,0.0,0.0,0.0,0.0,0.0,0.0,0.0,0.0,0.0,0.0,0.0,0.0,0.0,0.0,0.0,0.0,0.0,0.0,0.0,0.0,0.0,0.0,0.0
5358,0.0,0.0,0.0,0.0,0.0,0.0,0.0,0.0,0.0,0.0,0.0,0.0,0.0,0.0,0.0,0.0,0.0,0.0,0.0,0.0,0.0,0.0,0.0,0.0,0.0,0.0,0.0,0.0,0.0,0.0,0.0,0.0,0.0,0.0,0.0,0.0,0.0,0.0,0.0,0.0,0.0,0.0,0.0,0.0,0.0,0.0,0.0,0.0,0.0,0.0,0.0,0.0,0.0,0.0,0.0,0.0,0.0,0.0,0.0,0.0,0.0,0.0,0.0,0.0,0.0,0.0,0.0,0.0,0.0,0.0,0.0,0.0,0.0,0.0,0.0,0.0,0.0,0.0,0.0,0.0,0.0,0.0,0.0,0.0,0.0,0.0,0.0,0.0,0.0,0.0,0.0,0.0,0.0,0.0,0.0,0.0,0.0,0.0,0.0,0.0,0.0,0.0,0.0,0.0,0.0,0.0,0.0,0.0,0.0,0.0,0.0,0.0,0.0,0.0,0.0,0.0,0.0,0.0,0.0,0.0,0.0,0.0,0.0,0.0,0.0,0.0,0.0,0.0,0.0,0.0,0.0,0.0,0.0,0.0,0.0,0.0,0.0,0.0,0.0,0.0,0.0,0.0,0.0,0.0,0.0,0.0,0.0,0.0,0.0,0.0,0.0,0.0,0.0,0.0,0.0,0.0,0.0,0.0,0.0,0.0,0.0,0.0,0.0,0.0,0.0,0.0,0.0,0.0,0.0,0.0,0.0,0.0,0.0,0.0,0.0,0.0,0.0,0.0,0.0,0.0,0.0,0.0,0.0,0.0,0.0,0.0,0.0,0.0,0.0,0.0,0.0,0.0,0.0,0.0,0.0,0.0,0.0,0.0,0.0,0.0,0.0,0.0,0.0,0.0,0.0,0.0,0.0,0.0,0.0,0.0,0.0,0.0,0.0,0.0,0.0,0.0,0.0,0.0,0.0,0.0,0.0,0.0,0.0,0.0,0.0,0.0,0.0,0.0,0.0,0.0,0.0,0.0,0.0,0.0,0.0,0.0,0.0,0.0,0.0,0.0,0.0,0.0,0.0,0.0,0.0,0.0,0.0,0.0,0.0,0.0,0.0,0.0,0.0,0.0,0.0,0.0,0.0,0.0,0.0,0.0,0.0,0.0,0.0,0.0,0.0,0.0,0.0,0.0,0.0,0.0,0.0,0.0,0.0,0.0,0.0,0.0,0.0,0.0,0.0,0.0,0.0,0.0,0.0,0.0,0.0,0.0,0.0,0.0,0.0,0.0,0.0,0.0,0.0,0.0,0.0,0.0,0.0,0.0,0.0,0.0,0.0,0.0,0.0,0.0,0.0,0.0,0.0,0.0,0.0,0.0,0.0,0.0,0.0,0.0,0.0,0.0,0.0,0.0,0.0,0.0,0.0,0.0,0.0,0.0,0.0,0.0,0.0,0.0,0.0,0.0,0.0,0.0,0.0,0.0,0.0,0.0,0.0,0.0,0.0,0.0,0.0,0.0,0.0,0.0,0.0,0.0,0.0,0.0,0.0,0.0,0.0,0.0,0.0,0.0,0.0,0.0,0.0,0.0,0.0,0.0,0.0,0.0,0.0,0.0,0.0,0.0,0.0,0.0,0.0,0.0,0.0,0.0,0.0,0.0,0.0,0.0
5359,0.0,0.0,0.0,0.0,0.0,0.0,0.0,0.0,0.0,0.0,0.0,0.0,0.0,0.0,0.0,0.0,0.0,0.0,0.0,0.0,0.0,0.0,0.0,0.0,0.0,0.0,0.0,0.0,0.0,0.0,0.0,0.0,0.0,0.0,0.0,0.0,0.0,0.0,0.0,0.0,0.0,0.0,0.0,0.0,0.0,0.0,0.0,0.0,0.0,0.0,0.0,0.0,0.0,0.0,0.0,0.0,0.0,0.0,0.0,0.0,0.0,0.0,0.0,0.0,0.0,0.0,0.0,0.0,0.0,0.0,0.0,0.0,0.0,0.0,0.0,0.0,0.0,0.0,0.0,0.0,0.0,0.0,0.0,0.0,0.0,0.0,0.0,0.0,0.0,0.0,0.0,0.0,0.0,0.0,0.0,0.0,0.0,0.0,0.0,0.0,0.0,0.0,0.0,0.0,0.0,0.0,0.0,0.0,0.0,0.0,0.0,0.0,0.0,0.0,0.0,0.0,0.0,0.0,0.0,0.0,0.0,0.0,0.0,0.0,0.0,0.0,0.0,0.0,0.0,0.0,0.0,0.0,0.0,0.0,0.0,0.0,0.0,0.0,0.0,0.0,0.0,0.0,0.0,0.0,0.0,0.0,0.0,0.0,0.0,0.0,0.0,0.0,0.0,0.0,0.0,0.0,0.0,0.0,0.0,0.0,0.0,0.0,0.0,0.0,0.0,0.0,0.0,0.0,0.0,0.0,0.0,0.0,0.0,0.0,0.0,0.0,0.0,0.0,0.0,0.0,0.0,0.0,0.0,0.0,0.0,0.0,0.0,0.0,0.0,0.0,0.0,0.0,0.0,0.0,0.0,0.0,0.0,0.0,0.0,0.0,0.0,0.0,0.0,0.0,0.0,0.0,0.0,0.0,0.0,0.0,0.0,0.0,0.0,0.0,0.0,0.0,0.0,0.0,0.0,0.0,0.0,0.0,0.0,0.0,0.0,0.0,0.0,0.0,0.0,0.0,0.0,0.0,0.0,0.0,0.0,0.0,0.0,0.0,0.0,0.0,0.0,0.0,0.0,0.0,0.0,0.0,0.0,0.0,0.0,0.0,0.0,0.0,0.0,0.0,0.0,0.0,0.0,0.0,0.0,0.0,0.0,0.0,0.0,0.0,0.0,0.0,0.0,0.0,0.0,0.0,0.0,0.0,0.0,0.0,0.0,0.0,0.0,0.0,0.0,0.0,0.0,0.0,0.0,0.0,0.0,0.0,0.0,0.0,0.0,0.0,0.0,0.0,0.0,0.0,0.0,0.0,0.0,0.0,0.0,0.0,0.0,0.0,0.0,0.0,0.0,0.0,0.0,0.0,0.0,0.0,0.0,0.0,0.0,0.0,0.0,0.0,0.0,0.0,0.0,0.0,0.0,0.0,0.0,0.0,0.0,0.0,0.0,0.0,0.0,0.0,0.0,0.0,0.0,0.0,0.0,0.0,0.0,0.0,0.0,0.0,0.0,0.0,0.0,0.0,0.0,0.0,0.0,0.0,0.0,0.0,0.0,0.0,0.0,0.0,0.0,0.0,0.0,0.0,0.0,0.0,0.0,0.0,0.0,0.0,0.0,0.0,0.0,0.0,0.0,0.0,0.0,0.0,0.0,0.0,0.0,0.0
5360,0.0,0.0,0.0,0.0,0.0,0.0,0.0,0.0,0.0,0.0,0.0,0.0,0.0,0.0,0.0,0.0,0.0,0.0,0.0,0.0,0.0,0.0,0.0,0.0,0.0,0.0,0.0,0.0,0.0,0.0,0.0,0.0,0.0,0.0,0.0,0.0,0.0,0.0,0.0,0.0,0.0,0.0,0.0,0.0,0.0,0.0,0.0,0.0,0.0,0.0,0.0,0.0,0.0,0.0,0.0,0.0,0.0,0.0,0.0,0.0,0.0,0.0,0.0,0.0,0.0,0.0,0.0,0.0,0.0,0.0,0.0,0.0,0.0,0.0,0.0,0.0,0.0,0.0,0.0,0.0,0.0,0.0,0.0,0.0,0.0,0.0,0.0,0.0,0.0,0.0,0.0,0.0,0.0,0.0,0.0,0.0,0.0,0.0,0.0,0.0,0.0,0.0,0.0,0.0,0.0,0.0,0.0,0.0,0.0,0.0,0.0,0.0,0.0,0.0,0.0,0.0,0.0,0.0,0.0,0.0,0.0,0.0,0.0,0.0,0.0,0.0,0.0,0.0,0.0,0.0,0.0,0.0,0.0,0.0,0.0,0.0,0.0,0.0,0.0,0.0,0.0,0.0,0.0,0.0,0.0,0.0,0.0,0.0,0.0,0.0,0.0,0.0,0.0,0.0,0.0,0.0,0.0,0.0,0.0,0.0,0.0,0.0,0.0,0.0,0.0,0.0,0.0,0.0,0.0,0.0,0.0,0.0,0.0,0.0,0.0,0.0,0.0,0.0,0.0,0.0,0.0,0.0,0.0,0.0,0.0,0.0,0.0,0.0,0.0,0.0,0.0,0.0,0.0,0.0,0.0,0.0,0.0,0.0,0.0,0.0,0.0,0.0,0.0,0.0,0.0,0.0,0.0,0.0,0.0,0.0,0.0,0.0,0.0,0.0,0.0,0.0,0.0,0.0,0.0,0.0,0.0,0.0,0.0,0.0,0.0,0.0,0.0,0.0,0.0,0.0,0.0,0.0,0.0,0.0,0.0,0.0,0.0,0.0,0.0,0.0,0.0,0.0,0.0,0.0,0.0,0.0,0.0,0.0,0.0,0.0,0.0,0.0,0.0,0.0,0.0,0.0,0.0,0.0,0.0,0.0,0.0,0.0,0.0,0.0,0.0,0.0,0.0,0.0,0.0,0.0,0.0,0.0,0.0,0.0,0.0,0.0,0.0,0.0,0.0,0.0,0.0,0.0,0.0,0.0,0.0,0.0,0.0,0.0,0.0,0.0,0.0,0.0,0.0,0.0,0.0,0.0,0.0,0.0,0.0,0.0,0.0,0.0,0.0,0.0,0.0,0.0,0.0,0.0,0.0,0.0,0.0,0.0,0.0,0.0,0.0,0.0,0.0,0.0,0.0,0.0,0.0,0.0,0.0,0.0,0.0,0.0,0.0,0.0,0.0,0.0,0.0,0.0,0.0,0.0,0.0,0.0,0.0,0.0,0.0,0.0,0.0,0.0,0.0,0.0,0.0,0.0,0.0,0.0,0.0,0.0,0.0,0.0,0.0,0.0,0.0,0.0,0.0,0.0,0.0,0.0,0.0,0.0,0.0,0.0,0.0,0.0,0.0,0.0,0.0,0.0,0.0,0.0,0.0,0.0,0.0,0.0
5361,0.0,0.0,0.0,0.0,0.0,0.0,0.0,0.0,0.0,0.0,0.0,0.0,0.0,0.0,0.0,0.0,0.0,0.0,0.0,0.0,0.0,0.0,0.0,0.0,0.0,0.0,0.0,0.0,0.0,0.0,0.0,0.0,0.0,0.0,0.0,0.0,0.0,0.0,0.0,0.0,0.0,0.0,0.0,0.0,0.0,0.0,0.0,0.0,0.0,0.0,0.0,0.0,0.0,0.0,0.0,0.0,0.0,0.0,0.0,0.0,0.0,0.0,0.0,0.0,0.0,0.0,0.0,0.0,0.0,0.0,0.0,0.0,0.0,0.0,0.0,0.0,0.0,0.0,0.0,0.0,0.0,0.0,0.0,0.0,0.0,0.0,0.0,0.0,0.0,0.0,0.0,0.0,0.0,0.0,0.0,0.0,0.0,0.0,0.0,0.0,0.0,0.0,0.0,0.0,0.0,0.0,0.0,0.0,0.0,0.0,0.0,0.0,0.0,0.0,0.0,0.0,0.0,0.0,0.0,0.0,0.0,0.0,0.0,0.0,0.0,0.0,0.0,0.0,0.0,0.0,0.0,0.0,0.0,0.0,0.0,0.0,0.0,0.0,0.0,0.0,0.0,0.0,0.0,0.0,0.0,0.0,0.0,0.0,0.0,0.0,0.0,0.0,0.0,0.0,0.0,0.0,0.0,0.0,0.0,0.0,0.0,0.0,0.0,0.0,0.0,0.0,0.0,0.0,0.0,0.0,0.0,0.0,0.0,0.0,0.0,0.0,0.0,0.0,0.0,0.0,0.0,0.0,0.0,0.0,0.0,0.0,0.0,0.0,0.0,0.0,0.0,0.0,0.0,0.0,0.0,0.0,0.0,0.0,0.0,0.0,0.0,0.0,0.0,0.0,0.0,0.0,0.0,0.0,0.0,0.0,0.0,0.0,0.0,0.0,0.0,0.0,0.0,0.0,0.0,0.0,0.0,0.0,0.0,0.0,0.0,0.0,0.0,0.0,0.0,0.0,0.0,0.0,0.0,0.0,0.0,0.0,0.0,0.0,0.0,0.0,0.0,0.0,0.0,0.0,0.0,0.0,0.0,0.0,0.0,0.0,0.0,0.0,0.0,0.0,0.0,0.0,0.0,0.0,0.0,0.0,0.0,0.0,0.0,0.0,0.0,0.0,0.0,0.0,0.0,0.0,0.0,0.0,0.0,0.0,0.0,0.0,0.0,0.0,0.0,0.0,0.0,0.0,0.0,0.0,0.0,0.0,0.0,0.0,0.0,0.0,0.0,0.0,0.0,0.0,0.0,0.0,0.0,0.0,0.0,0.0,0.0,0.0,0.0,0.0,0.0,0.0,0.0,0.0,0.0,0.0,0.0,0.0,0.0,0.0,0.0,0.0,0.0,0.0,0.0,0.0,0.0,0.0,0.0,0.0,0.0,0.0,0.0,0.0,0.0,0.0,0.0,0.0,0.0,0.0,0.0,0.0,0.0,0.0,0.0,0.0,0.0,0.0,0.0,0.0,0.0,0.0,0.0,0.0,0.0,0.0,0.0,0.0,0.0,0.0,0.0,0.0,0.0,0.0,0.0,0.0,0.0,0.0,0.0,0.0,0.0,0.0,0.0,0.0,0.0,0.0,0.0,0.0,0.0,0.0,0.0,0.0
5362,0.0,0.0,0.0,0.0,0.0,0.0,0.0,0.0,0.0,0.0,0.0,0.0,0.0,0.0,0.0,0.0,0.0,0.0,0.0,0.0,0.0,0.0,0.0,0.0,0.0,0.0,0.0,0.0,0.0,0.0,0.0,0.0,0.0,0.0,0.0,0.0,0.0,0.0,0.0,0.0,0.0,0.0,0.0,0.0,0.0,0.0,0.0,0.0,0.0,0.0,0.0,0.0,0.0,0.0,0.0,0.0,0.0,0.0,0.0,0.0,0.0,0.0,0.0,0.0,0.0,0.0,0.0,0.0,0.0,0.0,0.0,0.0,0.0,0.0,0.0,0.0,0.0,0.0,0.0,0.0,0.0,0.0,0.0,0.0,0.0,0.0,0.0,0.0,0.0,0.0,0.0,0.0,0.0,0.0,0.0,0.0,0.0,0.0,0.0,0.0,0.0,0.0,0.0,0.0,0.0,0.0,0.0,0.0,0.0,0.0,0.0,0.0,0.0,0.0,0.0,0.0,0.0,0.0,0.0,0.0,0.0,0.0,0.0,0.0,0.0,0.0,0.0,0.0,0.0,0.0,0.0,0.0,0.0,0.0,0.0,0.0,0.0,0.0,0.0,0.0,0.0,0.0,0.0,0.0,0.0,0.0,0.0,0.0,0.0,0.0,0.0,0.0,0.0,0.0,0.0,0.0,0.0,0.0,0.0,0.0,0.0,0.0,0.0,0.0,0.0,0.0,0.0,0.0,0.0,0.0,0.0,0.0,0.0,0.0,0.0,0.0,0.0,0.0,0.0,0.0,0.0,0.0,0.0,0.0,0.0,0.0,0.0,0.0,0.0,0.0,0.0,0.0,0.0,0.0,0.0,0.0,0.0,0.0,0.0,0.0,0.0,0.0,0.0,0.0,0.0,0.0,0.0,0.0,0.0,0.0,0.0,0.0,0.0,0.0,0.0,0.0,0.0,0.0,0.0,0.0,0.0,0.0,0.0,0.0,0.0,0.0,0.0,0.0,0.0,0.0,0.0,0.0,0.0,0.0,0.0,0.0,0.0,0.0,0.0,0.0,0.0,0.0,0.0,0.0,0.0,0.0,0.0,0.0,0.0,0.0,0.0,0.0,0.0,0.0,0.0,0.0,0.0,0.0,0.0,0.0,0.0,0.0,0.0,0.0,0.0,0.0,0.0,0.0,0.0,0.0,0.0,0.0,0.0,0.0,0.0,0.0,0.0,0.0,0.0,0.0,0.0,0.0,0.0,0.0,0.0,0.0,0.0,0.0,0.0,0.0,0.0,0.0,0.0,0.0,0.0,0.0,0.0,0.0,0.0,0.0,0.0,0.0,0.0,0.0,0.0,0.0,0.0,0.0,0.0,0.0,0.0,0.0,0.0,0.0,0.0,0.0,0.0,0.0,0.0,0.0,0.0,0.0,0.0,0.0,0.0,0.0,0.0,0.0,0.0,0.0,0.0,0.0,0.0,0.0,0.0,0.0,0.0,0.0,0.0,0.0,0.0,0.0,0.0,0.0,0.0,0.0,0.0,0.0,0.0,0.0,0.0,0.0,0.0,0.0,0.0,0.0,0.0,0.0,0.0,0.0,0.0,0.0,0.0,0.0,0.0,0.0,0.0,0.0,0.0,0.0,0.0,0.0,0.0,0.0,0.0,0.0
5363,0.0,0.0,0.0,0.0,0.0,0.0,0.0,0.0,0.0,0.0,0.0,0.0,0.0,0.0,0.0,0.0,0.0,0.0,0.0,0.0,0.0,0.0,0.0,0.0,0.0,0.0,0.0,0.0,0.0,0.0,0.0,0.0,0.0,0.0,0.0,0.0,0.0,0.0,0.0,0.0,0.0,0.0,0.0,0.0,0.0,0.0,0.0,0.0,0.0,0.0,0.0,0.0,0.0,0.0,0.0,0.0,0.0,0.0,0.0,0.0,0.0,0.0,0.0,0.0,0.0,0.0,0.0,0.0,0.0,0.0,0.0,0.0,0.0,0.0,0.0,0.0,0.0,0.0,0.0,0.0,0.0,0.0,0.0,0.0,0.0,0.0,0.0,0.0,0.0,0.0,0.0,0.0,0.0,0.0,0.0,0.0,0.0,0.0,0.0,0.0,0.0,0.0,0.0,0.0,0.0,0.0,0.0,0.0,0.0,0.0,0.0,0.0,0.0,0.0,0.0,0.0,0.0,0.0,0.0,0.0,0.0,0.0,0.0,0.0,0.0,0.0,0.0,0.0,0.0,0.0,0.0,0.0,0.0,0.0,0.0,0.0,0.0,0.0,0.0,0.0,0.0,0.0,0.0,0.0,0.0,0.0,0.0,0.0,0.0,0.0,0.0,0.0,0.0,0.0,0.0,0.0,0.0,0.0,0.0,0.0,0.0,0.0,0.0,0.0,0.0,0.0,0.0,0.0,0.0,0.0,0.0,0.0,0.0,0.0,0.0,0.0,0.0,0.0,0.0,0.0,0.0,0.0,0.0,0.0,0.0,0.0,0.0,0.0,0.0,0.0,0.0,0.0,0.0,0.0,0.0,0.0,0.0,0.0,0.0,0.0,0.0,0.0,0.0,0.0,0.0,0.0,0.0,0.0,0.0,0.0,0.0,0.0,0.0,0.0,0.0,0.0,0.0,0.0,0.0,0.0,0.0,0.0,0.0,0.0,0.0,0.0,0.0,0.0,0.0,0.0,0.0,0.0,0.0,0.0,0.0,0.0,0.0,0.0,0.0,0.0,0.0,0.0,0.0,0.0,0.0,0.0,0.0,0.0,0.0,0.0,0.0,0.0,0.0,0.0,0.0,0.0,0.0,0.0,0.0,0.0,0.0,0.0,0.0,0.0,0.0,0.0,0.0,0.0,0.0,0.0,0.0,0.0,0.0,0.0,0.0,0.0,0.0,0.0,0.0,0.0,0.0,0.0,0.0,0.0,0.0,0.0,0.0,0.0,0.0,0.0,0.0,0.0,0.0,0.0,0.0,0.0,0.0,0.0,0.0,0.0,0.0,0.0,0.0,0.0,0.0,0.0,0.0,0.0,0.0,0.0,0.0,0.0,0.0,0.0,0.0,0.0,0.0,0.0,0.0,0.0,0.0,0.0,0.0,0.0,0.0,0.0,0.0,0.0,0.0,0.0,0.0,0.0,0.0,0.0,0.0,0.0,0.0,0.0,0.0,0.0,0.0,0.0,0.0,0.0,0.0,0.0,0.0,0.0,0.0,0.0,0.0,0.0,0.0,0.0,0.0,0.0,0.0,0.0,0.0,0.0,0.0,0.0,0.0,0.0,0.0,0.0,0.0,0.0,0.0,0.0,0.0,0.0,0.0,0.0,0.0,0.0
5364,0.0,0.0,0.0,0.0,0.0,0.0,0.0,0.0,0.0,0.0,0.0,0.0,0.0,0.0,0.0,0.0,0.0,0.0,0.0,0.0,0.0,0.0,0.0,0.0,0.0,0.0,0.0,0.0,0.0,0.0,0.0,0.0,0.0,0.0,0.0,0.0,0.0,0.0,0.0,0.0,0.0,0.0,0.0,0.0,0.0,0.0,0.0,0.0,0.0,0.0,0.0,0.0,0.0,0.0,0.0,0.0,0.0,0.0,0.0,0.0,0.0,0.0,0.0,0.0,0.0,0.0,0.0,0.0,0.0,0.0,0.0,0.0,0.0,0.0,0.0,0.0,0.0,0.0,0.0,0.0,0.0,0.0,0.0,0.0,0.0,0.0,0.0,0.0,0.0,0.0,0.0,0.0,0.0,0.0,0.0,0.0,0.0,0.0,0.0,0.0,0.0,0.0,0.0,0.0,0.0,0.0,0.0,0.0,0.0,0.0,0.0,0.0,0.0,0.0,0.0,0.0,0.0,0.0,0.0,0.0,0.0,0.0,0.0,0.0,0.0,0.0,0.0,0.0,0.0,0.0,0.0,0.0,0.0,0.0,0.0,0.0,0.0,0.0,0.0,0.0,0.0,0.0,0.0,0.0,0.0,0.0,0.0,0.0,0.0,0.0,0.0,0.0,0.0,0.0,0.0,0.0,0.0,0.0,0.0,0.0,0.0,0.0,0.0,0.0,0.0,0.0,0.0,0.0,0.0,0.0,0.0,0.0,0.0,0.0,0.0,0.0,0.0,0.0,0.0,0.0,0.0,0.0,0.0,0.0,0.0,0.0,0.0,0.0,0.0,0.0,0.0,0.0,0.0,0.0,0.0,0.0,0.0,0.0,0.0,0.0,0.0,0.0,0.0,0.0,0.0,0.0,0.0,0.0,0.0,0.0,0.0,0.0,0.0,0.0,0.0,0.0,0.0,0.0,0.0,0.0,0.0,0.0,0.0,0.0,0.0,0.0,0.0,0.0,0.0,0.0,0.0,0.0,0.0,0.0,0.0,0.0,0.0,0.0,0.0,0.0,0.0,0.0,0.0,0.0,0.0,0.0,0.0,0.0,0.0,0.0,0.0,0.0,0.0,0.0,0.0,0.0,0.0,0.0,0.0,0.0,0.0,0.0,0.0,0.0,0.0,0.0,0.0,0.0,0.0,0.0,0.0,0.0,0.0,0.0,0.0,0.0,0.0,0.0,0.0,0.0,0.0,0.0,0.0,0.0,0.0,0.0,0.0,0.0,0.0,0.0,0.0,0.0,0.0,0.0,0.0,0.0,0.0,0.0,0.0,0.0,0.0,0.0,0.0,0.0,0.0,0.0,0.0,0.0,0.0,0.0,0.0,0.0,0.0,0.0,0.0,0.0,0.0,0.0,0.0,0.0,0.0,0.0,0.0,0.0,0.0,0.0,0.0,0.0,0.0,0.0,0.0,0.0,0.0,0.0,0.0,0.0,0.0,0.0,0.0,0.0,0.0,0.0,0.0,0.0,0.0,0.0,0.0,0.0,0.0,0.0,0.0,0.0,0.0,0.0,0.0,0.0,0.0,0.0,0.0,0.0,0.0,0.0,0.0,0.0,0.0,0.0,0.0,0.0,0.0,0.0,0.0,0.0,0.0,0.0,0.0,0.0
5365,0.0,0.0,0.0,0.0,0.0,0.0,0.0,0.0,0.0,0.0,0.0,0.0,0.0,0.0,0.0,0.0,0.0,0.0,0.0,0.0,0.0,0.0,0.0,0.0,0.0,0.0,0.0,0.0,0.0,0.0,0.0,0.0,0.0,0.0,0.0,0.0,0.0,0.0,0.0,0.0,0.0,0.0,0.0,0.0,0.0,0.0,0.0,0.0,0.0,0.0,0.0,0.0,0.0,0.0,0.0,0.0,0.0,0.0,0.0,0.0,0.0,0.0,0.0,0.0,0.0,0.0,0.0,0.0,0.0,0.0,0.0,0.0,0.0,0.0,0.0,0.0,0.0,0.0,0.0,0.0,0.0,0.0,0.0,0.0,0.0,0.0,0.0,0.0,0.0,0.0,0.0,0.0,0.0,0.0,0.0,0.0,0.0,0.0,0.0,0.0,0.0,0.0,0.0,0.0,0.0,0.0,0.0,0.0,0.0,0.0,0.0,0.0,0.0,0.0,0.0,0.0,0.0,0.0,0.0,0.0,0.0,0.0,0.0,0.0,0.0,0.0,0.0,0.0,0.0,0.0,0.0,0.0,0.0,0.0,0.0,0.0,0.0,0.0,0.0,0.0,0.0,0.0,0.0,0.0,0.0,0.0,0.0,0.0,0.0,0.0,0.0,0.0,0.0,0.0,0.0,0.0,0.0,0.0,0.0,0.0,0.0,0.0,0.0,0.0,0.0,0.0,0.0,0.0,0.0,0.0,0.0,0.0,0.0,0.0,0.0,0.0,0.0,0.0,0.0,0.0,0.0,0.0,0.0,0.0,0.0,0.0,0.0,0.0,0.0,0.0,0.0,0.0,0.0,0.0,0.0,0.0,0.0,0.0,0.0,0.0,0.0,0.0,0.0,0.0,0.0,0.0,0.0,0.0,0.0,0.0,0.0,0.0,0.0,0.0,0.0,0.0,0.0,0.0,0.0,0.0,0.0,0.0,0.0,0.0,0.0,0.0,0.0,0.0,0.0,0.0,0.0,0.0,0.0,0.0,0.0,0.0,0.0,0.0,0.0,0.0,0.0,0.0,0.0,0.0,0.0,0.0,0.0,0.0,0.0,0.0,0.0,0.0,0.0,0.0,0.0,0.0,0.0,0.0,0.0,0.0,0.0,0.0,0.0,0.0,0.0,0.0,0.0,0.0,0.0,0.0,0.0,0.0,0.0,0.0,0.0,0.0,0.0,0.0,0.0,0.0,0.0,0.0,0.0,0.0,0.0,0.0,0.0,0.0,0.0,0.0,0.0,0.0,0.0,0.0,0.0,0.0,0.0,0.0,0.0,0.0,0.0,0.0,0.0,0.0,0.0,0.0,0.0,0.0,0.0,0.0,0.0,0.0,0.0,0.0,0.0,0.0,0.0,0.0,0.0,0.0,0.0,0.0,0.0,0.0,0.0,0.0,0.0,0.0,0.0,0.0,0.0,0.0,0.0,0.0,0.0,0.0,0.0,0.0,0.0,0.0,0.0,0.0,0.0,0.0,0.0,0.0,0.0,0.0,0.0,0.0,0.0,0.0,0.0,0.0,0.0,0.0,0.0,0.0,0.0,0.0,0.0,0.0,0.0,0.0,0.0,0.0,0.0,0.0,0.0,0.0,0.0,0.0,0.0,0.0,0.0,0.0
5366,0.0,0.0,0.0,0.0,0.0,0.0,0.0,0.0,0.0,0.0,0.0,0.0,0.0,0.0,0.0,0.0,0.0,0.0,0.0,0.0,0.0,0.0,0.0,0.0,0.0,0.0,0.0,0.0,0.0,0.0,0.0,0.0,0.0,0.0,0.0,0.0,0.0,0.0,0.0,0.0,0.0,0.0,0.0,0.0,0.0,0.0,0.0,0.0,0.0,0.0,0.0,0.0,0.0,0.0,0.0,0.0,0.0,0.0,0.0,0.0,0.0,0.0,0.0,0.0,0.0,0.0,0.0,0.0,0.0,0.0,0.0,0.0,0.0,0.0,0.0,0.0,0.0,0.0,0.0,0.0,0.0,0.0,0.0,0.0,0.0,0.0,0.0,0.0,0.0,0.0,0.0,0.0,0.0,0.0,0.0,0.0,0.0,0.0,0.0,0.0,0.0,0.0,0.0,0.0,0.0,0.0,0.0,0.0,0.0,0.0,0.0,0.0,0.0,0.0,0.0,0.0,0.0,0.0,0.0,0.0,0.0,0.0,0.0,0.0,0.0,0.0,0.0,0.0,0.0,0.0,0.0,0.0,0.0,0.0,0.0,0.0,0.0,0.0,0.0,0.0,0.0,0.0,0.0,0.0,0.0,0.0,0.0,0.0,0.0,0.0,0.0,0.0,0.0,0.0,0.0,0.0,0.0,0.0,0.0,0.0,0.0,0.0,0.0,0.0,0.0,0.0,0.0,0.0,0.0,0.0,0.0,0.0,0.0,0.0,0.0,0.0,0.0,0.0,0.0,0.0,0.0,0.0,0.0,0.0,0.0,0.0,0.0,0.0,0.0,0.0,0.0,0.0,0.0,0.0,0.0,0.0,0.0,0.0,0.0,0.0,0.0,0.0,0.0,0.0,0.0,0.0,0.0,0.0,0.0,0.0,0.0,0.0,0.0,0.0,0.0,0.0,0.0,0.0,0.0,0.0,0.0,0.0,0.0,0.0,0.0,0.0,0.0,0.0,0.0,0.0,0.0,0.0,0.0,0.0,0.0,0.0,0.0,0.0,0.0,0.0,0.0,0.0,0.0,0.0,0.0,0.0,0.0,0.0,0.0,0.0,0.0,0.0,0.0,0.0,0.0,0.0,0.0,0.0,0.0,0.0,0.0,0.0,0.0,0.0,0.0,0.0,0.0,0.0,0.0,0.0,0.0,0.0,0.0,0.0,0.0,0.0,0.0,0.0,0.0,0.0,0.0,0.0,0.0,0.0,0.0,0.0,0.0,0.0,0.0,0.0,0.0,0.0,0.0,0.0,0.0,0.0,0.0,0.0,0.0,0.0,0.0,0.0,0.0,0.0,0.0,0.0,0.0,0.0,0.0,0.0,0.0,0.0,0.0,0.0,0.0,0.0,0.0,0.0,0.0,0.0,0.0,0.0,0.0,0.0,0.0,0.0,0.0,0.0,0.0,0.0,0.0,0.0,0.0,0.0,0.0,0.0,0.0,0.0,0.0,0.0,0.0,0.0,0.0,0.0,0.0,0.0,0.0,0.0,0.0,0.0,0.0,0.0,0.0,0.0,0.0,0.0,0.0,0.0,0.0,0.0,0.0,0.0,0.0,0.0,0.0,0.0,0.0,0.0,0.0,0.0,0.0,0.0,0.0,0.0,0.0,0.0
5367,0.0,0.0,0.0,0.0,0.0,0.0,0.0,0.0,0.0,0.0,0.0,0.0,0.0,0.0,0.0,0.0,0.0,0.0,0.0,0.0,0.0,0.0,0.0,0.0,0.0,0.0,0.0,0.0,0.0,0.0,0.0,0.0,0.0,0.0,0.0,0.0,0.0,0.0,0.0,0.0,0.0,0.0,0.0,0.0,0.0,0.0,0.0,0.0,0.0,0.0,0.0,0.0,0.0,0.0,0.0,0.0,0.0,0.0,0.0,0.0,0.0,0.0,0.0,0.0,0.0,0.0,0.0,0.0,0.0,0.0,0.0,0.0,0.0,0.0,0.0,0.0,0.0,0.0,0.0,0.0,0.0,0.0,0.0,0.0,0.0,0.0,0.0,0.0,0.0,0.0,0.0,0.0,0.0,0.0,0.0,0.0,0.0,0.0,0.0,0.0,0.0,0.0,0.0,0.0,0.0,0.0,0.0,0.0,0.0,0.0,0.0,0.0,0.0,0.0,0.0,0.0,0.0,0.0,0.0,0.0,0.0,0.0,0.0,0.0,0.0,0.0,0.0,0.0,0.0,0.0,0.0,0.0,0.0,0.0,0.0,0.0,0.0,0.0,0.0,0.0,0.0,0.0,0.0,0.0,0.0,0.0,0.0,0.0,0.0,0.0,0.0,0.0,0.0,0.0,0.0,0.0,0.0,0.0,0.0,0.0,0.0,0.0,0.0,0.0,0.0,0.0,0.0,0.0,0.0,0.0,0.0,0.0,0.0,0.0,0.0,0.0,0.0,0.0,0.0,0.0,0.0,0.0,0.0,0.0,0.0,0.0,0.0,0.0,0.0,0.0,0.0,0.0,0.0,0.0,0.0,0.0,0.0,0.0,0.0,0.0,0.0,0.0,0.0,0.0,0.0,0.0,0.0,0.0,0.0,0.0,0.0,0.0,0.0,0.0,0.0,0.0,0.0,0.0,0.0,0.0,0.0,0.0,0.0,0.0,0.0,0.0,0.0,0.0,0.0,0.0,0.0,0.0,0.0,0.0,0.0,0.0,0.0,0.0,0.0,0.0,0.0,0.0,0.0,0.0,0.0,0.0,0.0,0.0,0.0,0.0,0.0,0.0,0.0,0.0,0.0,0.0,0.0,0.0,0.0,0.0,0.0,0.0,0.0,0.0,0.0,0.0,0.0,0.0,0.0,0.0,0.0,0.0,0.0,0.0,0.0,0.0,0.0,0.0,0.0,0.0,0.0,0.0,0.0,0.0,0.0,0.0,0.0,0.0,0.0,0.0,0.0,0.0,0.0,0.0,0.0,0.0,0.0,0.0,0.0,0.0,0.0,0.0,0.0,0.0,0.0,0.0,0.0,0.0,0.0,0.0,0.0,0.0,0.0,0.0,0.0,0.0,0.0,0.0,0.0,0.0,0.0,0.0,0.0,0.0,0.0,0.0,0.0,0.0,0.0,0.0,0.0,0.0,0.0,0.0,0.0,0.0,0.0,0.0,0.0,0.0,0.0,0.0,0.0,0.0,0.0,0.0,0.0,0.0,0.0,0.0,0.0,0.0,0.0,0.0,0.0,0.0,0.0,0.0,0.0,0.0,0.0,0.0,0.0,0.0,0.0,0.0,0.0,0.0,0.0,0.0,0.0,0.0,0.0,0.0,0.0,0.0
5368,0.0,0.0,0.0,0.0,0.0,0.0,0.0,0.0,0.0,0.0,0.0,0.0,0.0,0.0,0.0,0.0,0.0,0.0,0.0,0.0,0.0,0.0,0.0,0.0,0.0,0.0,0.0,0.0,0.0,0.0,0.0,0.0,0.0,0.0,0.0,0.0,0.0,0.0,0.0,0.0,0.0,0.0,0.0,0.0,0.0,0.0,0.0,0.0,0.0,0.0,0.0,0.0,0.0,0.0,0.0,0.0,0.0,0.0,0.0,0.0,0.0,0.0,0.0,0.0,0.0,0.0,0.0,0.0,0.0,0.0,0.0,0.0,0.0,0.0,0.0,0.0,0.0,0.0,0.0,0.0,0.0,0.0,0.0,0.0,0.0,0.0,0.0,0.0,0.0,0.0,0.0,0.0,0.0,0.0,0.0,0.0,0.0,0.0,0.0,0.0,0.0,0.0,0.0,0.0,0.0,0.0,0.0,0.0,0.0,0.0,0.0,0.0,0.0,0.0,0.0,0.0,0.0,0.0,0.0,0.0,0.0,0.0,0.0,0.0,0.0,0.0,0.0,0.0,0.0,0.0,0.0,0.0,0.0,0.0,0.0,0.0,0.0,0.0,0.0,0.0,0.0,0.0,0.0,0.0,0.0,0.0,0.0,0.0,0.0,0.0,0.0,0.0,0.0,0.0,0.0,0.0,0.0,0.0,0.0,0.0,0.0,0.0,0.0,0.0,0.0,0.0,0.0,0.0,0.0,0.0,0.0,0.0,0.0,0.0,0.0,0.0,0.0,0.0,0.0,0.0,0.0,0.0,0.0,0.0,0.0,0.0,0.0,0.0,0.0,0.0,0.0,0.0,0.0,0.0,0.0,0.0,0.0,0.0,0.0,0.0,0.0,0.0,0.0,0.0,0.0,0.0,0.0,0.0,0.0,0.0,0.0,0.0,0.0,0.0,0.0,0.0,0.0,0.0,0.0,0.0,0.0,0.0,0.0,0.0,0.0,0.0,0.0,0.0,0.0,0.0,0.0,0.0,0.0,0.0,0.0,0.0,0.0,0.0,0.0,0.0,0.0,0.0,0.0,0.0,0.0,0.0,0.0,0.0,0.0,0.0,0.0,0.0,0.0,0.0,0.0,0.0,0.0,0.0,0.0,0.0,0.0,0.0,0.0,0.0,0.0,0.0,0.0,0.0,0.0,0.0,0.0,0.0,0.0,0.0,0.0,0.0,0.0,0.0,0.0,0.0,0.0,0.0,0.0,0.0,0.0,0.0,0.0,0.0,0.0,0.0,0.0,0.0,0.0,0.0,0.0,0.0,0.0,0.0,0.0,0.0,0.0,0.0,0.0,0.0,0.0,0.0,0.0,0.0,0.0,0.0,0.0,0.0,0.0,0.0,0.0,0.0,0.0,0.0,0.0,0.0,0.0,0.0,0.0,0.0,0.0,0.0,0.0,0.0,0.0,0.0,0.0,0.0,0.0,0.0,0.0,0.0,0.0,0.0,0.0,0.0,0.0,0.0,0.0,0.0,0.0,0.0,0.0,0.0,0.0,0.0,0.0,0.0,0.0,0.0,0.0,0.0,0.0,0.0,0.0,0.0,0.0,0.0,0.0,0.0,0.0,0.0,0.0,0.0,0.0,0.0,0.0,0.0,0.0,0.0,0.0,0.0
5369,0.0,0.0,0.0,0.0,0.0,0.0,0.0,0.0,0.0,0.0,0.0,0.0,0.0,0.0,0.0,0.0,0.0,0.0,0.0,0.0,0.0,0.0,0.0,0.0,0.0,0.0,0.0,0.0,0.0,0.0,0.0,0.0,0.0,0.0,0.0,0.0,0.0,0.0,0.0,0.0,0.0,0.0,0.0,0.0,0.0,0.0,0.0,0.0,0.0,0.0,0.0,0.0,0.0,0.0,0.0,0.0,0.0,0.0,0.0,0.0,0.0,0.0,0.0,0.0,0.0,0.0,0.0,0.0,0.0,0.0,0.0,0.0,0.0,0.0,0.0,0.0,0.0,0.0,0.0,0.0,0.0,0.0,0.0,0.0,0.0,0.0,0.0,0.0,0.0,0.0,0.0,0.0,0.0,0.0,0.0,0.0,0.0,0.0,0.0,0.0,0.0,0.0,0.0,0.0,0.0,0.0,0.0,0.0,0.0,0.0,0.0,0.0,0.0,0.0,0.0,0.0,0.0,0.0,0.0,0.0,0.0,0.0,0.0,0.0,0.0,0.0,0.0,0.0,0.0,0.0,0.0,0.0,0.0,0.0,0.0,0.0,0.0,0.0,0.0,0.0,0.0,0.0,0.0,0.0,0.0,0.0,0.0,0.0,0.0,0.0,0.0,0.0,0.0,0.0,0.0,0.0,0.0,0.0,0.0,0.0,0.0,0.0,0.0,0.0,0.0,0.0,0.0,0.0,0.0,0.0,0.0,0.0,0.0,0.0,0.0,0.0,0.0,0.0,0.0,0.0,0.0,0.0,0.0,0.0,0.0,0.0,0.0,0.0,0.0,0.0,0.0,0.0,0.0,0.0,0.0,0.0,0.0,0.0,0.0,0.0,0.0,0.0,0.0,0.0,0.0,0.0,0.0,0.0,0.0,0.0,0.0,0.0,0.0,0.0,0.0,0.0,0.0,0.0,0.0,0.0,0.0,0.0,0.0,0.0,0.0,0.0,0.0,0.0,0.0,0.0,0.0,0.0,0.0,0.0,0.0,0.0,0.0,0.0,0.0,0.0,0.0,0.0,0.0,0.0,0.0,0.0,0.0,0.0,0.0,0.0,0.0,0.0,0.0,0.0,0.0,0.0,0.0,0.0,0.0,0.0,0.0,0.0,0.0,0.0,0.0,0.0,0.0,0.0,0.0,0.0,0.0,0.0,0.0,0.0,0.0,0.0,0.0,0.0,0.0,0.0,0.0,0.0,0.0,0.0,0.0,0.0,0.0,0.0,0.0,0.0,0.0,0.0,0.0,0.0,0.0,0.0,0.0,0.0,0.0,0.0,0.0,0.0,0.0,0.0,0.0,0.0,0.0,0.0,0.0,0.0,0.0,0.0,0.0,0.0,0.0,0.0,0.0,0.0,0.0,0.0,0.0,0.0,0.0,0.0,0.0,0.0,0.0,0.0,0.0,0.0,0.0,0.0,0.0,0.0,0.0,0.0,0.0,0.0,0.0,0.0,0.0,0.0,0.0,0.0,0.0,0.0,0.0,0.0,0.0,0.0,0.0,0.0,0.0,0.0,0.0,0.0,0.0,0.0,0.0,0.0,0.0,0.0,0.0,0.0,0.0,0.0,0.0,0.0,0.0,0.0,0.0,0.0,0.0,0.0,0.0,0.0
5370,0.0,0.0,0.0,0.0,0.0,0.0,0.0,0.0,0.0,0.0,0.0,0.0,0.0,0.0,0.0,0.0,0.0,0.0,0.0,0.0,0.0,0.0,0.0,0.0,0.0,0.0,0.0,0.0,0.0,0.0,0.0,0.0,0.0,0.0,0.0,0.0,0.0,0.0,0.0,0.0,0.0,0.0,0.0,0.0,0.0,0.0,0.0,0.0,0.0,0.0,0.0,0.0,0.0,0.0,0.0,0.0,0.0,0.0,0.0,0.0,0.0,0.0,0.0,0.0,0.0,0.0,0.0,0.0,0.0,0.0,0.0,0.0,0.0,0.0,0.0,0.0,0.0,0.0,0.0,0.0,0.0,0.0,0.0,0.0,0.0,0.0,0.0,0.0,0.0,0.0,0.0,0.0,0.0,0.0,0.0,0.0,0.0,0.0,0.0,0.0,0.0,0.0,0.0,0.0,0.0,0.0,0.0,0.0,0.0,0.0,0.0,0.0,0.0,0.0,0.0,0.0,0.0,0.0,0.0,0.0,0.0,0.0,0.0,0.0,0.0,0.0,0.0,0.0,0.0,0.0,0.0,0.0,0.0,0.0,0.0,0.0,0.0,0.0,0.0,0.0,0.0,0.0,0.0,0.0,0.0,0.0,0.0,0.0,0.0,0.0,0.0,0.0,0.0,0.0,0.0,0.0,0.0,0.0,0.0,0.0,0.0,0.0,0.0,0.0,0.0,0.0,0.0,0.0,0.0,0.0,0.0,0.0,0.0,0.0,0.0,0.0,0.0,0.0,0.0,0.0,0.0,0.0,0.0,0.0,0.0,0.0,0.0,0.0,0.0,0.0,0.0,0.0,0.0,0.0,0.0,0.0,0.0,0.0,0.0,0.0,0.0,0.0,0.0,0.0,0.0,0.0,0.0,0.0,0.0,0.0,0.0,0.0,0.0,0.0,0.0,0.0,0.0,0.0,0.0,0.0,0.0,0.0,0.0,0.0,0.0,0.0,0.0,0.0,0.0,0.0,0.0,0.0,0.0,0.0,0.0,0.0,0.0,0.0,0.0,0.0,0.0,0.0,0.0,0.0,0.0,0.0,0.0,0.0,0.0,0.0,0.0,0.0,0.0,0.0,0.0,0.0,0.0,0.0,0.0,0.0,0.0,0.0,0.0,0.0,0.0,0.0,0.0,0.0,0.0,0.0,0.0,0.0,0.0,0.0,0.0,0.0,0.0,0.0,0.0,0.0,0.0,0.0,0.0,0.0,0.0,0.0,0.0,0.0,0.0,0.0,0.0,0.0,0.0,0.0,0.0,0.0,0.0,0.0,0.0,0.0,0.0,0.0,0.0,0.0,0.0,0.0,0.0,0.0,0.0,0.0,0.0,0.0,0.0,0.0,0.0,0.0,0.0,0.0,0.0,0.0,0.0,0.0,0.0,0.0,0.0,0.0,0.0,0.0,0.0,0.0,0.0,0.0,0.0,0.0,0.0,0.0,0.0,0.0,0.0,0.0,0.0,0.0,0.0,0.0,0.0,0.0,0.0,0.0,0.0,0.0,0.0,0.0,0.0,0.0,0.0,0.0,0.0,0.0,0.0,0.0,0.0,0.0,0.0,0.0,0.0,0.0,0.0,0.0,0.0,0.0,0.0,0.0,0.0,0.0,0.0,0.0
5371,0.0,0.0,0.0,0.0,0.0,0.0,0.0,0.0,0.0,0.0,0.0,0.0,0.0,0.0,0.0,0.0,0.0,0.0,0.0,0.0,0.0,0.0,0.0,0.0,0.0,0.0,0.0,0.0,0.0,0.0,0.0,0.0,0.0,0.0,0.0,0.0,0.0,0.0,0.0,0.0,0.0,0.0,0.0,0.0,0.0,0.0,0.0,0.0,0.0,0.0,0.0,0.0,0.0,0.0,0.0,0.0,0.0,0.0,0.0,0.0,0.0,0.0,0.0,0.0,0.0,0.0,0.0,0.0,0.0,0.0,0.0,0.0,0.0,0.0,0.0,0.0,0.0,0.0,0.0,0.0,0.0,0.0,0.0,0.0,0.0,0.0,0.0,0.0,0.0,0.0,0.0,0.0,0.0,0.0,0.0,0.0,0.0,0.0,0.0,0.0,0.0,0.0,0.0,0.0,0.0,0.0,0.0,0.0,0.0,0.0,0.0,0.0,0.0,0.0,0.0,0.0,0.0,0.0,0.0,0.0,0.0,0.0,0.0,0.0,0.0,0.0,0.0,0.0,0.0,0.0,0.0,0.0,0.0,0.0,0.0,0.0,0.0,0.0,0.0,0.0,0.0,0.0,0.0,0.0,0.0,0.0,0.0,0.0,0.0,0.0,0.0,0.0,0.0,0.0,0.0,0.0,0.0,0.0,0.0,0.0,0.0,0.0,0.0,0.0,0.0,0.0,0.0,0.0,0.0,0.0,0.0,0.0,0.0,0.0,0.0,0.0,0.0,0.0,0.0,0.0,0.0,0.0,0.0,0.0,0.0,0.0,0.0,0.0,0.0,0.0,0.0,0.0,0.0,0.0,0.0,0.0,0.0,0.0,0.0,0.0,0.0,0.0,0.0,0.0,0.0,0.0,0.0,0.0,0.0,0.0,0.0,0.0,0.0,0.0,0.0,0.0,0.0,0.0,0.0,0.0,0.0,0.0,0.0,0.0,0.0,0.0,0.0,0.0,0.0,0.0,0.0,0.0,0.0,0.0,0.0,0.0,0.0,0.0,0.0,0.0,0.0,0.0,0.0,0.0,0.0,0.0,0.0,0.0,0.0,0.0,0.0,0.0,0.0,0.0,0.0,0.0,0.0,0.0,0.0,0.0,0.0,0.0,0.0,0.0,0.0,0.0,0.0,0.0,0.0,0.0,0.0,0.0,0.0,0.0,0.0,0.0,0.0,0.0,0.0,0.0,0.0,0.0,0.0,0.0,0.0,0.0,0.0,0.0,0.0,0.0,0.0,0.0,0.0,0.0,0.0,0.0,0.0,0.0,0.0,0.0,0.0,0.0,0.0,0.0,0.0,0.0,0.0,0.0,0.0,0.0,0.0,0.0,0.0,0.0,0.0,0.0,0.0,0.0,0.0,0.0,0.0,0.0,0.0,0.0,0.0,0.0,0.0,0.0,0.0,0.0,0.0,0.0,0.0,0.0,0.0,0.0,0.0,0.0,0.0,0.0,0.0,0.0,0.0,0.0,0.0,0.0,0.0,0.0,0.0,0.0,0.0,0.0,0.0,0.0,0.0,0.0,0.0,0.0,0.0,0.0,0.0,0.0,0.0,0.0,0.0,0.0,0.0,0.0,0.0,0.0,0.0,0.0,0.0,0.0,0.0,0.0
5372,0.0,0.0,0.0,0.0,0.0,0.0,0.0,0.0,0.0,0.0,0.0,0.0,0.0,0.0,0.0,0.0,0.0,0.0,0.0,0.0,0.0,0.0,0.0,0.0,0.0,0.0,0.0,0.0,0.0,0.0,0.0,0.0,0.0,0.0,0.0,0.0,0.0,0.0,0.0,0.0,0.0,0.0,0.0,0.0,0.0,0.0,0.0,0.0,0.0,0.0,0.0,0.0,0.0,0.0,0.0,0.0,0.0,0.0,0.0,0.0,0.0,0.0,0.0,0.0,0.0,0.0,0.0,0.0,0.0,0.0,0.0,0.0,0.0,0.0,0.0,0.0,0.0,0.0,0.0,0.0,0.0,0.0,0.0,0.0,0.0,0.0,0.0,0.0,0.0,0.0,0.0,0.0,0.0,0.0,0.0,0.0,0.0,0.0,0.0,0.0,0.0,0.0,0.0,0.0,0.0,0.0,0.0,0.0,0.0,0.0,0.0,0.0,0.0,0.0,0.0,0.0,0.0,0.0,0.0,0.0,0.0,0.0,0.0,0.0,0.0,0.0,0.0,0.0,0.0,0.0,0.0,0.0,0.0,0.0,0.0,0.0,0.0,0.0,0.0,0.0,0.0,0.0,0.0,0.0,0.0,0.0,0.0,0.0,0.0,0.0,0.0,0.0,0.0,0.0,0.0,0.0,0.0,0.0,0.0,0.0,0.0,0.0,0.0,0.0,0.0,0.0,0.0,0.0,0.0,0.0,0.0,0.0,0.0,0.0,0.0,0.0,0.0,0.0,0.0,0.0,0.0,0.0,0.0,0.0,0.0,0.0,0.0,0.0,0.0,0.0,0.0,0.0,0.0,0.0,0.0,0.0,0.0,0.0,0.0,0.0,0.0,0.0,0.0,0.0,0.0,0.0,0.0,0.0,0.0,0.0,0.0,0.0,0.0,0.0,0.0,0.0,0.0,0.0,0.0,0.0,0.0,0.0,0.0,0.0,0.0,0.0,0.0,0.0,0.0,0.0,0.0,0.0,0.0,0.0,0.0,0.0,0.0,0.0,0.0,0.0,0.0,0.0,0.0,0.0,0.0,0.0,0.0,0.0,0.0,0.0,0.0,0.0,0.0,0.0,0.0,0.0,0.0,0.0,0.0,0.0,0.0,0.0,0.0,0.0,0.0,0.0,0.0,0.0,0.0,0.0,0.0,0.0,0.0,0.0,0.0,0.0,0.0,0.0,0.0,0.0,0.0,0.0,0.0,0.0,0.0,0.0,0.0,0.0,0.0,0.0,0.0,0.0,0.0,0.0,0.0,0.0,0.0,0.0,0.0,0.0,0.0,0.0,0.0,0.0,0.0,0.0,0.0,0.0,0.0,0.0,0.0,0.0,0.0,0.0,0.0,0.0,0.0,0.0,0.0,0.0,0.0,0.0,0.0,0.0,0.0,0.0,0.0,0.0,0.0,0.0,0.0,0.0,0.0,0.0,0.0,0.0,0.0,0.0,0.0,0.0,0.0,0.0,0.0,0.0,0.0,0.0,0.0,0.0,0.0,0.0,0.0,0.0,0.0,0.0,0.0,0.0,0.0,0.0,0.0,0.0,0.0,0.0,0.0,0.0,0.0,0.0,0.0,0.0,0.0,0.0,0.0,0.0,0.0,0.0,0.0,0.0
5373,0.0,0.0,0.0,0.0,0.0,0.0,0.0,0.0,0.0,0.0,0.0,0.0,0.0,0.0,0.0,0.0,0.0,0.0,0.0,0.0,0.0,0.0,0.0,0.0,0.0,0.0,0.0,0.0,0.0,0.0,0.0,0.0,0.0,0.0,0.0,0.0,0.0,0.0,0.0,0.0,0.0,0.0,0.0,0.0,0.0,0.0,0.0,0.0,0.0,0.0,0.0,0.0,0.0,0.0,0.0,0.0,0.0,0.0,0.0,0.0,0.0,0.0,0.0,0.0,0.0,0.0,0.0,0.0,0.0,0.0,0.0,0.0,0.0,0.0,0.0,0.0,0.0,0.0,0.0,0.0,0.0,0.0,0.0,0.0,0.0,0.0,0.0,0.0,0.0,0.0,0.0,0.0,0.0,0.0,0.0,0.0,0.0,0.0,0.0,0.0,0.0,0.0,0.0,0.0,0.0,0.0,0.0,0.0,0.0,0.0,0.0,0.0,0.0,0.0,0.0,0.0,0.0,0.0,0.0,0.0,0.0,0.0,0.0,0.0,0.0,0.0,0.0,0.0,0.0,0.0,0.0,0.0,0.0,0.0,0.0,0.0,0.0,0.0,0.0,0.0,0.0,0.0,0.0,0.0,0.0,0.0,0.0,0.0,0.0,0.0,0.0,0.0,0.0,0.0,0.0,0.0,0.0,0.0,0.0,0.0,0.0,0.0,0.0,0.0,0.0,0.0,0.0,0.0,0.0,0.0,0.0,0.0,0.0,0.0,0.0,0.0,0.0,0.0,0.0,0.0,0.0,0.0,0.0,0.0,0.0,0.0,0.0,0.0,0.0,0.0,0.0,0.0,0.0,0.0,0.0,0.0,0.0,0.0,0.0,0.0,0.0,0.0,0.0,0.0,0.0,0.0,0.0,0.0,0.0,0.0,0.0,0.0,0.0,0.0,0.0,0.0,0.0,0.0,0.0,0.0,0.0,0.0,0.0,0.0,0.0,0.0,0.0,0.0,0.0,0.0,0.0,0.0,0.0,0.0,0.0,0.0,0.0,0.0,0.0,0.0,0.0,0.0,0.0,0.0,0.0,0.0,0.0,0.0,0.0,0.0,0.0,0.0,0.0,0.0,0.0,0.0,0.0,0.0,0.0,0.0,0.0,0.0,0.0,0.0,0.0,0.0,0.0,0.0,0.0,0.0,0.0,0.0,0.0,0.0,0.0,0.0,0.0,0.0,0.0,0.0,0.0,0.0,0.0,0.0,0.0,0.0,0.0,0.0,0.0,0.0,0.0,0.0,0.0,0.0,0.0,0.0,0.0,0.0,0.0,0.0,0.0,0.0,0.0,0.0,0.0,0.0,0.0,0.0,0.0,0.0,0.0,0.0,0.0,0.0,0.0,0.0,0.0,0.0,0.0,0.0,0.0,0.0,0.0,0.0,0.0,0.0,0.0,0.0,0.0,0.0,0.0,0.0,0.0,0.0,0.0,0.0,0.0,0.0,0.0,0.0,0.0,0.0,0.0,0.0,0.0,0.0,0.0,0.0,0.0,0.0,0.0,0.0,0.0,0.0,0.0,0.0,0.0,0.0,0.0,0.0,0.0,0.0,0.0,0.0,0.0,0.0,0.0,0.0,0.0,0.0,0.0,0.0,0.0,0.0,0.0,0.0
5374,0.0,0.0,0.0,0.0,0.0,0.0,0.0,0.0,0.0,0.0,0.0,0.0,0.0,0.0,0.0,0.0,0.0,0.0,0.0,0.0,0.0,0.0,0.0,0.0,0.0,0.0,0.0,0.0,0.0,0.0,0.0,0.0,0.0,0.0,0.0,0.0,0.0,0.0,0.0,0.0,0.0,0.0,0.0,0.0,0.0,0.0,0.0,0.0,0.0,0.0,0.0,0.0,0.0,0.0,0.0,0.0,0.0,0.0,0.0,0.0,0.0,0.0,0.0,0.0,0.0,0.0,0.0,0.0,0.0,0.0,0.0,0.0,0.0,0.0,0.0,0.0,0.0,0.0,0.0,0.0,0.0,0.0,0.0,0.0,0.0,0.0,0.0,0.0,0.0,0.0,0.0,0.0,0.0,0.0,0.0,0.0,0.0,0.0,0.0,0.0,0.0,0.0,0.0,0.0,0.0,0.0,0.0,0.0,0.0,0.0,0.0,0.0,0.0,0.0,0.0,0.0,0.0,0.0,0.0,0.0,0.0,0.0,0.0,0.0,0.0,0.0,0.0,0.0,0.0,0.0,0.0,0.0,0.0,0.0,0.0,0.0,0.0,0.0,0.0,0.0,0.0,0.0,0.0,0.0,0.0,0.0,0.0,0.0,0.0,0.0,0.0,0.0,0.0,0.0,0.0,0.0,0.0,0.0,0.0,0.0,0.0,0.0,0.0,0.0,0.0,0.0,0.0,0.0,0.0,0.0,0.0,0.0,0.0,0.0,0.0,0.0,0.0,0.0,0.0,0.0,0.0,0.0,0.0,0.0,0.0,0.0,0.0,0.0,0.0,0.0,0.0,0.0,0.0,0.0,0.0,0.0,0.0,0.0,0.0,0.0,0.0,0.0,0.0,0.0,0.0,0.0,0.0,0.0,0.0,0.0,0.0,0.0,0.0,0.0,0.0,0.0,0.0,0.0,0.0,0.0,0.0,0.0,0.0,0.0,0.0,0.0,0.0,0.0,0.0,0.0,0.0,0.0,0.0,0.0,0.0,0.0,0.0,0.0,0.0,0.0,0.0,0.0,0.0,0.0,0.0,0.0,0.0,0.0,0.0,0.0,0.0,0.0,0.0,0.0,0.0,0.0,0.0,0.0,0.0,0.0,0.0,0.0,0.0,0.0,0.0,0.0,0.0,0.0,0.0,0.0,0.0,0.0,0.0,0.0,0.0,0.0,0.0,0.0,0.0,0.0,0.0,0.0,0.0,0.0,0.0,0.0,0.0,0.0,0.0,0.0,0.0,0.0,0.0,0.0,0.0,0.0,0.0,0.0,0.0,0.0,0.0,0.0,0.0,0.0,0.0,0.0,0.0,0.0,0.0,0.0,0.0,0.0,0.0,0.0,0.0,0.0,0.0,0.0,0.0,0.0,0.0,0.0,0.0,0.0,0.0,0.0,0.0,0.0,0.0,0.0,0.0,0.0,0.0,0.0,0.0,0.0,0.0,0.0,0.0,0.0,0.0,0.0,0.0,0.0,0.0,0.0,0.0,0.0,0.0,0.0,0.0,0.0,0.0,0.0,0.0,0.0,0.0,0.0,0.0,0.0,0.0,0.0,0.0,0.0,0.0,0.0,0.0,0.0,0.0,0.0,0.0,0.0,0.0,0.0,0.0,0.0
5375,0.0,0.0,0.0,0.0,0.0,0.0,0.0,0.0,0.0,0.0,0.0,0.0,0.0,0.0,0.0,0.0,0.0,0.0,0.0,0.0,0.0,0.0,0.0,0.0,0.0,0.0,0.0,0.0,0.0,0.0,0.0,0.0,0.0,0.0,0.0,0.0,0.0,0.0,0.0,0.0,0.0,0.0,0.0,0.0,0.0,0.0,0.0,0.0,0.0,0.0,0.0,0.0,0.0,0.0,0.0,0.0,0.0,0.0,0.0,0.0,0.0,0.0,0.0,0.0,0.0,0.0,0.0,0.0,0.0,0.0,0.0,0.0,0.0,0.0,0.0,0.0,0.0,0.0,0.0,0.0,0.0,0.0,0.0,0.0,0.0,0.0,0.0,0.0,0.0,0.0,0.0,0.0,0.0,0.0,0.0,0.0,0.0,0.0,0.0,0.0,0.0,0.0,0.0,0.0,0.0,0.0,0.0,0.0,0.0,0.0,0.0,0.0,0.0,0.0,0.0,0.0,0.0,0.0,0.0,0.0,0.0,0.0,0.0,0.0,0.0,0.0,0.0,0.0,0.0,0.0,0.0,0.0,0.0,0.0,0.0,0.0,0.0,0.0,0.0,0.0,0.0,0.0,0.0,0.0,0.0,0.0,0.0,0.0,0.0,0.0,0.0,0.0,0.0,0.0,0.0,0.0,0.0,0.0,0.0,0.0,0.0,0.0,0.0,0.0,0.0,0.0,0.0,0.0,0.0,0.0,0.0,0.0,0.0,0.0,0.0,0.0,0.0,0.0,0.0,0.0,0.0,0.0,0.0,0.0,0.0,0.0,0.0,0.0,0.0,0.0,0.0,0.0,0.0,0.0,0.0,0.0,0.0,0.0,0.0,0.0,0.0,0.0,0.0,0.0,0.0,0.0,0.0,0.0,0.0,0.0,0.0,0.0,0.0,0.0,0.0,0.0,0.0,0.0,0.0,0.0,0.0,0.0,0.0,0.0,0.0,0.0,0.0,0.0,0.0,0.0,0.0,0.0,0.0,0.0,0.0,0.0,0.0,0.0,0.0,0.0,0.0,0.0,0.0,0.0,0.0,0.0,0.0,0.0,0.0,0.0,0.0,0.0,0.0,0.0,0.0,0.0,0.0,0.0,0.0,0.0,0.0,0.0,0.0,0.0,0.0,0.0,0.0,0.0,0.0,0.0,0.0,0.0,0.0,0.0,0.0,0.0,0.0,0.0,0.0,0.0,0.0,0.0,0.0,0.0,0.0,0.0,0.0,0.0,0.0,0.0,0.0,0.0,0.0,0.0,0.0,0.0,0.0,0.0,0.0,0.0,0.0,0.0,0.0,0.0,0.0,0.0,0.0,0.0,0.0,0.0,0.0,0.0,0.0,0.0,0.0,0.0,0.0,0.0,0.0,0.0,0.0,0.0,0.0,0.0,0.0,0.0,0.0,0.0,0.0,0.0,0.0,0.0,0.0,0.0,0.0,0.0,0.0,0.0,0.0,0.0,0.0,0.0,0.0,0.0,0.0,0.0,0.0,0.0,0.0,0.0,0.0,0.0,0.0,0.0,0.0,0.0,0.0,0.0,0.0,0.0,0.0,0.0,0.0,0.0,0.0,0.0,0.0,0.0,0.0,0.0,0.0,0.0,0.0,0.0,0.0,0.0
5376,0.0,0.0,0.0,0.0,0.0,0.0,0.0,0.0,0.0,0.0,0.0,0.0,0.0,0.0,0.0,0.0,0.0,0.0,0.0,0.0,0.0,0.0,0.0,0.0,0.0,0.0,0.0,0.0,0.0,0.0,0.0,0.0,0.0,0.0,0.0,0.0,0.0,0.0,0.0,0.0,0.0,0.0,0.0,0.0,0.0,0.0,0.0,0.0,0.0,0.0,0.0,0.0,0.0,0.0,0.0,0.0,0.0,0.0,0.0,0.0,0.0,0.0,0.0,0.0,0.0,0.0,0.0,0.0,0.0,0.0,0.0,0.0,0.0,0.0,0.0,0.0,0.0,0.0,0.0,0.0,0.0,0.0,0.0,0.0,0.0,0.0,0.0,0.0,0.0,0.0,0.0,0.0,0.0,0.0,0.0,0.0,0.0,0.0,0.0,0.0,0.0,0.0,0.0,0.0,0.0,0.0,0.0,0.0,0.0,0.0,0.0,0.0,0.0,0.0,0.0,0.0,0.0,0.0,0.0,0.0,0.0,0.0,0.0,0.0,0.0,0.0,0.0,0.0,0.0,0.0,0.0,0.0,0.0,0.0,0.0,0.0,0.0,0.0,0.0,0.0,0.0,0.0,0.0,0.0,0.0,0.0,0.0,0.0,0.0,0.0,0.0,0.0,0.0,0.0,0.0,0.0,0.0,0.0,0.0,0.0,0.0,0.0,0.0,0.0,0.0,0.0,0.0,0.0,0.0,0.0,0.0,0.0,0.0,0.0,0.0,0.0,0.0,0.0,0.0,0.0,0.0,0.0,0.0,0.0,0.0,0.0,0.0,0.0,0.0,0.0,0.0,0.0,0.0,0.0,0.0,0.0,0.0,0.0,0.0,0.0,0.0,0.0,0.0,0.0,0.0,0.0,0.0,0.0,0.0,0.0,0.0,0.0,0.0,0.0,0.0,0.0,0.0,0.0,0.0,0.0,0.0,0.0,0.0,0.0,0.0,0.0,0.0,0.0,0.0,0.0,0.0,0.0,0.0,0.0,0.0,0.0,0.0,0.0,0.0,0.0,0.0,0.0,0.0,0.0,0.0,0.0,0.0,0.0,0.0,0.0,0.0,0.0,0.0,0.0,0.0,0.0,0.0,0.0,0.0,0.0,0.0,0.0,0.0,0.0,0.0,0.0,0.0,0.0,0.0,0.0,0.0,0.0,0.0,0.0,0.0,0.0,0.0,0.0,0.0,0.0,0.0,0.0,0.0,0.0,0.0,0.0,0.0,0.0,0.0,0.0,0.0,0.0,0.0,0.0,0.0,0.0,0.0,0.0,0.0,0.0,0.0,0.0,0.0,0.0,0.0,0.0,0.0,0.0,0.0,0.0,0.0,0.0,0.0,0.0,0.0,0.0,0.0,0.0,0.0,0.0,0.0,0.0,0.0,0.0,0.0,0.0,0.0,0.0,0.0,0.0,0.0,0.0,0.0,0.0,0.0,0.0,0.0,0.0,0.0,0.0,0.0,0.0,0.0,0.0,0.0,0.0,0.0,0.0,0.0,0.0,0.0,0.0,0.0,0.0,0.0,0.0,0.0,0.0,0.0,0.0,0.0,0.0,0.0,0.0,0.0,0.0,0.0,0.0,0.0,0.0,0.0,0.0,0.0,0.0,0.0,0.0
5377,0.0,0.0,0.0,0.0,0.0,0.0,0.0,0.0,0.0,0.0,0.0,0.0,0.0,0.0,0.0,0.0,0.0,0.0,0.0,0.0,0.0,0.0,0.0,0.0,0.0,0.0,0.0,0.0,0.0,0.0,0.0,0.0,0.0,0.0,0.0,0.0,0.0,0.0,0.0,0.0,0.0,0.0,0.0,0.0,0.0,0.0,0.0,0.0,0.0,0.0,0.0,0.0,0.0,0.0,0.0,0.0,0.0,0.0,0.0,0.0,0.0,0.0,0.0,0.0,0.0,0.0,0.0,0.0,0.0,0.0,0.0,0.0,0.0,0.0,0.0,0.0,0.0,0.0,0.0,0.0,0.0,0.0,0.0,0.0,0.0,0.0,0.0,0.0,0.0,0.0,0.0,0.0,0.0,0.0,0.0,0.0,0.0,0.0,0.0,0.0,0.0,0.0,0.0,0.0,0.0,0.0,0.0,0.0,0.0,0.0,0.0,0.0,0.0,0.0,0.0,0.0,0.0,0.0,0.0,0.0,0.0,0.0,0.0,0.0,0.0,0.0,0.0,0.0,0.0,0.0,0.0,0.0,0.0,0.0,0.0,0.0,0.0,0.0,0.0,0.0,0.0,0.0,0.0,0.0,0.0,0.0,0.0,0.0,0.0,0.0,0.0,0.0,0.0,0.0,0.0,0.0,0.0,0.0,0.0,0.0,0.0,0.0,0.0,0.0,0.0,0.0,0.0,0.0,0.0,0.0,0.0,0.0,0.0,0.0,0.0,0.0,0.0,0.0,0.0,0.0,0.0,0.0,0.0,0.0,0.0,0.0,0.0,0.0,0.0,0.0,0.0,0.0,0.0,0.0,0.0,0.0,0.0,0.0,0.0,0.0,0.0,0.0,0.0,0.0,0.0,0.0,0.0,0.0,0.0,0.0,0.0,0.0,0.0,0.0,0.0,0.0,0.0,0.0,0.0,0.0,0.0,0.0,0.0,0.0,0.0,0.0,0.0,0.0,0.0,0.0,0.0,0.0,0.0,0.0,0.0,0.0,0.0,0.0,0.0,0.0,0.0,0.0,0.0,0.0,0.0,0.0,0.0,0.0,0.0,0.0,0.0,0.0,0.0,0.0,0.0,0.0,0.0,0.0,0.0,0.0,0.0,0.0,0.0,0.0,0.0,0.0,0.0,0.0,0.0,0.0,0.0,0.0,0.0,0.0,0.0,0.0,0.0,0.0,0.0,0.0,0.0,0.0,0.0,0.0,0.0,0.0,0.0,0.0,0.0,0.0,0.0,0.0,0.0,0.0,0.0,0.0,0.0,0.0,0.0,0.0,0.0,0.0,0.0,0.0,0.0,0.0,0.0,0.0,0.0,0.0,0.0,0.0,0.0,0.0,0.0,0.0,0.0,0.0,0.0,0.0,0.0,0.0,0.0,0.0,0.0,0.0,0.0,0.0,0.0,0.0,0.0,0.0,0.0,0.0,0.0,0.0,0.0,0.0,0.0,0.0,0.0,0.0,0.0,0.0,0.0,0.0,0.0,0.0,0.0,0.0,0.0,0.0,0.0,0.0,0.0,0.0,0.0,0.0,0.0,0.0,0.0,0.0,0.0,0.0,0.0,0.0,0.0,0.0,0.0,0.0,0.0,0.0,0.0,0.0,0.0,0.0
5378,0.0,0.0,0.0,0.0,0.0,0.0,0.0,0.0,0.0,0.0,0.0,0.0,0.0,0.0,0.0,0.0,0.0,0.0,0.0,0.0,0.0,0.0,0.0,0.0,0.0,0.0,0.0,0.0,0.0,0.0,0.0,0.0,0.0,0.0,0.0,0.0,0.0,0.0,0.0,0.0,0.0,0.0,0.0,0.0,0.0,0.0,0.0,0.0,0.0,0.0,0.0,0.0,0.0,0.0,0.0,0.0,0.0,0.0,0.0,0.0,0.0,0.0,0.0,0.0,0.0,0.0,0.0,0.0,0.0,0.0,0.0,0.0,0.0,0.0,0.0,0.0,0.0,0.0,0.0,0.0,0.0,0.0,0.0,0.0,0.0,0.0,0.0,0.0,0.0,0.0,0.0,0.0,0.0,0.0,0.0,0.0,0.0,0.0,0.0,0.0,0.0,0.0,0.0,0.0,0.0,0.0,0.0,0.0,0.0,0.0,0.0,0.0,0.0,0.0,0.0,0.0,0.0,0.0,0.0,0.0,0.0,0.0,0.0,0.0,0.0,0.0,0.0,0.0,0.0,0.0,0.0,0.0,0.0,0.0,0.0,0.0,0.0,0.0,0.0,0.0,0.0,0.0,0.0,0.0,0.0,0.0,0.0,0.0,0.0,0.0,0.0,0.0,0.0,0.0,0.0,0.0,0.0,0.0,0.0,0.0,0.0,0.0,0.0,0.0,0.0,0.0,0.0,0.0,0.0,0.0,0.0,0.0,0.0,0.0,0.0,0.0,0.0,0.0,0.0,0.0,0.0,0.0,0.0,0.0,0.0,0.0,0.0,0.0,0.0,0.0,0.0,0.0,0.0,0.0,0.0,0.0,0.0,0.0,0.0,0.0,0.0,0.0,0.0,0.0,0.0,0.0,0.0,0.0,0.0,0.0,0.0,0.0,0.0,0.0,0.0,0.0,0.0,0.0,0.0,0.0,0.0,0.0,0.0,0.0,0.0,0.0,0.0,0.0,0.0,0.0,0.0,0.0,0.0,0.0,0.0,0.0,0.0,0.0,0.0,0.0,0.0,0.0,0.0,0.0,0.0,0.0,0.0,0.0,0.0,0.0,0.0,0.0,0.0,0.0,0.0,0.0,0.0,0.0,0.0,0.0,0.0,0.0,0.0,0.0,0.0,0.0,0.0,0.0,0.0,0.0,0.0,0.0,0.0,0.0,0.0,0.0,0.0,0.0,0.0,0.0,0.0,0.0,0.0,0.0,0.0,0.0,0.0,0.0,0.0,0.0,0.0,0.0,0.0,0.0,0.0,0.0,0.0,0.0,0.0,0.0,0.0,0.0,0.0,0.0,0.0,0.0,0.0,0.0,0.0,0.0,0.0,0.0,0.0,0.0,0.0,0.0,0.0,0.0,0.0,0.0,0.0,0.0,0.0,0.0,0.0,0.0,0.0,0.0,0.0,0.0,0.0,0.0,0.0,0.0,0.0,0.0,0.0,0.0,0.0,0.0,0.0,0.0,0.0,0.0,0.0,0.0,0.0,0.0,0.0,0.0,0.0,0.0,0.0,0.0,0.0,0.0,0.0,0.0,0.0,0.0,0.0,0.0,0.0,0.0,0.0,0.0,0.0,0.0,0.0,0.0,0.0,0.0,0.0,0.0,0.0,0.0
5379,0.0,0.0,0.0,0.0,0.0,0.0,0.0,0.0,0.0,0.0,0.0,0.0,0.0,0.0,0.0,0.0,0.0,0.0,0.0,0.0,0.0,0.0,0.0,0.0,0.0,0.0,0.0,0.0,0.0,0.0,0.0,0.0,0.0,0.0,0.0,0.0,0.0,0.0,0.0,0.0,0.0,0.0,0.0,0.0,0.0,0.0,0.0,0.0,0.0,0.0,0.0,0.0,0.0,0.0,0.0,0.0,0.0,0.0,0.0,0.0,0.0,0.0,0.0,0.0,0.0,0.0,0.0,0.0,0.0,0.0,0.0,0.0,0.0,0.0,0.0,0.0,0.0,0.0,0.0,0.0,0.0,0.0,0.0,0.0,0.0,0.0,0.0,0.0,0.0,0.0,0.0,0.0,0.0,0.0,0.0,0.0,0.0,0.0,0.0,0.0,0.0,0.0,0.0,0.0,0.0,0.0,0.0,0.0,0.0,0.0,0.0,0.0,0.0,0.0,0.0,0.0,0.0,0.0,0.0,0.0,0.0,0.0,0.0,0.0,0.0,0.0,0.0,0.0,0.0,0.0,0.0,0.0,0.0,0.0,0.0,0.0,0.0,0.0,0.0,0.0,0.0,0.0,0.0,0.0,0.0,0.0,0.0,0.0,0.0,0.0,0.0,0.0,0.0,0.0,0.0,0.0,0.0,0.0,0.0,0.0,0.0,0.0,0.0,0.0,0.0,0.0,0.0,0.0,0.0,0.0,0.0,0.0,0.0,0.0,0.0,0.0,0.0,0.0,0.0,0.0,0.0,0.0,0.0,0.0,0.0,0.0,0.0,0.0,0.0,0.0,0.0,0.0,0.0,0.0,0.0,0.0,0.0,0.0,0.0,0.0,0.0,0.0,0.0,0.0,0.0,0.0,0.0,0.0,0.0,0.0,0.0,0.0,0.0,0.0,0.0,0.0,0.0,0.0,0.0,0.0,0.0,0.0,0.0,0.0,0.0,0.0,0.0,0.0,0.0,0.0,0.0,0.0,0.0,0.0,0.0,0.0,0.0,0.0,0.0,0.0,0.0,0.0,0.0,0.0,0.0,0.0,0.0,0.0,0.0,0.0,0.0,0.0,0.0,0.0,0.0,0.0,0.0,0.0,0.0,0.0,0.0,0.0,0.0,0.0,0.0,0.0,0.0,0.0,0.0,0.0,0.0,0.0,0.0,0.0,0.0,0.0,0.0,0.0,0.0,0.0,0.0,0.0,0.0,0.0,0.0,0.0,0.0,0.0,0.0,0.0,0.0,0.0,0.0,0.0,0.0,0.0,0.0,0.0,0.0,0.0,0.0,0.0,0.0,0.0,0.0,0.0,0.0,0.0,0.0,0.0,0.0,0.0,0.0,0.0,0.0,0.0,0.0,0.0,0.0,0.0,0.0,0.0,0.0,0.0,0.0,0.0,0.0,0.0,0.0,0.0,0.0,0.0,0.0,0.0,0.0,0.0,0.0,0.0,0.0,0.0,0.0,0.0,0.0,0.0,0.0,0.0,0.0,0.0,0.0,0.0,0.0,0.0,0.0,0.0,0.0,0.0,0.0,0.0,0.0,0.0,0.0,0.0,0.0,0.0,0.0,0.0,0.0,0.0,0.0,0.0,0.0,0.0,0.0,0.0,0.0,0.0
5380,0.0,0.0,0.0,0.0,0.0,0.0,0.0,0.0,0.0,0.0,0.0,0.0,0.0,0.0,0.0,0.0,0.0,0.0,0.0,0.0,0.0,0.0,0.0,0.0,0.0,0.0,0.0,0.0,0.0,0.0,0.0,0.0,0.0,0.0,0.0,0.0,0.0,0.0,0.0,0.0,0.0,0.0,0.0,0.0,0.0,0.0,0.0,0.0,0.0,0.0,0.0,0.0,0.0,0.0,0.0,0.0,0.0,0.0,0.0,0.0,0.0,0.0,0.0,0.0,0.0,0.0,0.0,0.0,0.0,0.0,0.0,0.0,0.0,0.0,0.0,0.0,0.0,0.0,0.0,0.0,0.0,0.0,0.0,0.0,0.0,0.0,0.0,0.0,0.0,0.0,0.0,0.0,0.0,0.0,0.0,0.0,0.0,0.0,0.0,0.0,0.0,0.0,0.0,0.0,0.0,0.0,0.0,0.0,0.0,0.0,0.0,0.0,0.0,0.0,0.0,0.0,0.0,0.0,0.0,0.0,0.0,0.0,0.0,0.0,0.0,0.0,0.0,0.0,0.0,0.0,0.0,0.0,0.0,0.0,0.0,0.0,0.0,0.0,0.0,0.0,0.0,0.0,0.0,0.0,0.0,0.0,0.0,0.0,0.0,0.0,0.0,0.0,0.0,0.0,0.0,0.0,0.0,0.0,0.0,0.0,0.0,0.0,0.0,0.0,0.0,0.0,0.0,0.0,0.0,0.0,0.0,0.0,0.0,0.0,0.0,0.0,0.0,0.0,0.0,0.0,0.0,0.0,0.0,0.0,0.0,0.0,0.0,0.0,0.0,0.0,0.0,0.0,0.0,0.0,0.0,0.0,0.0,0.0,0.0,0.0,0.0,0.0,0.0,0.0,0.0,0.0,0.0,0.0,0.0,0.0,0.0,0.0,0.0,0.0,0.0,0.0,0.0,0.0,0.0,0.0,0.0,0.0,0.0,0.0,0.0,0.0,0.0,0.0,0.0,0.0,0.0,0.0,0.0,0.0,0.0,0.0,0.0,0.0,0.0,0.0,0.0,0.0,0.0,0.0,0.0,0.0,0.0,0.0,0.0,0.0,0.0,0.0,0.0,0.0,0.0,0.0,0.0,0.0,0.0,0.0,0.0,0.0,0.0,0.0,0.0,0.0,0.0,0.0,0.0,0.0,0.0,0.0,0.0,0.0,0.0,0.0,0.0,0.0,0.0,0.0,0.0,0.0,0.0,0.0,0.0,0.0,0.0,0.0,0.0,0.0,0.0,0.0,0.0,0.0,0.0,0.0,0.0,0.0,0.0,0.0,0.0,0.0,0.0,0.0,0.0,0.0,0.0,0.0,0.0,0.0,0.0,0.0,0.0,0.0,0.0,0.0,0.0,0.0,0.0,0.0,0.0,0.0,0.0,0.0,0.0,0.0,0.0,0.0,0.0,0.0,0.0,0.0,0.0,0.0,0.0,0.0,0.0,0.0,0.0,0.0,0.0,0.0,0.0,0.0,0.0,0.0,0.0,0.0,0.0,0.0,0.0,0.0,0.0,0.0,0.0,0.0,0.0,0.0,0.0,0.0,0.0,0.0,0.0,0.0,0.0,0.0,0.0,0.0,0.0,0.0,0.0,0.0,0.0,0.0,0.0,0.0
5381,0.0,0.0,0.0,0.0,0.0,0.0,0.0,0.0,0.0,0.0,0.0,0.0,0.0,0.0,0.0,0.0,0.0,0.0,0.0,0.0,0.0,0.0,0.0,0.0,0.0,0.0,0.0,0.0,0.0,0.0,0.0,0.0,0.0,0.0,0.0,0.0,0.0,0.0,0.0,0.0,0.0,0.0,0.0,0.0,0.0,0.0,0.0,0.0,0.0,0.0,0.0,0.0,0.0,0.0,0.0,0.0,0.0,0.0,0.0,0.0,0.0,0.0,0.0,0.0,0.0,0.0,0.0,0.0,0.0,0.0,0.0,0.0,0.0,0.0,0.0,0.0,0.0,0.0,0.0,0.0,0.0,0.0,0.0,0.0,0.0,0.0,0.0,0.0,0.0,0.0,0.0,0.0,0.0,0.0,0.0,0.0,0.0,0.0,0.0,0.0,0.0,0.0,0.0,0.0,0.0,0.0,0.0,0.0,0.0,0.0,0.0,0.0,0.0,0.0,0.0,0.0,0.0,0.0,0.0,0.0,0.0,0.0,0.0,0.0,0.0,0.0,0.0,0.0,0.0,0.0,0.0,0.0,0.0,0.0,0.0,0.0,0.0,0.0,0.0,0.0,0.0,0.0,0.0,0.0,0.0,0.0,0.0,0.0,0.0,0.0,0.0,0.0,0.0,0.0,0.0,0.0,0.0,0.0,0.0,0.0,0.0,0.0,0.0,0.0,0.0,0.0,0.0,0.0,0.0,0.0,0.0,0.0,0.0,0.0,0.0,0.0,0.0,0.0,0.0,0.0,0.0,0.0,0.0,0.0,0.0,0.0,0.0,0.0,0.0,0.0,0.0,0.0,0.0,0.0,0.0,0.0,0.0,0.0,0.0,0.0,0.0,0.0,0.0,0.0,0.0,0.0,0.0,0.0,0.0,0.0,0.0,0.0,0.0,0.0,0.0,0.0,0.0,0.0,0.0,0.0,0.0,0.0,0.0,0.0,0.0,0.0,0.0,0.0,0.0,0.0,0.0,0.0,0.0,0.0,0.0,0.0,0.0,0.0,0.0,0.0,0.0,0.0,0.0,0.0,0.0,0.0,0.0,0.0,0.0,0.0,0.0,0.0,0.0,0.0,0.0,0.0,0.0,0.0,0.0,0.0,0.0,0.0,0.0,0.0,0.0,0.0,0.0,0.0,0.0,0.0,0.0,0.0,0.0,0.0,0.0,0.0,0.0,0.0,0.0,0.0,0.0,0.0,0.0,0.0,0.0,0.0,0.0,0.0,0.0,0.0,0.0,0.0,0.0,0.0,0.0,0.0,0.0,0.0,0.0,0.0,0.0,0.0,0.0,0.0,0.0,0.0,0.0,0.0,0.0,0.0,0.0,0.0,0.0,0.0,0.0,0.0,0.0,0.0,0.0,0.0,0.0,0.0,0.0,0.0,0.0,0.0,0.0,0.0,0.0,0.0,0.0,0.0,0.0,0.0,0.0,0.0,0.0,0.0,0.0,0.0,0.0,0.0,0.0,0.0,0.0,0.0,0.0,0.0,0.0,0.0,0.0,0.0,0.0,0.0,0.0,0.0,0.0,0.0,0.0,0.0,0.0,0.0,0.0,0.0,0.0,0.0,0.0,0.0,0.0,0.0,0.0,0.0,0.0,0.0,0.0,0.0
5382,0.0,0.0,0.0,0.0,0.0,0.0,0.0,0.0,0.0,0.0,0.0,0.0,0.0,0.0,0.0,0.0,0.0,0.0,0.0,0.0,0.0,0.0,0.0,0.0,0.0,0.0,0.0,0.0,0.0,0.0,0.0,0.0,0.0,0.0,0.0,0.0,0.0,0.0,0.0,0.0,0.0,0.0,0.0,0.0,0.0,0.0,0.0,0.0,0.0,0.0,0.0,0.0,0.0,0.0,0.0,0.0,0.0,0.0,0.0,0.0,0.0,0.0,0.0,0.0,0.0,0.0,0.0,0.0,0.0,0.0,0.0,0.0,0.0,0.0,0.0,0.0,0.0,0.0,0.0,0.0,0.0,0.0,0.0,0.0,0.0,0.0,0.0,0.0,0.0,0.0,0.0,0.0,0.0,0.0,0.0,0.0,0.0,0.0,0.0,0.0,0.0,0.0,0.0,0.0,0.0,0.0,0.0,0.0,0.0,0.0,0.0,0.0,0.0,0.0,0.0,0.0,0.0,0.0,0.0,0.0,0.0,0.0,0.0,0.0,0.0,0.0,0.0,0.0,0.0,0.0,0.0,0.0,0.0,0.0,0.0,0.0,0.0,0.0,0.0,0.0,0.0,0.0,0.0,0.0,0.0,0.0,0.0,0.0,0.0,0.0,0.0,0.0,0.0,0.0,0.0,0.0,0.0,0.0,0.0,0.0,0.0,0.0,0.0,0.0,0.0,0.0,0.0,0.0,0.0,0.0,0.0,0.0,0.0,0.0,0.0,0.0,0.0,0.0,0.0,0.0,0.0,0.0,0.0,0.0,0.0,0.0,0.0,0.0,0.0,0.0,0.0,0.0,0.0,0.0,0.0,0.0,0.0,0.0,0.0,0.0,0.0,0.0,0.0,0.0,0.0,0.0,0.0,0.0,0.0,0.0,0.0,0.0,0.0,0.0,0.0,0.0,0.0,0.0,0.0,0.0,0.0,0.0,0.0,0.0,0.0,0.0,0.0,0.0,0.0,0.0,0.0,0.0,0.0,0.0,0.0,0.0,0.0,0.0,0.0,0.0,0.0,0.0,0.0,0.0,0.0,0.0,0.0,0.0,0.0,0.0,0.0,0.0,0.0,0.0,0.0,0.0,0.0,0.0,0.0,0.0,0.0,0.0,0.0,0.0,0.0,0.0,0.0,0.0,0.0,0.0,0.0,0.0,0.0,0.0,0.0,0.0,0.0,0.0,0.0,0.0,0.0,0.0,0.0,0.0,0.0,0.0,0.0,0.0,0.0,0.0,0.0,0.0,0.0,0.0,0.0,0.0,0.0,0.0,0.0,0.0,0.0,0.0,0.0,0.0,0.0,0.0,0.0,0.0,0.0,0.0,0.0,0.0,0.0,0.0,0.0,0.0,0.0,0.0,0.0,0.0,0.0,0.0,0.0,0.0,0.0,0.0,0.0,0.0,0.0,0.0,0.0,0.0,0.0,0.0,0.0,0.0,0.0,0.0,0.0,0.0,0.0,0.0,0.0,0.0,0.0,0.0,0.0,0.0,0.0,0.0,0.0,0.0,0.0,0.0,0.0,0.0,0.0,0.0,0.0,0.0,0.0,0.0,0.0,0.0,0.0,0.0,0.0,0.0,0.0,0.0,0.0,0.0,0.0,0.0,0.0,0.0
5383,0.0,0.0,0.0,0.0,0.0,0.0,0.0,0.0,0.0,0.0,0.0,0.0,0.0,0.0,0.0,0.0,0.0,0.0,0.0,0.0,0.0,0.0,0.0,0.0,0.0,0.0,0.0,0.0,0.0,0.0,0.0,0.0,0.0,0.0,0.0,0.0,0.0,0.0,0.0,0.0,0.0,0.0,0.0,0.0,0.0,0.0,0.0,0.0,0.0,0.0,0.0,0.0,0.0,0.0,0.0,0.0,0.0,0.0,0.0,0.0,0.0,0.0,0.0,0.0,0.0,0.0,0.0,0.0,0.0,0.0,0.0,0.0,0.0,0.0,0.0,0.0,0.0,0.0,0.0,0.0,0.0,0.0,0.0,0.0,0.0,0.0,0.0,0.0,0.0,0.0,0.0,0.0,0.0,0.0,0.0,0.0,0.0,0.0,0.0,0.0,0.0,0.0,0.0,0.0,0.0,0.0,0.0,0.0,0.0,0.0,0.0,0.0,0.0,0.0,0.0,0.0,0.0,0.0,0.0,0.0,0.0,0.0,0.0,0.0,0.0,0.0,0.0,0.0,0.0,0.0,0.0,0.0,0.0,0.0,0.0,0.0,0.0,0.0,0.0,0.0,0.0,0.0,0.0,0.0,0.0,0.0,0.0,0.0,0.0,0.0,0.0,0.0,0.0,0.0,0.0,0.0,0.0,0.0,0.0,0.0,0.0,0.0,0.0,0.0,0.0,0.0,0.0,0.0,0.0,0.0,0.0,0.0,0.0,0.0,0.0,0.0,0.0,0.0,0.0,0.0,0.0,0.0,0.0,0.0,0.0,0.0,0.0,0.0,0.0,0.0,0.0,0.0,0.0,0.0,0.0,0.0,0.0,0.0,0.0,0.0,0.0,0.0,0.0,0.0,0.0,0.0,0.0,0.0,0.0,0.0,0.0,0.0,0.0,0.0,0.0,0.0,0.0,0.0,0.0,0.0,0.0,0.0,0.0,0.0,0.0,0.0,0.0,0.0,0.0,0.0,0.0,0.0,0.0,0.0,0.0,0.0,0.0,0.0,0.0,0.0,0.0,0.0,0.0,0.0,0.0,0.0,0.0,0.0,0.0,0.0,0.0,0.0,0.0,0.0,0.0,0.0,0.0,0.0,0.0,0.0,0.0,0.0,0.0,0.0,0.0,0.0,0.0,0.0,0.0,0.0,0.0,0.0,0.0,0.0,0.0,0.0,0.0,0.0,0.0,0.0,0.0,0.0,0.0,0.0,0.0,0.0,0.0,0.0,0.0,0.0,0.0,0.0,0.0,0.0,0.0,0.0,0.0,0.0,0.0,0.0,0.0,0.0,0.0,0.0,0.0,0.0,0.0,0.0,0.0,0.0,0.0,0.0,0.0,0.0,0.0,0.0,0.0,0.0,0.0,0.0,0.0,0.0,0.0,0.0,0.0,0.0,0.0,0.0,0.0,0.0,0.0,0.0,0.0,0.0,0.0,0.0,0.0,0.0,0.0,0.0,0.0,0.0,0.0,0.0,0.0,0.0,0.0,0.0,0.0,0.0,0.0,0.0,0.0,0.0,0.0,0.0,0.0,0.0,0.0,0.0,0.0,0.0,0.0,0.0,0.0,0.0,0.0,0.0,0.0,0.0,0.0,0.0,0.0,0.0,0.0,0.0
5384,0.0,0.0,0.0,0.0,0.0,0.0,0.0,0.0,0.0,0.0,0.0,0.0,0.0,0.0,0.0,0.0,0.0,0.0,0.0,0.0,0.0,0.0,0.0,0.0,0.0,0.0,0.0,0.0,0.0,0.0,0.0,0.0,0.0,0.0,0.0,0.0,0.0,0.0,0.0,0.0,0.0,0.0,0.0,0.0,0.0,0.0,0.0,0.0,0.0,0.0,0.0,0.0,0.0,0.0,0.0,0.0,0.0,0.0,0.0,0.0,0.0,0.0,0.0,0.0,0.0,0.0,0.0,0.0,0.0,0.0,0.0,0.0,0.0,0.0,0.0,0.0,0.0,0.0,0.0,0.0,0.0,0.0,0.0,0.0,0.0,0.0,0.0,0.0,0.0,0.0,0.0,0.0,0.0,0.0,0.0,0.0,0.0,0.0,0.0,0.0,0.0,0.0,0.0,0.0,0.0,0.0,0.0,0.0,0.0,0.0,0.0,0.0,0.0,0.0,0.0,0.0,0.0,0.0,0.0,0.0,0.0,0.0,0.0,0.0,0.0,0.0,0.0,0.0,0.0,0.0,0.0,0.0,0.0,0.0,0.0,0.0,0.0,0.0,0.0,0.0,0.0,0.0,0.0,0.0,0.0,0.0,0.0,0.0,0.0,0.0,0.0,0.0,0.0,0.0,0.0,0.0,0.0,0.0,0.0,0.0,0.0,0.0,0.0,0.0,0.0,0.0,0.0,0.0,0.0,0.0,0.0,0.0,0.0,0.0,0.0,0.0,0.0,0.0,0.0,0.0,0.0,0.0,0.0,0.0,0.0,0.0,0.0,0.0,0.0,0.0,0.0,0.0,0.0,0.0,0.0,0.0,0.0,0.0,0.0,0.0,0.0,0.0,0.0,0.0,0.0,0.0,0.0,0.0,0.0,0.0,0.0,0.0,0.0,0.0,0.0,0.0,0.0,0.0,0.0,0.0,0.0,0.0,0.0,0.0,0.0,0.0,0.0,0.0,0.0,0.0,0.0,0.0,0.0,0.0,0.0,0.0,0.0,0.0,0.0,0.0,0.0,0.0,0.0,0.0,0.0,0.0,0.0,0.0,0.0,0.0,0.0,0.0,0.0,0.0,0.0,0.0,0.0,0.0,0.0,0.0,0.0,0.0,0.0,0.0,0.0,0.0,0.0,0.0,0.0,0.0,0.0,0.0,0.0,0.0,0.0,0.0,0.0,0.0,0.0,0.0,0.0,0.0,0.0,0.0,0.0,0.0,0.0,0.0,0.0,0.0,0.0,0.0,0.0,0.0,0.0,0.0,0.0,0.0,0.0,0.0,0.0,0.0,0.0,0.0,0.0,0.0,0.0,0.0,0.0,0.0,0.0,0.0,0.0,0.0,0.0,0.0,0.0,0.0,0.0,0.0,0.0,0.0,0.0,0.0,0.0,0.0,0.0,0.0,0.0,0.0,0.0,0.0,0.0,0.0,0.0,0.0,0.0,0.0,0.0,0.0,0.0,0.0,0.0,0.0,0.0,0.0,0.0,0.0,0.0,0.0,0.0,0.0,0.0,0.0,0.0,0.0,0.0,0.0,0.0,0.0,0.0,0.0,0.0,0.0,0.0,0.0,0.0,0.0,0.0,0.0,0.0,0.0,0.0,0.0,0.0,0.0
5385,0.0,0.0,0.0,0.0,0.0,0.0,0.0,0.0,0.0,0.0,0.0,0.0,0.0,0.0,0.0,0.0,0.0,0.0,0.0,0.0,0.0,0.0,0.0,0.0,0.0,0.0,0.0,0.0,0.0,0.0,0.0,0.0,0.0,0.0,0.0,0.0,0.0,0.0,0.0,0.0,0.0,0.0,0.0,0.0,0.0,0.0,0.0,0.0,0.0,0.0,0.0,0.0,0.0,0.0,0.0,0.0,0.0,0.0,0.0,0.0,0.0,0.0,0.0,0.0,0.0,0.0,0.0,0.0,0.0,0.0,0.0,0.0,0.0,0.0,0.0,0.0,0.0,0.0,0.0,0.0,0.0,0.0,0.0,0.0,0.0,0.0,0.0,0.0,0.0,0.0,0.0,0.0,0.0,0.0,0.0,0.0,0.0,0.0,0.0,0.0,0.0,0.0,0.0,0.0,0.0,0.0,0.0,0.0,0.0,0.0,0.0,0.0,0.0,0.0,0.0,0.0,0.0,0.0,0.0,0.0,0.0,0.0,0.0,0.0,0.0,0.0,0.0,0.0,0.0,0.0,0.0,0.0,0.0,0.0,0.0,0.0,0.0,0.0,0.0,0.0,0.0,0.0,0.0,0.0,0.0,0.0,0.0,0.0,0.0,0.0,0.0,0.0,0.0,0.0,0.0,0.0,0.0,0.0,0.0,0.0,0.0,0.0,0.0,0.0,0.0,0.0,0.0,0.0,0.0,0.0,0.0,0.0,0.0,0.0,0.0,0.0,0.0,0.0,0.0,0.0,0.0,0.0,0.0,0.0,0.0,0.0,0.0,0.0,0.0,0.0,0.0,0.0,0.0,0.0,0.0,0.0,0.0,0.0,0.0,0.0,0.0,0.0,0.0,0.0,0.0,0.0,0.0,0.0,0.0,0.0,0.0,0.0,0.0,0.0,0.0,0.0,0.0,0.0,0.0,0.0,0.0,0.0,0.0,0.0,0.0,0.0,0.0,0.0,0.0,0.0,0.0,0.0,0.0,0.0,0.0,0.0,0.0,0.0,0.0,0.0,0.0,0.0,0.0,0.0,0.0,0.0,0.0,0.0,0.0,0.0,0.0,0.0,0.0,0.0,0.0,0.0,0.0,0.0,0.0,0.0,0.0,0.0,0.0,0.0,0.0,0.0,0.0,0.0,0.0,0.0,0.0,0.0,0.0,0.0,0.0,0.0,0.0,0.0,0.0,0.0,0.0,0.0,0.0,0.0,0.0,0.0,0.0,0.0,0.0,0.0,0.0,0.0,0.0,0.0,0.0,0.0,0.0,0.0,0.0,0.0,0.0,0.0,0.0,0.0,0.0,0.0,0.0,0.0,0.0,0.0,0.0,0.0,0.0,0.0,0.0,0.0,0.0,0.0,0.0,0.0,0.0,0.0,0.0,0.0,0.0,0.0,0.0,0.0,0.0,0.0,0.0,0.0,0.0,0.0,0.0,0.0,0.0,0.0,0.0,0.0,0.0,0.0,0.0,0.0,0.0,0.0,0.0,0.0,0.0,0.0,0.0,0.0,0.0,0.0,0.0,0.0,0.0,0.0,0.0,0.0,0.0,0.0,0.0,0.0,0.0,0.0,0.0,0.0,0.0,0.0,0.0,0.0,0.0,0.0,0.0,0.0
5386,0.0,0.0,0.0,0.0,0.0,0.0,0.0,0.0,0.0,0.0,0.0,0.0,0.0,0.0,0.0,0.0,0.0,0.0,0.0,0.0,0.0,0.0,0.0,0.0,0.0,0.0,0.0,0.0,0.0,0.0,0.0,0.0,0.0,0.0,0.0,0.0,0.0,0.0,0.0,0.0,0.0,0.0,0.0,0.0,0.0,0.0,0.0,0.0,0.0,0.0,0.0,0.0,0.0,0.0,0.0,0.0,0.0,0.0,0.0,0.0,0.0,0.0,0.0,0.0,0.0,0.0,0.0,0.0,0.0,0.0,0.0,0.0,0.0,0.0,0.0,0.0,0.0,0.0,0.0,0.0,0.0,0.0,0.0,0.0,0.0,0.0,0.0,0.0,0.0,0.0,0.0,0.0,0.0,0.0,0.0,0.0,0.0,0.0,0.0,0.0,0.0,0.0,0.0,0.0,0.0,0.0,0.0,0.0,0.0,0.0,0.0,0.0,0.0,0.0,0.0,0.0,0.0,0.0,0.0,0.0,0.0,0.0,0.0,0.0,0.0,0.0,0.0,0.0,0.0,0.0,0.0,0.0,0.0,0.0,0.0,0.0,0.0,0.0,0.0,0.0,0.0,0.0,0.0,0.0,0.0,0.0,0.0,0.0,0.0,0.0,0.0,0.0,0.0,0.0,0.0,0.0,0.0,0.0,0.0,0.0,0.0,0.0,0.0,0.0,0.0,0.0,0.0,0.0,0.0,0.0,0.0,0.0,0.0,0.0,0.0,0.0,0.0,0.0,0.0,0.0,0.0,0.0,0.0,0.0,0.0,0.0,0.0,0.0,0.0,0.0,0.0,0.0,0.0,0.0,0.0,0.0,0.0,0.0,0.0,0.0,0.0,0.0,0.0,0.0,0.0,0.0,0.0,0.0,0.0,0.0,0.0,0.0,0.0,0.0,0.0,0.0,0.0,0.0,0.0,0.0,0.0,0.0,0.0,0.0,0.0,0.0,0.0,0.0,0.0,0.0,0.0,0.0,0.0,0.0,0.0,0.0,0.0,0.0,0.0,0.0,0.0,0.0,0.0,0.0,0.0,0.0,0.0,0.0,0.0,0.0,0.0,0.0,0.0,0.0,0.0,0.0,0.0,0.0,0.0,0.0,0.0,0.0,0.0,0.0,0.0,0.0,0.0,0.0,0.0,0.0,0.0,0.0,0.0,0.0,0.0,0.0,0.0,0.0,0.0,0.0,0.0,0.0,0.0,0.0,0.0,0.0,0.0,0.0,0.0,0.0,0.0,0.0,0.0,0.0,0.0,0.0,0.0,0.0,0.0,0.0,0.0,0.0,0.0,0.0,0.0,0.0,0.0,0.0,0.0,0.0,0.0,0.0,0.0,0.0,0.0,0.0,0.0,0.0,0.0,0.0,0.0,0.0,0.0,0.0,0.0,0.0,0.0,0.0,0.0,0.0,0.0,0.0,0.0,0.0,0.0,0.0,0.0,0.0,0.0,0.0,0.0,0.0,0.0,0.0,0.0,0.0,0.0,0.0,0.0,0.0,0.0,0.0,0.0,0.0,0.0,0.0,0.0,0.0,0.0,0.0,0.0,0.0,0.0,0.0,0.0,0.0,0.0,0.0,0.0,0.0,0.0,0.0,0.0,0.0,0.0,0.0
5387,0.0,0.0,0.0,0.0,0.0,0.0,0.0,0.0,0.0,0.0,0.0,0.0,0.0,0.0,0.0,0.0,0.0,0.0,0.0,0.0,0.0,0.0,0.0,0.0,0.0,0.0,0.0,0.0,0.0,0.0,0.0,0.0,0.0,0.0,0.0,0.0,0.0,0.0,0.0,0.0,0.0,0.0,0.0,0.0,0.0,0.0,0.0,0.0,0.0,0.0,0.0,0.0,0.0,0.0,0.0,0.0,0.0,0.0,0.0,0.0,0.0,0.0,0.0,0.0,0.0,0.0,0.0,0.0,0.0,0.0,0.0,0.0,0.0,0.0,0.0,0.0,0.0,0.0,0.0,0.0,0.0,0.0,0.0,0.0,0.0,0.0,0.0,0.0,0.0,0.0,0.0,0.0,0.0,0.0,0.0,0.0,0.0,0.0,0.0,0.0,0.0,0.0,0.0,0.0,0.0,0.0,0.0,0.0,0.0,0.0,0.0,0.0,0.0,0.0,0.0,0.0,0.0,0.0,0.0,0.0,0.0,0.0,0.0,0.0,0.0,0.0,0.0,0.0,0.0,0.0,0.0,0.0,0.0,0.0,0.0,0.0,0.0,0.0,0.0,0.0,0.0,0.0,0.0,0.0,0.0,0.0,0.0,0.0,0.0,0.0,0.0,0.0,0.0,0.0,0.0,0.0,0.0,0.0,0.0,0.0,0.0,0.0,0.0,0.0,0.0,0.0,0.0,0.0,0.0,0.0,0.0,0.0,0.0,0.0,0.0,0.0,0.0,0.0,0.0,0.0,0.0,0.0,0.0,0.0,0.0,0.0,0.0,0.0,0.0,0.0,0.0,0.0,0.0,0.0,0.0,0.0,0.0,0.0,0.0,0.0,0.0,0.0,0.0,0.0,0.0,0.0,0.0,0.0,0.0,0.0,0.0,0.0,0.0,0.0,0.0,0.0,0.0,0.0,0.0,0.0,0.0,0.0,0.0,0.0,0.0,0.0,0.0,0.0,0.0,0.0,0.0,0.0,0.0,0.0,0.0,0.0,0.0,0.0,0.0,0.0,0.0,0.0,0.0,0.0,0.0,0.0,0.0,0.0,0.0,0.0,0.0,0.0,0.0,0.0,0.0,0.0,0.0,0.0,0.0,0.0,0.0,0.0,0.0,0.0,0.0,0.0,0.0,0.0,0.0,0.0,0.0,0.0,0.0,0.0,0.0,0.0,0.0,0.0,0.0,0.0,0.0,0.0,0.0,0.0,0.0,0.0,0.0,0.0,0.0,0.0,0.0,0.0,0.0,0.0,0.0,0.0,0.0,0.0,0.0,0.0,0.0,0.0,0.0,0.0,0.0,0.0,0.0,0.0,0.0,0.0,0.0,0.0,0.0,0.0,0.0,0.0,0.0,0.0,0.0,0.0,0.0,0.0,0.0,0.0,0.0,0.0,0.0,0.0,0.0,0.0,0.0,0.0,0.0,0.0,0.0,0.0,0.0,0.0,0.0,0.0,0.0,0.0,0.0,0.0,0.0,0.0,0.0,0.0,0.0,0.0,0.0,0.0,0.0,0.0,0.0,0.0,0.0,0.0,0.0,0.0,0.0,0.0,0.0,0.0,0.0,0.0,0.0,0.0,0.0,0.0,0.0,0.0,0.0,0.0,0.0,0.0
5388,0.0,0.0,0.0,0.0,0.0,0.0,0.0,0.0,0.0,0.0,0.0,0.0,0.0,0.0,0.0,0.0,0.0,0.0,0.0,0.0,0.0,0.0,0.0,0.0,0.0,0.0,0.0,0.0,0.0,0.0,0.0,0.0,0.0,0.0,0.0,0.0,0.0,0.0,0.0,0.0,0.0,0.0,0.0,0.0,0.0,0.0,0.0,0.0,0.0,0.0,0.0,0.0,0.0,0.0,0.0,0.0,0.0,0.0,0.0,0.0,0.0,0.0,0.0,0.0,0.0,0.0,0.0,0.0,0.0,0.0,0.0,0.0,0.0,0.0,0.0,0.0,0.0,0.0,0.0,0.0,0.0,0.0,0.0,0.0,0.0,0.0,0.0,0.0,0.0,0.0,0.0,0.0,0.0,0.0,0.0,0.0,0.0,0.0,0.0,0.0,0.0,0.0,0.0,0.0,0.0,0.0,0.0,0.0,0.0,0.0,0.0,0.0,0.0,0.0,0.0,0.0,0.0,0.0,0.0,0.0,0.0,0.0,0.0,0.0,0.0,0.0,0.0,0.0,0.0,0.0,0.0,0.0,0.0,0.0,0.0,0.0,0.0,0.0,0.0,0.0,0.0,0.0,0.0,0.0,0.0,0.0,0.0,0.0,0.0,0.0,0.0,0.0,0.0,0.0,0.0,0.0,0.0,0.0,0.0,0.0,0.0,0.0,0.0,0.0,0.0,0.0,0.0,0.0,0.0,0.0,0.0,0.0,0.0,0.0,0.0,0.0,0.0,0.0,0.0,0.0,0.0,0.0,0.0,0.0,0.0,0.0,0.0,0.0,0.0,0.0,0.0,0.0,0.0,0.0,0.0,0.0,0.0,0.0,0.0,0.0,0.0,0.0,0.0,0.0,0.0,0.0,0.0,0.0,0.0,0.0,0.0,0.0,0.0,0.0,0.0,0.0,0.0,0.0,0.0,0.0,0.0,0.0,0.0,0.0,0.0,0.0,0.0,0.0,0.0,0.0,0.0,0.0,0.0,0.0,0.0,0.0,0.0,0.0,0.0,0.0,0.0,0.0,0.0,0.0,0.0,0.0,0.0,0.0,0.0,0.0,0.0,0.0,0.0,0.0,0.0,0.0,0.0,0.0,0.0,0.0,0.0,0.0,0.0,0.0,0.0,0.0,0.0,0.0,0.0,0.0,0.0,0.0,0.0,0.0,0.0,0.0,0.0,0.0,0.0,0.0,0.0,0.0,0.0,0.0,0.0,0.0,0.0,0.0,0.0,0.0,0.0,0.0,0.0,0.0,0.0,0.0,0.0,0.0,0.0,0.0,0.0,0.0,0.0,0.0,0.0,0.0,0.0,0.0,0.0,0.0,0.0,0.0,0.0,0.0,0.0,0.0,0.0,0.0,0.0,0.0,0.0,0.0,0.0,0.0,0.0,0.0,0.0,0.0,0.0,0.0,0.0,0.0,0.0,0.0,0.0,0.0,0.0,0.0,0.0,0.0,0.0,0.0,0.0,0.0,0.0,0.0,0.0,0.0,0.0,0.0,0.0,0.0,0.0,0.0,0.0,0.0,0.0,0.0,0.0,0.0,0.0,0.0,0.0,0.0,0.0,0.0,0.0,0.0,0.0,0.0,0.0,0.0,0.0,0.0,0.0,0.0
5389,0.0,0.0,0.0,0.0,0.0,0.0,0.0,0.0,0.0,0.0,0.0,0.0,0.0,0.0,0.0,0.0,0.0,0.0,0.0,0.0,0.0,0.0,0.0,0.0,0.0,0.0,0.0,0.0,0.0,0.0,0.0,0.0,0.0,0.0,0.0,0.0,0.0,0.0,0.0,0.0,0.0,0.0,0.0,0.0,0.0,0.0,0.0,0.0,0.0,0.0,0.0,0.0,0.0,0.0,0.0,0.0,0.0,0.0,0.0,0.0,0.0,0.0,0.0,0.0,0.0,0.0,0.0,0.0,0.0,0.0,0.0,0.0,0.0,0.0,0.0,0.0,0.0,0.0,0.0,0.0,0.0,0.0,0.0,0.0,0.0,0.0,0.0,0.0,0.0,0.0,0.0,0.0,0.0,0.0,0.0,0.0,0.0,0.0,0.0,0.0,0.0,0.0,0.0,0.0,0.0,0.0,0.0,0.0,0.0,0.0,0.0,0.0,0.0,0.0,0.0,0.0,0.0,0.0,0.0,0.0,0.0,0.0,0.0,0.0,0.0,0.0,0.0,0.0,0.0,0.0,0.0,0.0,0.0,0.0,0.0,0.0,0.0,0.0,0.0,0.0,0.0,0.0,0.0,0.0,0.0,0.0,0.0,0.0,0.0,0.0,0.0,0.0,0.0,0.0,0.0,0.0,0.0,0.0,0.0,0.0,0.0,0.0,0.0,0.0,0.0,0.0,0.0,0.0,0.0,0.0,0.0,0.0,0.0,0.0,0.0,0.0,0.0,0.0,0.0,0.0,0.0,0.0,0.0,0.0,0.0,0.0,0.0,0.0,0.0,0.0,0.0,0.0,0.0,0.0,0.0,0.0,0.0,0.0,0.0,0.0,0.0,0.0,0.0,0.0,0.0,0.0,0.0,0.0,0.0,0.0,0.0,0.0,0.0,0.0,0.0,0.0,0.0,0.0,0.0,0.0,0.0,0.0,0.0,0.0,0.0,0.0,0.0,0.0,0.0,0.0,0.0,0.0,0.0,0.0,0.0,0.0,0.0,0.0,0.0,0.0,0.0,0.0,0.0,0.0,0.0,0.0,0.0,0.0,0.0,0.0,0.0,0.0,0.0,0.0,0.0,0.0,0.0,0.0,0.0,0.0,0.0,0.0,0.0,0.0,0.0,0.0,0.0,0.0,0.0,0.0,0.0,0.0,0.0,0.0,0.0,0.0,0.0,0.0,0.0,0.0,0.0,0.0,0.0,0.0,0.0,0.0,0.0,0.0,0.0,0.0,0.0,0.0,0.0,0.0,0.0,0.0,0.0,0.0,0.0,0.0,0.0,0.0,0.0,0.0,0.0,0.0,0.0,0.0,0.0,0.0,0.0,0.0,0.0,0.0,0.0,0.0,0.0,0.0,0.0,0.0,0.0,0.0,0.0,0.0,0.0,0.0,0.0,0.0,0.0,0.0,0.0,0.0,0.0,0.0,0.0,0.0,0.0,0.0,0.0,0.0,0.0,0.0,0.0,0.0,0.0,0.0,0.0,0.0,0.0,0.0,0.0,0.0,0.0,0.0,0.0,0.0,0.0,0.0,0.0,0.0,0.0,0.0,0.0,0.0,0.0,0.0,0.0,0.0,0.0,0.0,0.0,0.0,0.0,0.0,0.0,0.0
5390,0.0,0.0,0.0,0.0,0.0,0.0,0.0,0.0,0.0,0.0,0.0,0.0,0.0,0.0,0.0,0.0,0.0,0.0,0.0,0.0,0.0,0.0,0.0,0.0,0.0,0.0,0.0,0.0,0.0,0.0,0.0,0.0,0.0,0.0,0.0,0.0,0.0,0.0,0.0,0.0,0.0,0.0,0.0,0.0,0.0,0.0,0.0,0.0,0.0,0.0,0.0,0.0,0.0,0.0,0.0,0.0,0.0,0.0,0.0,0.0,0.0,0.0,0.0,0.0,0.0,0.0,0.0,0.0,0.0,0.0,0.0,0.0,0.0,0.0,0.0,0.0,0.0,0.0,0.0,0.0,0.0,0.0,0.0,0.0,0.0,0.0,0.0,0.0,0.0,0.0,0.0,0.0,0.0,0.0,0.0,0.0,0.0,0.0,0.0,0.0,0.0,0.0,0.0,0.0,0.0,0.0,0.0,0.0,0.0,0.0,0.0,0.0,0.0,0.0,0.0,0.0,0.0,0.0,0.0,0.0,0.0,0.0,0.0,0.0,0.0,0.0,0.0,0.0,0.0,0.0,0.0,0.0,0.0,0.0,0.0,0.0,0.0,0.0,0.0,0.0,0.0,0.0,0.0,0.0,0.0,0.0,0.0,0.0,0.0,0.0,0.0,0.0,0.0,0.0,0.0,0.0,0.0,0.0,0.0,0.0,0.0,0.0,0.0,0.0,0.0,0.0,0.0,0.0,0.0,0.0,0.0,0.0,0.0,0.0,0.0,0.0,0.0,0.0,0.0,0.0,0.0,0.0,0.0,0.0,0.0,0.0,0.0,0.0,0.0,0.0,0.0,0.0,0.0,0.0,0.0,0.0,0.0,0.0,0.0,0.0,0.0,0.0,0.0,0.0,0.0,0.0,0.0,0.0,0.0,0.0,0.0,0.0,0.0,0.0,0.0,0.0,0.0,0.0,0.0,0.0,0.0,0.0,0.0,0.0,0.0,0.0,0.0,0.0,0.0,0.0,0.0,0.0,0.0,0.0,0.0,0.0,0.0,0.0,0.0,0.0,0.0,0.0,0.0,0.0,0.0,0.0,0.0,0.0,0.0,0.0,0.0,0.0,0.0,0.0,0.0,0.0,0.0,0.0,0.0,0.0,0.0,0.0,0.0,0.0,0.0,0.0,0.0,0.0,0.0,0.0,0.0,0.0,0.0,0.0,0.0,0.0,0.0,0.0,0.0,0.0,0.0,0.0,0.0,0.0,0.0,0.0,0.0,0.0,0.0,0.0,0.0,0.0,0.0,0.0,0.0,0.0,0.0,0.0,0.0,0.0,0.0,0.0,0.0,0.0,0.0,0.0,0.0,0.0,0.0,0.0,0.0,0.0,0.0,0.0,0.0,0.0,0.0,0.0,0.0,0.0,0.0,0.0,0.0,0.0,0.0,0.0,0.0,0.0,0.0,0.0,0.0,0.0,0.0,0.0,0.0,0.0,0.0,0.0,0.0,0.0,0.0,0.0,0.0,0.0,0.0,0.0,0.0,0.0,0.0,0.0,0.0,0.0,0.0,0.0,0.0,0.0,0.0,0.0,0.0,0.0,0.0,0.0,0.0,0.0,0.0,0.0,0.0,0.0,0.0,0.0,0.0,0.0,0.0,0.0,0.0,0.0
5391,0.0,0.0,0.0,0.0,0.0,0.0,0.0,0.0,0.0,0.0,0.0,0.0,0.0,0.0,0.0,0.0,0.0,0.0,0.0,0.0,0.0,0.0,0.0,0.0,0.0,0.0,0.0,0.0,0.0,0.0,0.0,0.0,0.0,0.0,0.0,0.0,0.0,0.0,0.0,0.0,0.0,0.0,0.0,0.0,0.0,0.0,0.0,0.0,0.0,0.0,0.0,0.0,0.0,0.0,0.0,0.0,0.0,0.0,0.0,0.0,0.0,0.0,0.0,0.0,0.0,0.0,0.0,0.0,0.0,0.0,0.0,0.0,0.0,0.0,0.0,0.0,0.0,0.0,0.0,0.0,0.0,0.0,0.0,0.0,0.0,0.0,0.0,0.0,0.0,0.0,0.0,0.0,0.0,0.0,0.0,0.0,0.0,0.0,0.0,0.0,0.0,0.0,0.0,0.0,0.0,0.0,0.0,0.0,0.0,0.0,0.0,0.0,0.0,0.0,0.0,0.0,0.0,0.0,0.0,0.0,0.0,0.0,0.0,0.0,0.0,0.0,0.0,0.0,0.0,0.0,0.0,0.0,0.0,0.0,0.0,0.0,0.0,0.0,0.0,0.0,0.0,0.0,0.0,0.0,0.0,0.0,0.0,0.0,0.0,0.0,0.0,0.0,0.0,0.0,0.0,0.0,0.0,0.0,0.0,0.0,0.0,0.0,0.0,0.0,0.0,0.0,0.0,0.0,0.0,0.0,0.0,0.0,0.0,0.0,0.0,0.0,0.0,0.0,0.0,0.0,0.0,0.0,0.0,0.0,0.0,0.0,0.0,0.0,0.0,0.0,0.0,0.0,0.0,0.0,0.0,0.0,0.0,0.0,0.0,0.0,0.0,0.0,0.0,0.0,0.0,0.0,0.0,0.0,0.0,0.0,0.0,0.0,0.0,0.0,0.0,0.0,0.0,0.0,0.0,0.0,0.0,0.0,0.0,0.0,0.0,0.0,0.0,0.0,0.0,0.0,0.0,0.0,0.0,0.0,0.0,0.0,0.0,0.0,0.0,0.0,0.0,0.0,0.0,0.0,0.0,0.0,0.0,0.0,0.0,0.0,0.0,0.0,0.0,0.0,0.0,0.0,0.0,0.0,0.0,0.0,0.0,0.0,0.0,0.0,0.0,0.0,0.0,0.0,0.0,0.0,0.0,0.0,0.0,0.0,0.0,0.0,0.0,0.0,0.0,0.0,0.0,0.0,0.0,0.0,0.0,0.0,0.0,0.0,0.0,0.0,0.0,0.0,0.0,0.0,0.0,0.0,0.0,0.0,0.0,0.0,0.0,0.0,0.0,0.0,0.0,0.0,0.0,0.0,0.0,0.0,0.0,0.0,0.0,0.0,0.0,0.0,0.0,0.0,0.0,0.0,0.0,0.0,0.0,0.0,0.0,0.0,0.0,0.0,0.0,0.0,0.0,0.0,0.0,0.0,0.0,0.0,0.0,0.0,0.0,0.0,0.0,0.0,0.0,0.0,0.0,0.0,0.0,0.0,0.0,0.0,0.0,0.0,0.0,0.0,0.0,0.0,0.0,0.0,0.0,0.0,0.0,0.0,0.0,0.0,0.0,0.0,0.0,0.0,0.0,0.0,0.0,0.0,0.0,0.0,0.0,0.0
5392,0.0,0.0,0.0,0.0,0.0,0.0,0.0,0.0,0.0,0.0,0.0,0.0,0.0,0.0,0.0,0.0,0.0,0.0,0.0,0.0,0.0,0.0,0.0,0.0,0.0,0.0,0.0,0.0,0.0,0.0,0.0,0.0,0.0,0.0,0.0,0.0,0.0,0.0,0.0,0.0,0.0,0.0,0.0,0.0,0.0,0.0,0.0,0.0,0.0,0.0,0.0,0.0,0.0,0.0,0.0,0.0,0.0,0.0,0.0,0.0,0.0,0.0,0.0,0.0,0.0,0.0,0.0,0.0,0.0,0.0,0.0,0.0,0.0,0.0,0.0,0.0,0.0,0.0,0.0,0.0,0.0,0.0,0.0,0.0,0.0,0.0,0.0,0.0,0.0,0.0,0.0,0.0,0.0,0.0,0.0,0.0,0.0,0.0,0.0,0.0,0.0,0.0,0.0,0.0,0.0,0.0,0.0,0.0,0.0,0.0,0.0,0.0,0.0,0.0,0.0,0.0,0.0,0.0,0.0,0.0,0.0,0.0,0.0,0.0,0.0,0.0,0.0,0.0,0.0,0.0,0.0,0.0,0.0,0.0,0.0,0.0,0.0,0.0,0.0,0.0,0.0,0.0,0.0,0.0,0.0,0.0,0.0,0.0,0.0,0.0,0.0,0.0,0.0,0.0,0.0,0.0,0.0,0.0,0.0,0.0,0.0,0.0,0.0,0.0,0.0,0.0,0.0,0.0,0.0,0.0,0.0,0.0,0.0,0.0,0.0,0.0,0.0,0.0,0.0,0.0,0.0,0.0,0.0,0.0,0.0,0.0,0.0,0.0,0.0,0.0,0.0,0.0,0.0,0.0,0.0,0.0,0.0,0.0,0.0,0.0,0.0,0.0,0.0,0.0,0.0,0.0,0.0,0.0,0.0,0.0,0.0,0.0,0.0,0.0,0.0,0.0,0.0,0.0,0.0,0.0,0.0,0.0,0.0,0.0,0.0,0.0,0.0,0.0,0.0,0.0,0.0,0.0,0.0,0.0,0.0,0.0,0.0,0.0,0.0,0.0,0.0,0.0,0.0,0.0,0.0,0.0,0.0,0.0,0.0,0.0,0.0,0.0,0.0,0.0,0.0,0.0,0.0,0.0,0.0,0.0,0.0,0.0,0.0,0.0,0.0,0.0,0.0,0.0,0.0,0.0,0.0,0.0,0.0,0.0,0.0,0.0,0.0,0.0,0.0,0.0,0.0,0.0,0.0,0.0,0.0,0.0,0.0,0.0,0.0,0.0,0.0,0.0,0.0,0.0,0.0,0.0,0.0,0.0,0.0,0.0,0.0,0.0,0.0,0.0,0.0,0.0,0.0,0.0,0.0,0.0,0.0,0.0,0.0,0.0,0.0,0.0,0.0,0.0,0.0,0.0,0.0,0.0,0.0,0.0,0.0,0.0,0.0,0.0,0.0,0.0,0.0,0.0,0.0,0.0,0.0,0.0,0.0,0.0,0.0,0.0,0.0,0.0,0.0,0.0,0.0,0.0,0.0,0.0,0.0,0.0,0.0,0.0,0.0,0.0,0.0,0.0,0.0,0.0,0.0,0.0,0.0,0.0,0.0,0.0,0.0,0.0,0.0,0.0,0.0,0.0,0.0,0.0,0.0,0.0,0.0,0.0
5393,0.0,0.0,0.0,0.0,0.0,0.0,0.0,0.0,0.0,0.0,0.0,0.0,0.0,0.0,0.0,0.0,0.0,0.0,0.0,0.0,0.0,0.0,0.0,0.0,0.0,0.0,0.0,0.0,0.0,0.0,0.0,0.0,0.0,0.0,0.0,0.0,0.0,0.0,0.0,0.0,0.0,0.0,0.0,0.0,0.0,0.0,0.0,0.0,0.0,0.0,0.0,0.0,0.0,0.0,0.0,0.0,0.0,0.0,0.0,0.0,0.0,0.0,0.0,0.0,0.0,0.0,0.0,0.0,0.0,0.0,0.0,0.0,0.0,0.0,0.0,0.0,0.0,0.0,0.0,0.0,0.0,0.0,0.0,0.0,0.0,0.0,0.0,0.0,0.0,0.0,0.0,0.0,0.0,0.0,0.0,0.0,0.0,0.0,0.0,0.0,0.0,0.0,0.0,0.0,0.0,0.0,0.0,0.0,0.0,0.0,0.0,0.0,0.0,0.0,0.0,0.0,0.0,0.0,0.0,0.0,0.0,0.0,0.0,0.0,0.0,0.0,0.0,0.0,0.0,0.0,0.0,0.0,0.0,0.0,0.0,0.0,0.0,0.0,0.0,0.0,0.0,0.0,0.0,0.0,0.0,0.0,0.0,0.0,0.0,0.0,0.0,0.0,0.0,0.0,0.0,0.0,0.0,0.0,0.0,0.0,0.0,0.0,0.0,0.0,0.0,0.0,0.0,0.0,0.0,0.0,0.0,0.0,0.0,0.0,0.0,0.0,0.0,0.0,0.0,0.0,0.0,0.0,0.0,0.0,0.0,0.0,0.0,0.0,0.0,0.0,0.0,0.0,0.0,0.0,0.0,0.0,0.0,0.0,0.0,0.0,0.0,0.0,0.0,0.0,0.0,0.0,0.0,0.0,0.0,0.0,0.0,0.0,0.0,0.0,0.0,0.0,0.0,0.0,0.0,0.0,0.0,0.0,0.0,0.0,0.0,0.0,0.0,0.0,0.0,0.0,0.0,0.0,0.0,0.0,0.0,0.0,0.0,0.0,0.0,0.0,0.0,0.0,0.0,0.0,0.0,0.0,0.0,0.0,0.0,0.0,0.0,0.0,0.0,0.0,0.0,0.0,0.0,0.0,0.0,0.0,0.0,0.0,0.0,0.0,0.0,0.0,0.0,0.0,0.0,0.0,0.0,0.0,0.0,0.0,0.0,0.0,0.0,0.0,0.0,0.0,0.0,0.0,0.0,0.0,0.0,0.0,0.0,0.0,0.0,0.0,0.0,0.0,0.0,0.0,0.0,0.0,0.0,0.0,0.0,0.0,0.0,0.0,0.0,0.0,0.0,0.0,0.0,0.0,0.0,0.0,0.0,0.0,0.0,0.0,0.0,0.0,0.0,0.0,0.0,0.0,0.0,0.0,0.0,0.0,0.0,0.0,0.0,0.0,0.0,0.0,0.0,0.0,0.0,0.0,0.0,0.0,0.0,0.0,0.0,0.0,0.0,0.0,0.0,0.0,0.0,0.0,0.0,0.0,0.0,0.0,0.0,0.0,0.0,0.0,0.0,0.0,0.0,0.0,0.0,0.0,0.0,0.0,0.0,0.0,0.0,0.0,0.0,0.0,0.0,0.0,0.0,0.0,0.0,0.0,0.0,0.0
5394,0.0,0.0,0.0,0.0,0.0,0.0,0.0,0.0,0.0,0.0,0.0,0.0,0.0,0.0,0.0,0.0,0.0,0.0,0.0,0.0,0.0,0.0,0.0,0.0,0.0,0.0,0.0,0.0,0.0,0.0,0.0,0.0,0.0,0.0,0.0,0.0,0.0,0.0,0.0,0.0,0.0,0.0,0.0,0.0,0.0,0.0,0.0,0.0,0.0,0.0,0.0,0.0,0.0,0.0,0.0,0.0,0.0,0.0,0.0,0.0,0.0,0.0,0.0,0.0,0.0,0.0,0.0,0.0,0.0,0.0,0.0,0.0,0.0,0.0,0.0,0.0,0.0,0.0,0.0,0.0,0.0,0.0,0.0,0.0,0.0,0.0,0.0,0.0,0.0,0.0,0.0,0.0,0.0,0.0,0.0,0.0,0.0,0.0,0.0,0.0,0.0,0.0,0.0,0.0,0.0,0.0,0.0,0.0,0.0,0.0,0.0,0.0,0.0,0.0,0.0,0.0,0.0,0.0,0.0,0.0,0.0,0.0,0.0,0.0,0.0,0.0,0.0,0.0,0.0,0.0,0.0,0.0,0.0,0.0,0.0,0.0,0.0,0.0,0.0,0.0,0.0,0.0,0.0,0.0,0.0,0.0,0.0,0.0,0.0,0.0,0.0,0.0,0.0,0.0,0.0,0.0,0.0,0.0,0.0,0.0,0.0,0.0,0.0,0.0,0.0,0.0,0.0,0.0,0.0,0.0,0.0,0.0,0.0,0.0,0.0,0.0,0.0,0.0,0.0,0.0,0.0,0.0,0.0,0.0,0.0,0.0,0.0,0.0,0.0,0.0,0.0,0.0,0.0,0.0,0.0,0.0,0.0,0.0,0.0,0.0,0.0,0.0,0.0,0.0,0.0,0.0,0.0,0.0,0.0,0.0,0.0,0.0,0.0,0.0,0.0,0.0,0.0,0.0,0.0,0.0,0.0,0.0,0.0,0.0,0.0,0.0,0.0,0.0,0.0,0.0,0.0,0.0,0.0,0.0,0.0,0.0,0.0,0.0,0.0,0.0,0.0,0.0,0.0,0.0,0.0,0.0,0.0,0.0,0.0,0.0,0.0,0.0,0.0,0.0,0.0,0.0,0.0,0.0,0.0,0.0,0.0,0.0,0.0,0.0,0.0,0.0,0.0,0.0,0.0,0.0,0.0,0.0,0.0,0.0,0.0,0.0,0.0,0.0,0.0,0.0,0.0,0.0,0.0,0.0,0.0,0.0,0.0,0.0,0.0,0.0,0.0,0.0,0.0,0.0,0.0,0.0,0.0,0.0,0.0,0.0,0.0,0.0,0.0,0.0,0.0,0.0,0.0,0.0,0.0,0.0,0.0,0.0,0.0,0.0,0.0,0.0,0.0,0.0,0.0,0.0,0.0,0.0,0.0,0.0,0.0,0.0,0.0,0.0,0.0,0.0,0.0,0.0,0.0,0.0,0.0,0.0,0.0,0.0,0.0,0.0,0.0,0.0,0.0,0.0,0.0,0.0,0.0,0.0,0.0,0.0,0.0,0.0,0.0,0.0,0.0,0.0,0.0,0.0,0.0,0.0,0.0,0.0,0.0,0.0,0.0,0.0,0.0,0.0,0.0,0.0,0.0,0.0,0.0,0.0,0.0,0.0
5395,0.0,0.0,0.0,0.0,0.0,0.0,0.0,0.0,0.0,0.0,0.0,0.0,0.0,0.0,0.0,0.0,0.0,0.0,0.0,0.0,0.0,0.0,0.0,0.0,0.0,0.0,0.0,0.0,0.0,0.0,0.0,0.0,0.0,0.0,0.0,0.0,0.0,0.0,0.0,0.0,0.0,0.0,0.0,0.0,0.0,0.0,0.0,0.0,0.0,0.0,0.0,0.0,0.0,0.0,0.0,0.0,0.0,0.0,0.0,0.0,0.0,0.0,0.0,0.0,0.0,0.0,0.0,0.0,0.0,0.0,0.0,0.0,0.0,0.0,0.0,0.0,0.0,0.0,0.0,0.0,0.0,0.0,0.0,0.0,0.0,0.0,0.0,0.0,0.0,0.0,0.0,0.0,0.0,0.0,0.0,0.0,0.0,0.0,0.0,0.0,0.0,0.0,0.0,0.0,0.0,0.0,0.0,0.0,0.0,0.0,0.0,0.0,0.0,0.0,0.0,0.0,0.0,0.0,0.0,0.0,0.0,0.0,0.0,0.0,0.0,0.0,0.0,0.0,0.0,0.0,0.0,0.0,0.0,0.0,0.0,0.0,0.0,0.0,0.0,0.0,0.0,0.0,0.0,0.0,0.0,0.0,0.0,0.0,0.0,0.0,0.0,0.0,0.0,0.0,0.0,0.0,0.0,0.0,0.0,0.0,0.0,0.0,0.0,0.0,0.0,0.0,0.0,0.0,0.0,0.0,0.0,0.0,0.0,0.0,0.0,0.0,0.0,0.0,0.0,0.0,0.0,0.0,0.0,0.0,0.0,0.0,0.0,0.0,0.0,0.0,0.0,0.0,0.0,0.0,0.0,0.0,0.0,0.0,0.0,0.0,0.0,0.0,0.0,0.0,0.0,0.0,0.0,0.0,0.0,0.0,0.0,0.0,0.0,0.0,0.0,0.0,0.0,0.0,0.0,0.0,0.0,0.0,0.0,0.0,0.0,0.0,0.0,0.0,0.0,0.0,0.0,0.0,0.0,0.0,0.0,0.0,0.0,0.0,0.0,0.0,0.0,0.0,0.0,0.0,0.0,0.0,0.0,0.0,0.0,0.0,0.0,0.0,0.0,0.0,0.0,0.0,0.0,0.0,0.0,0.0,0.0,0.0,0.0,0.0,0.0,0.0,0.0,0.0,0.0,0.0,0.0,0.0,0.0,0.0,0.0,0.0,0.0,0.0,0.0,0.0,0.0,0.0,0.0,0.0,0.0,0.0,0.0,0.0,0.0,0.0,0.0,0.0,0.0,0.0,0.0,0.0,0.0,0.0,0.0,0.0,0.0,0.0,0.0,0.0,0.0,0.0,0.0,0.0,0.0,0.0,0.0,0.0,0.0,0.0,0.0,0.0,0.0,0.0,0.0,0.0,0.0,0.0,0.0,0.0,0.0,0.0,0.0,0.0,0.0,0.0,0.0,0.0,0.0,0.0,0.0,0.0,0.0,0.0,0.0,0.0,0.0,0.0,0.0,0.0,0.0,0.0,0.0,0.0,0.0,0.0,0.0,0.0,0.0,0.0,0.0,0.0,0.0,0.0,0.0,0.0,0.0,0.0,0.0,0.0,0.0,0.0,0.0,0.0,0.0,0.0,0.0,0.0,0.0,0.0,0.0,0.0
5396,0.0,0.0,0.0,0.0,0.0,0.0,0.0,0.0,0.0,0.0,0.0,0.0,0.0,0.0,0.0,0.0,0.0,0.0,0.0,0.0,0.0,0.0,0.0,0.0,0.0,0.0,0.0,0.0,0.0,0.0,0.0,0.0,0.0,0.0,0.0,0.0,0.0,0.0,0.0,0.0,0.0,0.0,0.0,0.0,0.0,0.0,0.0,0.0,0.0,0.0,0.0,0.0,0.0,0.0,0.0,0.0,0.0,0.0,0.0,0.0,0.0,0.0,0.0,0.0,0.0,0.0,0.0,0.0,0.0,0.0,0.0,0.0,0.0,0.0,0.0,0.0,0.0,0.0,0.0,0.0,0.0,0.0,0.0,0.0,0.0,0.0,0.0,0.0,0.0,0.0,0.0,0.0,0.0,0.0,0.0,0.0,0.0,0.0,0.0,0.0,0.0,0.0,0.0,0.0,0.0,0.0,0.0,0.0,0.0,0.0,0.0,0.0,0.0,0.0,0.0,0.0,0.0,0.0,0.0,0.0,0.0,0.0,0.0,0.0,0.0,0.0,0.0,0.0,0.0,0.0,0.0,0.0,0.0,0.0,0.0,0.0,0.0,0.0,0.0,0.0,0.0,0.0,0.0,0.0,0.0,0.0,0.0,0.0,0.0,0.0,0.0,0.0,0.0,0.0,0.0,0.0,0.0,0.0,0.0,0.0,0.0,0.0,0.0,0.0,0.0,0.0,0.0,0.0,0.0,0.0,0.0,0.0,0.0,0.0,0.0,0.0,0.0,0.0,0.0,0.0,0.0,0.0,0.0,0.0,0.0,0.0,0.0,0.0,0.0,0.0,0.0,0.0,0.0,0.0,0.0,0.0,0.0,0.0,0.0,0.0,0.0,0.0,0.0,0.0,0.0,0.0,0.0,0.0,0.0,0.0,0.0,0.0,0.0,0.0,0.0,0.0,0.0,0.0,0.0,0.0,0.0,0.0,0.0,0.0,0.0,0.0,0.0,0.0,0.0,0.0,0.0,0.0,0.0,0.0,0.0,0.0,0.0,0.0,0.0,0.0,0.0,0.0,0.0,0.0,0.0,0.0,0.0,0.0,0.0,0.0,0.0,0.0,0.0,0.0,0.0,0.0,0.0,0.0,0.0,0.0,0.0,0.0,0.0,0.0,0.0,0.0,0.0,0.0,0.0,0.0,0.0,0.0,0.0,0.0,0.0,0.0,0.0,0.0,0.0,0.0,0.0,0.0,0.0,0.0,0.0,0.0,0.0,0.0,0.0,0.0,0.0,0.0,0.0,0.0,0.0,0.0,0.0,0.0,0.0,0.0,0.0,0.0,0.0,0.0,0.0,0.0,0.0,0.0,0.0,0.0,0.0,0.0,0.0,0.0,0.0,0.0,0.0,0.0,0.0,0.0,0.0,0.0,0.0,0.0,0.0,0.0,0.0,0.0,0.0,0.0,0.0,0.0,0.0,0.0,0.0,0.0,0.0,0.0,0.0,0.0,0.0,0.0,0.0,0.0,0.0,0.0,0.0,0.0,0.0,0.0,0.0,0.0,0.0,0.0,0.0,0.0,0.0,0.0,0.0,0.0,0.0,0.0,0.0,0.0,0.0,0.0,0.0,0.0,0.0,0.0,0.0,0.0,0.0,0.0,0.0,0.0
5397,0.0,0.0,0.0,0.0,0.0,0.0,0.0,0.0,0.0,0.0,0.0,0.0,0.0,0.0,0.0,0.0,0.0,0.0,0.0,0.0,0.0,0.0,0.0,0.0,0.0,0.0,0.0,0.0,0.0,0.0,0.0,0.0,0.0,0.0,0.0,0.0,0.0,0.0,0.0,0.0,0.0,0.0,0.0,0.0,0.0,0.0,0.0,0.0,0.0,0.0,0.0,0.0,0.0,0.0,0.0,0.0,0.0,0.0,0.0,0.0,0.0,0.0,0.0,0.0,0.0,0.0,0.0,0.0,0.0,0.0,0.0,0.0,0.0,0.0,0.0,0.0,0.0,0.0,0.0,0.0,0.0,0.0,0.0,0.0,0.0,0.0,0.0,0.0,0.0,0.0,0.0,0.0,0.0,0.0,0.0,0.0,0.0,0.0,0.0,0.0,0.0,0.0,0.0,0.0,0.0,0.0,0.0,0.0,0.0,0.0,0.0,0.0,0.0,0.0,0.0,0.0,0.0,0.0,0.0,0.0,0.0,0.0,0.0,0.0,0.0,0.0,0.0,0.0,0.0,0.0,0.0,0.0,0.0,0.0,0.0,0.0,0.0,0.0,0.0,0.0,0.0,0.0,0.0,0.0,0.0,0.0,0.0,0.0,0.0,0.0,0.0,0.0,0.0,0.0,0.0,0.0,0.0,0.0,0.0,0.0,0.0,0.0,0.0,0.0,0.0,0.0,0.0,0.0,0.0,0.0,0.0,0.0,0.0,0.0,0.0,0.0,0.0,0.0,0.0,0.0,0.0,0.0,0.0,0.0,0.0,0.0,0.0,0.0,0.0,0.0,0.0,0.0,0.0,0.0,0.0,0.0,0.0,0.0,0.0,0.0,0.0,0.0,0.0,0.0,0.0,0.0,0.0,0.0,0.0,0.0,0.0,0.0,0.0,0.0,0.0,0.0,0.0,0.0,0.0,0.0,0.0,0.0,0.0,0.0,0.0,0.0,0.0,0.0,0.0,0.0,0.0,0.0,0.0,0.0,0.0,0.0,0.0,0.0,0.0,0.0,0.0,0.0,0.0,0.0,0.0,0.0,0.0,0.0,0.0,0.0,0.0,0.0,0.0,0.0,0.0,0.0,0.0,0.0,0.0,0.0,0.0,0.0,0.0,0.0,0.0,0.0,0.0,0.0,0.0,0.0,0.0,0.0,0.0,0.0,0.0,0.0,0.0,0.0,0.0,0.0,0.0,0.0,0.0,0.0,0.0,0.0,0.0,0.0,0.0,0.0,0.0,0.0,0.0,0.0,0.0,0.0,0.0,0.0,0.0,0.0,0.0,0.0,0.0,0.0,0.0,0.0,0.0,0.0,0.0,0.0,0.0,0.0,0.0,0.0,0.0,0.0,0.0,0.0,0.0,0.0,0.0,0.0,0.0,0.0,0.0,0.0,0.0,0.0,0.0,0.0,0.0,0.0,0.0,0.0,0.0,0.0,0.0,0.0,0.0,0.0,0.0,0.0,0.0,0.0,0.0,0.0,0.0,0.0,0.0,0.0,0.0,0.0,0.0,0.0,0.0,0.0,0.0,0.0,0.0,0.0,0.0,0.0,0.0,0.0,0.0,0.0,0.0,0.0,0.0,0.0,0.0,0.0,0.0,0.0,0.0,0.0
5398,0.0,0.0,0.0,0.0,0.0,0.0,0.0,0.0,0.0,0.0,0.0,0.0,0.0,0.0,0.0,0.0,0.0,0.0,0.0,0.0,0.0,0.0,0.0,0.0,0.0,0.0,0.0,0.0,0.0,0.0,0.0,0.0,0.0,0.0,0.0,0.0,0.0,0.0,0.0,0.0,0.0,0.0,0.0,0.0,0.0,0.0,0.0,0.0,0.0,0.0,0.0,0.0,0.0,0.0,0.0,0.0,0.0,0.0,0.0,0.0,0.0,0.0,0.0,0.0,0.0,0.0,0.0,0.0,0.0,0.0,0.0,0.0,0.0,0.0,0.0,0.0,0.0,0.0,0.0,0.0,0.0,0.0,0.0,0.0,0.0,0.0,0.0,0.0,0.0,0.0,0.0,0.0,0.0,0.0,0.0,0.0,0.0,0.0,0.0,0.0,0.0,0.0,0.0,0.0,0.0,0.0,0.0,0.0,0.0,0.0,0.0,0.0,0.0,0.0,0.0,0.0,0.0,0.0,0.0,0.0,0.0,0.0,0.0,0.0,0.0,0.0,0.0,0.0,0.0,0.0,0.0,0.0,0.0,0.0,0.0,0.0,0.0,0.0,0.0,0.0,0.0,0.0,0.0,0.0,0.0,0.0,0.0,0.0,0.0,0.0,0.0,0.0,0.0,0.0,0.0,0.0,0.0,0.0,0.0,0.0,0.0,0.0,0.0,0.0,0.0,0.0,0.0,0.0,0.0,0.0,0.0,0.0,0.0,0.0,0.0,0.0,0.0,0.0,0.0,0.0,0.0,0.0,0.0,0.0,0.0,0.0,0.0,0.0,0.0,0.0,0.0,0.0,0.0,0.0,0.0,0.0,0.0,0.0,0.0,0.0,0.0,0.0,0.0,0.0,0.0,0.0,0.0,0.0,0.0,0.0,0.0,0.0,0.0,0.0,0.0,0.0,0.0,0.0,0.0,0.0,0.0,0.0,0.0,0.0,0.0,0.0,0.0,0.0,0.0,0.0,0.0,0.0,0.0,0.0,0.0,0.0,0.0,0.0,0.0,0.0,0.0,0.0,0.0,0.0,0.0,0.0,0.0,0.0,0.0,0.0,0.0,0.0,0.0,0.0,0.0,0.0,0.0,0.0,0.0,0.0,0.0,0.0,0.0,0.0,0.0,0.0,0.0,0.0,0.0,0.0,0.0,0.0,0.0,0.0,0.0,0.0,0.0,0.0,0.0,0.0,0.0,0.0,0.0,0.0,0.0,0.0,0.0,0.0,0.0,0.0,0.0,0.0,0.0,0.0,0.0,0.0,0.0,0.0,0.0,0.0,0.0,0.0,0.0,0.0,0.0,0.0,0.0,0.0,0.0,0.0,0.0,0.0,0.0,0.0,0.0,0.0,0.0,0.0,0.0,0.0,0.0,0.0,0.0,0.0,0.0,0.0,0.0,0.0,0.0,0.0,0.0,0.0,0.0,0.0,0.0,0.0,0.0,0.0,0.0,0.0,0.0,0.0,0.0,0.0,0.0,0.0,0.0,0.0,0.0,0.0,0.0,0.0,0.0,0.0,0.0,0.0,0.0,0.0,0.0,0.0,0.0,0.0,0.0,0.0,0.0,0.0,0.0,0.0,0.0,0.0,0.0,0.0,0.0,0.0,0.0,0.0
5399,0.0,0.0,0.0,0.0,0.0,0.0,0.0,0.0,0.0,0.0,0.0,0.0,0.0,0.0,0.0,0.0,0.0,0.0,0.0,0.0,0.0,0.0,0.0,0.0,0.0,0.0,0.0,0.0,0.0,0.0,0.0,0.0,0.0,0.0,0.0,0.0,0.0,0.0,0.0,0.0,0.0,0.0,0.0,0.0,0.0,0.0,0.0,0.0,0.0,0.0,0.0,0.0,0.0,0.0,0.0,0.0,0.0,0.0,0.0,0.0,0.0,0.0,0.0,0.0,0.0,0.0,0.0,0.0,0.0,0.0,0.0,0.0,0.0,0.0,0.0,0.0,0.0,0.0,0.0,0.0,0.0,0.0,0.0,0.0,0.0,0.0,0.0,0.0,0.0,0.0,0.0,0.0,0.0,0.0,0.0,0.0,0.0,0.0,0.0,0.0,0.0,0.0,0.0,0.0,0.0,0.0,0.0,0.0,0.0,0.0,0.0,0.0,0.0,0.0,0.0,0.0,0.0,0.0,0.0,0.0,0.0,0.0,0.0,0.0,0.0,0.0,0.0,0.0,0.0,0.0,0.0,0.0,0.0,0.0,0.0,0.0,0.0,0.0,0.0,0.0,0.0,0.0,0.0,0.0,0.0,0.0,0.0,0.0,0.0,0.0,0.0,0.0,0.0,0.0,0.0,0.0,0.0,0.0,0.0,0.0,0.0,0.0,0.0,0.0,0.0,0.0,0.0,0.0,0.0,0.0,0.0,0.0,0.0,0.0,0.0,0.0,0.0,0.0,0.0,0.0,0.0,0.0,0.0,0.0,0.0,0.0,0.0,0.0,0.0,0.0,0.0,0.0,0.0,0.0,0.0,0.0,0.0,0.0,0.0,0.0,0.0,0.0,0.0,0.0,0.0,0.0,0.0,0.0,0.0,0.0,0.0,0.0,0.0,0.0,0.0,0.0,0.0,0.0,0.0,0.0,0.0,0.0,0.0,0.0,0.0,0.0,0.0,0.0,0.0,0.0,0.0,0.0,0.0,0.0,0.0,0.0,0.0,0.0,0.0,0.0,0.0,0.0,0.0,0.0,0.0,0.0,0.0,0.0,0.0,0.0,0.0,0.0,0.0,0.0,0.0,0.0,0.0,0.0,0.0,0.0,0.0,0.0,0.0,0.0,0.0,0.0,0.0,0.0,0.0,0.0,0.0,0.0,0.0,0.0,0.0,0.0,0.0,0.0,0.0,0.0,0.0,0.0,0.0,0.0,0.0,0.0,0.0,0.0,0.0,0.0,0.0,0.0,0.0,0.0,0.0,0.0,0.0,0.0,0.0,0.0,0.0,0.0,0.0,0.0,0.0,0.0,0.0,0.0,0.0,0.0,0.0,0.0,0.0,0.0,0.0,0.0,0.0,0.0,0.0,0.0,0.0,0.0,0.0,0.0,0.0,0.0,0.0,0.0,0.0,0.0,0.0,0.0,0.0,0.0,0.0,0.0,0.0,0.0,0.0,0.0,0.0,0.0,0.0,0.0,0.0,0.0,0.0,0.0,0.0,0.0,0.0,0.0,0.0,0.0,0.0,0.0,0.0,0.0,0.0,0.0,0.0,0.0,0.0,0.0,0.0,0.0,0.0,0.0,0.0,0.0,0.0,0.0,0.0,0.0,0.0,0.0
5400,0.0,0.0,0.0,0.0,0.0,0.0,0.0,0.0,0.0,0.0,0.0,0.0,0.0,0.0,0.0,0.0,0.0,0.0,0.0,0.0,0.0,0.0,0.0,0.0,0.0,0.0,0.0,0.0,0.0,0.0,0.0,0.0,0.0,0.0,0.0,0.0,0.0,0.0,0.0,0.0,0.0,0.0,0.0,0.0,0.0,0.0,0.0,0.0,0.0,0.0,0.0,0.0,0.0,0.0,0.0,0.0,0.0,0.0,0.0,0.0,0.0,0.0,0.0,0.0,0.0,0.0,0.0,0.0,0.0,0.0,0.0,0.0,0.0,0.0,0.0,0.0,0.0,0.0,0.0,0.0,0.0,0.0,0.0,0.0,0.0,0.0,0.0,0.0,0.0,0.0,0.0,0.0,0.0,0.0,0.0,0.0,0.0,0.0,0.0,0.0,0.0,0.0,0.0,0.0,0.0,0.0,0.0,0.0,0.0,0.0,0.0,0.0,0.0,0.0,0.0,0.0,0.0,0.0,0.0,0.0,0.0,0.0,0.0,0.0,0.0,0.0,0.0,0.0,0.0,0.0,0.0,0.0,0.0,0.0,0.0,0.0,0.0,0.0,0.0,0.0,0.0,0.0,0.0,0.0,0.0,0.0,0.0,0.0,0.0,0.0,0.0,0.0,0.0,0.0,0.0,0.0,0.0,0.0,0.0,0.0,0.0,0.0,0.0,0.0,0.0,0.0,0.0,0.0,0.0,0.0,0.0,0.0,0.0,0.0,0.0,0.0,0.0,0.0,0.0,0.0,0.0,0.0,0.0,0.0,0.0,0.0,0.0,0.0,0.0,0.0,0.0,0.0,0.0,0.0,0.0,0.0,0.0,0.0,0.0,0.0,0.0,0.0,0.0,0.0,0.0,0.0,0.0,0.0,0.0,0.0,0.0,0.0,0.0,0.0,0.0,0.0,0.0,0.0,0.0,0.0,0.0,0.0,0.0,0.0,0.0,0.0,0.0,0.0,0.0,0.0,0.0,0.0,0.0,0.0,0.0,0.0,0.0,0.0,0.0,0.0,0.0,0.0,0.0,0.0,0.0,0.0,0.0,0.0,0.0,0.0,0.0,0.0,0.0,0.0,0.0,0.0,0.0,0.0,0.0,0.0,0.0,0.0,0.0,0.0,0.0,0.0,0.0,0.0,0.0,0.0,0.0,0.0,0.0,0.0,0.0,0.0,0.0,0.0,0.0,0.0,0.0,0.0,0.0,0.0,0.0,0.0,0.0,0.0,0.0,0.0,0.0,0.0,0.0,0.0,0.0,0.0,0.0,0.0,0.0,0.0,0.0,0.0,0.0,0.0,0.0,0.0,0.0,0.0,0.0,0.0,0.0,0.0,0.0,0.0,0.0,0.0,0.0,0.0,0.0,0.0,0.0,0.0,0.0,0.0,0.0,0.0,0.0,0.0,0.0,0.0,0.0,0.0,0.0,0.0,0.0,0.0,0.0,0.0,0.0,0.0,0.0,0.0,0.0,0.0,0.0,0.0,0.0,0.0,0.0,0.0,0.0,0.0,0.0,0.0,0.0,0.0,0.0,0.0,0.0,0.0,0.0,0.0,0.0,0.0,0.0,0.0,0.0,0.0,0.0,0.0,0.0,0.0,0.0,0.0,0.0,0.0
5401,0.0,0.0,0.0,0.0,0.0,0.0,0.0,0.0,0.0,0.0,0.0,0.0,0.0,0.0,0.0,0.0,0.0,0.0,0.0,0.0,0.0,0.0,0.0,0.0,0.0,0.0,0.0,0.0,0.0,0.0,0.0,0.0,0.0,0.0,0.0,0.0,0.0,0.0,0.0,0.0,0.0,0.0,0.0,0.0,0.0,0.0,0.0,0.0,0.0,0.0,0.0,0.0,0.0,0.0,0.0,0.0,0.0,0.0,0.0,0.0,0.0,0.0,0.0,0.0,0.0,0.0,0.0,0.0,0.0,0.0,0.0,0.0,0.0,0.0,0.0,0.0,0.0,0.0,0.0,0.0,0.0,0.0,0.0,0.0,0.0,0.0,0.0,0.0,0.0,0.0,0.0,0.0,0.0,0.0,0.0,0.0,0.0,0.0,0.0,0.0,0.0,0.0,0.0,0.0,0.0,0.0,0.0,0.0,0.0,0.0,0.0,0.0,0.0,0.0,0.0,0.0,0.0,0.0,0.0,0.0,0.0,0.0,0.0,0.0,0.0,0.0,0.0,0.0,0.0,0.0,0.0,0.0,0.0,0.0,0.0,0.0,0.0,0.0,0.0,0.0,0.0,0.0,0.0,0.0,0.0,0.0,0.0,0.0,0.0,0.0,0.0,0.0,0.0,0.0,0.0,0.0,0.0,0.0,0.0,0.0,0.0,0.0,0.0,0.0,0.0,0.0,0.0,0.0,0.0,0.0,0.0,0.0,0.0,0.0,0.0,0.0,0.0,0.0,0.0,0.0,0.0,0.0,0.0,0.0,0.0,0.0,0.0,0.0,0.0,0.0,0.0,0.0,0.0,0.0,0.0,0.0,0.0,0.0,0.0,0.0,0.0,0.0,0.0,0.0,0.0,0.0,0.0,0.0,0.0,0.0,0.0,0.0,0.0,0.0,0.0,0.0,0.0,0.0,0.0,0.0,0.0,0.0,0.0,0.0,0.0,0.0,0.0,0.0,0.0,0.0,0.0,0.0,0.0,0.0,0.0,0.0,0.0,0.0,0.0,0.0,0.0,0.0,0.0,0.0,0.0,0.0,0.0,0.0,0.0,0.0,0.0,0.0,0.0,0.0,0.0,0.0,0.0,0.0,0.0,0.0,0.0,0.0,0.0,0.0,0.0,0.0,0.0,0.0,0.0,0.0,0.0,0.0,0.0,0.0,0.0,0.0,0.0,0.0,0.0,0.0,0.0,0.0,0.0,0.0,0.0,0.0,0.0,0.0,0.0,0.0,0.0,0.0,0.0,0.0,0.0,0.0,0.0,0.0,0.0,0.0,0.0,0.0,0.0,0.0,0.0,0.0,0.0,0.0,0.0,0.0,0.0,0.0,0.0,0.0,0.0,0.0,0.0,0.0,0.0,0.0,0.0,0.0,0.0,0.0,0.0,0.0,0.0,0.0,0.0,0.0,0.0,0.0,0.0,0.0,0.0,0.0,0.0,0.0,0.0,0.0,0.0,0.0,0.0,0.0,0.0,0.0,0.0,0.0,0.0,0.0,0.0,0.0,0.0,0.0,0.0,0.0,0.0,0.0,0.0,0.0,0.0,0.0,0.0,0.0,0.0,0.0,0.0,0.0,0.0,0.0,0.0,0.0,0.0,0.0,0.0,0.0
5402,0.0,0.0,0.0,0.0,0.0,0.0,0.0,0.0,0.0,0.0,0.0,0.0,0.0,0.0,0.0,0.0,0.0,0.0,0.0,0.0,0.0,0.0,0.0,0.0,0.0,0.0,0.0,0.0,0.0,0.0,0.0,0.0,0.0,0.0,0.0,0.0,0.0,0.0,0.0,0.0,0.0,0.0,0.0,0.0,0.0,0.0,0.0,0.0,0.0,0.0,0.0,0.0,0.0,0.0,0.0,0.0,0.0,0.0,0.0,0.0,0.0,0.0,0.0,0.0,0.0,0.0,0.0,0.0,0.0,0.0,0.0,0.0,0.0,0.0,0.0,0.0,0.0,0.0,0.0,0.0,0.0,0.0,0.0,0.0,0.0,0.0,0.0,0.0,0.0,0.0,0.0,0.0,0.0,0.0,0.0,0.0,0.0,0.0,0.0,0.0,0.0,0.0,0.0,0.0,0.0,0.0,0.0,0.0,0.0,0.0,0.0,0.0,0.0,0.0,0.0,0.0,0.0,0.0,0.0,0.0,0.0,0.0,0.0,0.0,0.0,0.0,0.0,0.0,0.0,0.0,0.0,0.0,0.0,0.0,0.0,0.0,0.0,0.0,0.0,0.0,0.0,0.0,0.0,0.0,0.0,0.0,0.0,0.0,0.0,0.0,0.0,0.0,0.0,0.0,0.0,0.0,0.0,0.0,0.0,0.0,0.0,0.0,0.0,0.0,0.0,0.0,0.0,0.0,0.0,0.0,0.0,0.0,0.0,0.0,0.0,0.0,0.0,0.0,0.0,0.0,0.0,0.0,0.0,0.0,0.0,0.0,0.0,0.0,0.0,0.0,0.0,0.0,0.0,0.0,0.0,0.0,0.0,0.0,0.0,0.0,0.0,0.0,0.0,0.0,0.0,0.0,0.0,0.0,0.0,0.0,0.0,0.0,0.0,0.0,0.0,0.0,0.0,0.0,0.0,0.0,0.0,0.0,0.0,0.0,0.0,0.0,0.0,0.0,0.0,0.0,0.0,0.0,0.0,0.0,0.0,0.0,0.0,0.0,0.0,0.0,0.0,0.0,0.0,0.0,0.0,0.0,0.0,0.0,0.0,0.0,0.0,0.0,0.0,0.0,0.0,0.0,0.0,0.0,0.0,0.0,0.0,0.0,0.0,0.0,0.0,0.0,0.0,0.0,0.0,0.0,0.0,0.0,0.0,0.0,0.0,0.0,0.0,0.0,0.0,0.0,0.0,0.0,0.0,0.0,0.0,0.0,0.0,0.0,0.0,0.0,0.0,0.0,0.0,0.0,0.0,0.0,0.0,0.0,0.0,0.0,0.0,0.0,0.0,0.0,0.0,0.0,0.0,0.0,0.0,0.0,0.0,0.0,0.0,0.0,0.0,0.0,0.0,0.0,0.0,0.0,0.0,0.0,0.0,0.0,0.0,0.0,0.0,0.0,0.0,0.0,0.0,0.0,0.0,0.0,0.0,0.0,0.0,0.0,0.0,0.0,0.0,0.0,0.0,0.0,0.0,0.0,0.0,0.0,0.0,0.0,0.0,0.0,0.0,0.0,0.0,0.0,0.0,0.0,0.0,0.0,0.0,0.0,0.0,0.0,0.0,0.0,0.0,0.0,0.0,0.0,0.0,0.0,0.0,0.0,0.0,0.0
5403,0.0,0.0,0.0,0.0,0.0,0.0,0.0,0.0,0.0,0.0,0.0,0.0,0.0,0.0,0.0,0.0,0.0,0.0,0.0,0.0,0.0,0.0,0.0,0.0,0.0,0.0,0.0,0.0,0.0,0.0,0.0,0.0,0.0,0.0,0.0,0.0,0.0,0.0,0.0,0.0,0.0,0.0,0.0,0.0,0.0,0.0,0.0,0.0,0.0,0.0,0.0,0.0,0.0,0.0,0.0,0.0,0.0,0.0,0.0,0.0,0.0,0.0,0.0,0.0,0.0,0.0,0.0,0.0,0.0,0.0,0.0,0.0,0.0,0.0,0.0,0.0,0.0,0.0,0.0,0.0,0.0,0.0,0.0,0.0,0.0,0.0,0.0,0.0,0.0,0.0,0.0,0.0,0.0,0.0,0.0,0.0,0.0,0.0,0.0,0.0,0.0,0.0,0.0,0.0,0.0,0.0,0.0,0.0,0.0,0.0,0.0,0.0,0.0,0.0,0.0,0.0,0.0,0.0,0.0,0.0,0.0,0.0,0.0,0.0,0.0,0.0,0.0,0.0,0.0,0.0,0.0,0.0,0.0,0.0,0.0,0.0,0.0,0.0,0.0,0.0,0.0,0.0,0.0,0.0,0.0,0.0,0.0,0.0,0.0,0.0,0.0,0.0,0.0,0.0,0.0,0.0,0.0,0.0,0.0,0.0,0.0,0.0,0.0,0.0,0.0,0.0,0.0,0.0,0.0,0.0,0.0,0.0,0.0,0.0,0.0,0.0,0.0,0.0,0.0,0.0,0.0,0.0,0.0,0.0,0.0,0.0,0.0,0.0,0.0,0.0,0.0,0.0,0.0,0.0,0.0,0.0,0.0,0.0,0.0,0.0,0.0,0.0,0.0,0.0,0.0,0.0,0.0,0.0,0.0,0.0,0.0,0.0,0.0,0.0,0.0,0.0,0.0,0.0,0.0,0.0,0.0,0.0,0.0,0.0,0.0,0.0,0.0,0.0,0.0,0.0,0.0,0.0,0.0,0.0,0.0,0.0,0.0,0.0,0.0,0.0,0.0,0.0,0.0,0.0,0.0,0.0,0.0,0.0,0.0,0.0,0.0,0.0,0.0,0.0,0.0,0.0,0.0,0.0,0.0,0.0,0.0,0.0,0.0,0.0,0.0,0.0,0.0,0.0,0.0,0.0,0.0,0.0,0.0,0.0,0.0,0.0,0.0,0.0,0.0,0.0,0.0,0.0,0.0,0.0,0.0,0.0,0.0,0.0,0.0,0.0,0.0,0.0,0.0,0.0,0.0,0.0,0.0,0.0,0.0,0.0,0.0,0.0,0.0,0.0,0.0,0.0,0.0,0.0,0.0,0.0,0.0,0.0,0.0,0.0,0.0,0.0,0.0,0.0,0.0,0.0,0.0,0.0,0.0,0.0,0.0,0.0,0.0,0.0,0.0,0.0,0.0,0.0,0.0,0.0,0.0,0.0,0.0,0.0,0.0,0.0,0.0,0.0,0.0,0.0,0.0,0.0,0.0,0.0,0.0,0.0,0.0,0.0,0.0,0.0,0.0,0.0,0.0,0.0,0.0,0.0,0.0,0.0,0.0,0.0,0.0,0.0,0.0,0.0,0.0,0.0,0.0,0.0,0.0,0.0,0.0,0.0
5404,0.0,0.0,0.0,0.0,0.0,0.0,0.0,0.0,0.0,0.0,0.0,0.0,0.0,0.0,0.0,0.0,0.0,0.0,0.0,0.0,0.0,0.0,0.0,0.0,0.0,0.0,0.0,0.0,0.0,0.0,0.0,0.0,0.0,0.0,0.0,0.0,0.0,0.0,0.0,0.0,0.0,0.0,0.0,0.0,0.0,0.0,0.0,0.0,0.0,0.0,0.0,0.0,0.0,0.0,0.0,0.0,0.0,0.0,0.0,0.0,0.0,0.0,0.0,0.0,0.0,0.0,0.0,0.0,0.0,0.0,0.0,0.0,0.0,0.0,0.0,0.0,0.0,0.0,0.0,0.0,0.0,0.0,0.0,0.0,0.0,0.0,0.0,0.0,0.0,0.0,0.0,0.0,0.0,0.0,0.0,0.0,0.0,0.0,0.0,0.0,0.0,0.0,0.0,0.0,0.0,0.0,0.0,0.0,0.0,0.0,0.0,0.0,0.0,0.0,0.0,0.0,0.0,0.0,0.0,0.0,0.0,0.0,0.0,0.0,0.0,0.0,0.0,0.0,0.0,0.0,0.0,0.0,0.0,0.0,0.0,0.0,0.0,0.0,0.0,0.0,0.0,0.0,0.0,0.0,0.0,0.0,0.0,0.0,0.0,0.0,0.0,0.0,0.0,0.0,0.0,0.0,0.0,0.0,0.0,0.0,0.0,0.0,0.0,0.0,0.0,0.0,0.0,0.0,0.0,0.0,0.0,0.0,0.0,0.0,0.0,0.0,0.0,0.0,0.0,0.0,0.0,0.0,0.0,0.0,0.0,0.0,0.0,0.0,0.0,0.0,0.0,0.0,0.0,0.0,0.0,0.0,0.0,0.0,0.0,0.0,0.0,0.0,0.0,0.0,0.0,0.0,0.0,0.0,0.0,0.0,0.0,0.0,0.0,0.0,0.0,0.0,0.0,0.0,0.0,0.0,0.0,0.0,0.0,0.0,0.0,0.0,0.0,0.0,0.0,0.0,0.0,0.0,0.0,0.0,0.0,0.0,0.0,0.0,0.0,0.0,0.0,0.0,0.0,0.0,0.0,0.0,0.0,0.0,0.0,0.0,0.0,0.0,0.0,0.0,0.0,0.0,0.0,0.0,0.0,0.0,0.0,0.0,0.0,0.0,0.0,0.0,0.0,0.0,0.0,0.0,0.0,0.0,0.0,0.0,0.0,0.0,0.0,0.0,0.0,0.0,0.0,0.0,0.0,0.0,0.0,0.0,0.0,0.0,0.0,0.0,0.0,0.0,0.0,0.0,0.0,0.0,0.0,0.0,0.0,0.0,0.0,0.0,0.0,0.0,0.0,0.0,0.0,0.0,0.0,0.0,0.0,0.0,0.0,0.0,0.0,0.0,0.0,0.0,0.0,0.0,0.0,0.0,0.0,0.0,0.0,0.0,0.0,0.0,0.0,0.0,0.0,0.0,0.0,0.0,0.0,0.0,0.0,0.0,0.0,0.0,0.0,0.0,0.0,0.0,0.0,0.0,0.0,0.0,0.0,0.0,0.0,0.0,0.0,0.0,0.0,0.0,0.0,0.0,0.0,0.0,0.0,0.0,0.0,0.0,0.0,0.0,0.0,0.0,0.0,0.0,0.0,0.0,0.0,0.0,0.0,0.0
5405,0.0,0.0,0.0,0.0,0.0,0.0,0.0,0.0,0.0,0.0,0.0,0.0,0.0,0.0,0.0,0.0,0.0,0.0,0.0,0.0,0.0,0.0,0.0,0.0,0.0,0.0,0.0,0.0,0.0,0.0,0.0,0.0,0.0,0.0,0.0,0.0,0.0,0.0,0.0,0.0,0.0,0.0,0.0,0.0,0.0,0.0,0.0,0.0,0.0,0.0,0.0,0.0,0.0,0.0,0.0,0.0,0.0,0.0,0.0,0.0,0.0,0.0,0.0,0.0,0.0,0.0,0.0,0.0,0.0,0.0,0.0,0.0,0.0,0.0,0.0,0.0,0.0,0.0,0.0,0.0,0.0,0.0,0.0,0.0,0.0,0.0,0.0,0.0,0.0,0.0,0.0,0.0,0.0,0.0,0.0,0.0,0.0,0.0,0.0,0.0,0.0,0.0,0.0,0.0,0.0,0.0,0.0,0.0,0.0,0.0,0.0,0.0,0.0,0.0,0.0,0.0,0.0,0.0,0.0,0.0,0.0,0.0,0.0,0.0,0.0,0.0,0.0,0.0,0.0,0.0,0.0,0.0,0.0,0.0,0.0,0.0,0.0,0.0,0.0,0.0,0.0,0.0,0.0,0.0,0.0,0.0,0.0,0.0,0.0,0.0,0.0,0.0,0.0,0.0,0.0,0.0,0.0,0.0,0.0,0.0,0.0,0.0,0.0,0.0,0.0,0.0,0.0,0.0,0.0,0.0,0.0,0.0,0.0,0.0,0.0,0.0,0.0,0.0,0.0,0.0,0.0,0.0,0.0,0.0,0.0,0.0,0.0,0.0,0.0,0.0,0.0,0.0,0.0,0.0,0.0,0.0,0.0,0.0,0.0,0.0,0.0,0.0,0.0,0.0,0.0,0.0,0.0,0.0,0.0,0.0,0.0,0.0,0.0,0.0,0.0,0.0,0.0,0.0,0.0,0.0,0.0,0.0,0.0,0.0,0.0,0.0,0.0,0.0,0.0,0.0,0.0,0.0,0.0,0.0,0.0,0.0,0.0,0.0,0.0,0.0,0.0,0.0,0.0,0.0,0.0,0.0,0.0,0.0,0.0,0.0,0.0,0.0,0.0,0.0,0.0,0.0,0.0,0.0,0.0,0.0,0.0,0.0,0.0,0.0,0.0,0.0,0.0,0.0,0.0,0.0,0.0,0.0,0.0,0.0,0.0,0.0,0.0,0.0,0.0,0.0,0.0,0.0,0.0,0.0,0.0,0.0,0.0,0.0,0.0,0.0,0.0,0.0,0.0,0.0,0.0,0.0,0.0,0.0,0.0,0.0,0.0,0.0,0.0,0.0,0.0,0.0,0.0,0.0,0.0,0.0,0.0,0.0,0.0,0.0,0.0,0.0,0.0,0.0,0.0,0.0,0.0,0.0,0.0,0.0,0.0,0.0,0.0,0.0,0.0,0.0,0.0,0.0,0.0,0.0,0.0,0.0,0.0,0.0,0.0,0.0,0.0,0.0,0.0,0.0,0.0,0.0,0.0,0.0,0.0,0.0,0.0,0.0,0.0,0.0,0.0,0.0,0.0,0.0,0.0,0.0,0.0,0.0,0.0,0.0,0.0,0.0,0.0,0.0,0.0,0.0,0.0,0.0,0.0,0.0,0.0,0.0
5406,0.0,0.0,0.0,0.0,0.0,0.0,0.0,0.0,0.0,0.0,0.0,0.0,0.0,0.0,0.0,0.0,0.0,0.0,0.0,0.0,0.0,0.0,0.0,0.0,0.0,0.0,0.0,0.0,0.0,0.0,0.0,0.0,0.0,0.0,0.0,0.0,0.0,0.0,0.0,0.0,0.0,0.0,0.0,0.0,0.0,0.0,0.0,0.0,0.0,0.0,0.0,0.0,0.0,0.0,0.0,0.0,0.0,0.0,0.0,0.0,0.0,0.0,0.0,0.0,0.0,0.0,0.0,0.0,0.0,0.0,0.0,0.0,0.0,0.0,0.0,0.0,0.0,0.0,0.0,0.0,0.0,0.0,0.0,0.0,0.0,0.0,0.0,0.0,0.0,0.0,0.0,0.0,0.0,0.0,0.0,0.0,0.0,0.0,0.0,0.0,0.0,0.0,0.0,0.0,0.0,0.0,0.0,0.0,0.0,0.0,0.0,0.0,0.0,0.0,0.0,0.0,0.0,0.0,0.0,0.0,0.0,0.0,0.0,0.0,0.0,0.0,0.0,0.0,0.0,0.0,0.0,0.0,0.0,0.0,0.0,0.0,0.0,0.0,0.0,0.0,0.0,0.0,0.0,0.0,0.0,0.0,0.0,0.0,0.0,0.0,0.0,0.0,0.0,0.0,0.0,0.0,0.0,0.0,0.0,0.0,0.0,0.0,0.0,0.0,0.0,0.0,0.0,0.0,0.0,0.0,0.0,0.0,0.0,0.0,0.0,0.0,0.0,0.0,0.0,0.0,0.0,0.0,0.0,0.0,0.0,0.0,0.0,0.0,0.0,0.0,0.0,0.0,0.0,0.0,0.0,0.0,0.0,0.0,0.0,0.0,0.0,0.0,0.0,0.0,0.0,0.0,0.0,0.0,0.0,0.0,0.0,0.0,0.0,0.0,0.0,0.0,0.0,0.0,0.0,0.0,0.0,0.0,0.0,0.0,0.0,0.0,0.0,0.0,0.0,0.0,0.0,0.0,0.0,0.0,0.0,0.0,0.0,0.0,0.0,0.0,0.0,0.0,0.0,0.0,0.0,0.0,0.0,0.0,0.0,0.0,0.0,0.0,0.0,0.0,0.0,0.0,0.0,0.0,0.0,0.0,0.0,0.0,0.0,0.0,0.0,0.0,0.0,0.0,0.0,0.0,0.0,0.0,0.0,0.0,0.0,0.0,0.0,0.0,0.0,0.0,0.0,0.0,0.0,0.0,0.0,0.0,0.0,0.0,0.0,0.0,0.0,0.0,0.0,0.0,0.0,0.0,0.0,0.0,0.0,0.0,0.0,0.0,0.0,0.0,0.0,0.0,0.0,0.0,0.0,0.0,0.0,0.0,0.0,0.0,0.0,0.0,0.0,0.0,0.0,0.0,0.0,0.0,0.0,0.0,0.0,0.0,0.0,0.0,0.0,0.0,0.0,0.0,0.0,0.0,0.0,0.0,0.0,0.0,0.0,0.0,0.0,0.0,0.0,0.0,0.0,0.0,0.0,0.0,0.0,0.0,0.0,0.0,0.0,0.0,0.0,0.0,0.0,0.0,0.0,0.0,0.0,0.0,0.0,0.0,0.0,0.0,0.0,0.0,0.0,0.0,0.0,0.0,0.0,0.0,0.0,0.0
5407,0.0,0.0,0.0,0.0,0.0,0.0,0.0,0.0,0.0,0.0,0.0,0.0,0.0,0.0,0.0,0.0,0.0,0.0,0.0,0.0,0.0,0.0,0.0,0.0,0.0,0.0,0.0,0.0,0.0,0.0,0.0,0.0,0.0,0.0,0.0,0.0,0.0,0.0,0.0,0.0,0.0,0.0,0.0,0.0,0.0,0.0,0.0,0.0,0.0,0.0,0.0,0.0,0.0,0.0,0.0,0.0,0.0,0.0,0.0,0.0,0.0,0.0,0.0,0.0,0.0,0.0,0.0,0.0,0.0,0.0,0.0,0.0,0.0,0.0,0.0,0.0,0.0,0.0,0.0,0.0,0.0,0.0,0.0,0.0,0.0,0.0,0.0,0.0,0.0,0.0,0.0,0.0,0.0,0.0,0.0,0.0,0.0,0.0,0.0,0.0,0.0,0.0,0.0,0.0,0.0,0.0,0.0,0.0,0.0,0.0,0.0,0.0,0.0,0.0,0.0,0.0,0.0,0.0,0.0,0.0,0.0,0.0,0.0,0.0,0.0,0.0,0.0,0.0,0.0,0.0,0.0,0.0,0.0,0.0,0.0,0.0,0.0,0.0,0.0,0.0,0.0,0.0,0.0,0.0,0.0,0.0,0.0,0.0,0.0,0.0,0.0,0.0,0.0,0.0,0.0,0.0,0.0,0.0,0.0,0.0,0.0,0.0,0.0,0.0,0.0,0.0,0.0,0.0,0.0,0.0,0.0,0.0,0.0,0.0,0.0,0.0,0.0,0.0,0.0,0.0,0.0,0.0,0.0,0.0,0.0,0.0,0.0,0.0,0.0,0.0,0.0,0.0,0.0,0.0,0.0,0.0,0.0,0.0,0.0,0.0,0.0,0.0,0.0,0.0,0.0,0.0,0.0,0.0,0.0,0.0,0.0,0.0,0.0,0.0,0.0,0.0,0.0,0.0,0.0,0.0,0.0,0.0,0.0,0.0,0.0,0.0,0.0,0.0,0.0,0.0,0.0,0.0,0.0,0.0,0.0,0.0,0.0,0.0,0.0,0.0,0.0,0.0,0.0,0.0,0.0,0.0,0.0,0.0,0.0,0.0,0.0,0.0,0.0,0.0,0.0,0.0,0.0,0.0,0.0,0.0,0.0,0.0,0.0,0.0,0.0,0.0,0.0,0.0,0.0,0.0,0.0,0.0,0.0,0.0,0.0,0.0,0.0,0.0,0.0,0.0,0.0,0.0,0.0,0.0,0.0,0.0,0.0,0.0,0.0,0.0,0.0,0.0,0.0,0.0,0.0,0.0,0.0,0.0,0.0,0.0,0.0,0.0,0.0,0.0,0.0,0.0,0.0,0.0,0.0,0.0,0.0,0.0,0.0,0.0,0.0,0.0,0.0,0.0,0.0,0.0,0.0,0.0,0.0,0.0,0.0,0.0,0.0,0.0,0.0,0.0,0.0,0.0,0.0,0.0,0.0,0.0,0.0,0.0,0.0,0.0,0.0,0.0,0.0,0.0,0.0,0.0,0.0,0.0,0.0,0.0,0.0,0.0,0.0,0.0,0.0,0.0,0.0,0.0,0.0,0.0,0.0,0.0,0.0,0.0,0.0,0.0,0.0,0.0,0.0,0.0,0.0,0.0,0.0,0.0,0.0,0.0
5408,0.0,0.0,0.0,0.0,0.0,0.0,0.0,0.0,0.0,0.0,0.0,0.0,0.0,0.0,0.0,0.0,0.0,0.0,0.0,0.0,0.0,0.0,0.0,0.0,0.0,0.0,0.0,0.0,0.0,0.0,0.0,0.0,0.0,0.0,0.0,0.0,0.0,0.0,0.0,0.0,0.0,0.0,0.0,0.0,0.0,0.0,0.0,0.0,0.0,0.0,0.0,0.0,0.0,0.0,0.0,0.0,0.0,0.0,0.0,0.0,0.0,0.0,0.0,0.0,0.0,0.0,0.0,0.0,0.0,0.0,0.0,0.0,0.0,0.0,0.0,0.0,0.0,0.0,0.0,0.0,0.0,0.0,0.0,0.0,0.0,0.0,0.0,0.0,0.0,0.0,0.0,0.0,0.0,0.0,0.0,0.0,0.0,0.0,0.0,0.0,0.0,0.0,0.0,0.0,0.0,0.0,0.0,0.0,0.0,0.0,0.0,0.0,0.0,0.0,0.0,0.0,0.0,0.0,0.0,0.0,0.0,0.0,0.0,0.0,0.0,0.0,0.0,0.0,0.0,0.0,0.0,0.0,0.0,0.0,0.0,0.0,0.0,0.0,0.0,0.0,0.0,0.0,0.0,0.0,0.0,0.0,0.0,0.0,0.0,0.0,0.0,0.0,0.0,0.0,0.0,0.0,0.0,0.0,0.0,0.0,0.0,0.0,0.0,0.0,0.0,0.0,0.0,0.0,0.0,0.0,0.0,0.0,0.0,0.0,0.0,0.0,0.0,0.0,0.0,0.0,0.0,0.0,0.0,0.0,0.0,0.0,0.0,0.0,0.0,0.0,0.0,0.0,0.0,0.0,0.0,0.0,0.0,0.0,0.0,0.0,0.0,0.0,0.0,0.0,0.0,0.0,0.0,0.0,0.0,0.0,0.0,0.0,0.0,0.0,0.0,0.0,0.0,0.0,0.0,0.0,0.0,0.0,0.0,0.0,0.0,0.0,0.0,0.0,0.0,0.0,0.0,0.0,0.0,0.0,0.0,0.0,0.0,0.0,0.0,0.0,0.0,0.0,0.0,0.0,0.0,0.0,0.0,0.0,0.0,0.0,0.0,0.0,0.0,0.0,0.0,0.0,0.0,0.0,0.0,0.0,0.0,0.0,0.0,0.0,0.0,0.0,0.0,0.0,0.0,0.0,0.0,0.0,0.0,0.0,0.0,0.0,0.0,0.0,0.0,0.0,0.0,0.0,0.0,0.0,0.0,0.0,0.0,0.0,0.0,0.0,0.0,0.0,0.0,0.0,0.0,0.0,0.0,0.0,0.0,0.0,0.0,0.0,0.0,0.0,0.0,0.0,0.0,0.0,0.0,0.0,0.0,0.0,0.0,0.0,0.0,0.0,0.0,0.0,0.0,0.0,0.0,0.0,0.0,0.0,0.0,0.0,0.0,0.0,0.0,0.0,0.0,0.0,0.0,0.0,0.0,0.0,0.0,0.0,0.0,0.0,0.0,0.0,0.0,0.0,0.0,0.0,0.0,0.0,0.0,0.0,0.0,0.0,0.0,0.0,0.0,0.0,0.0,0.0,0.0,0.0,0.0,0.0,0.0,0.0,0.0,0.0,0.0,0.0,0.0,0.0,0.0,0.0,0.0,0.0,0.0,0.0
5409,0.0,0.0,0.0,0.0,0.0,0.0,0.0,0.0,0.0,0.0,0.0,0.0,0.0,0.0,0.0,0.0,0.0,0.0,0.0,0.0,0.0,0.0,0.0,0.0,0.0,0.0,0.0,0.0,0.0,0.0,0.0,0.0,0.0,0.0,0.0,0.0,0.0,0.0,0.0,0.0,0.0,0.0,0.0,0.0,0.0,0.0,0.0,0.0,0.0,0.0,0.0,0.0,0.0,0.0,0.0,0.0,0.0,0.0,0.0,0.0,0.0,0.0,0.0,0.0,0.0,0.0,0.0,0.0,0.0,0.0,0.0,0.0,0.0,0.0,0.0,0.0,0.0,0.0,0.0,0.0,0.0,0.0,0.0,0.0,0.0,0.0,0.0,0.0,0.0,0.0,0.0,0.0,0.0,0.0,0.0,0.0,0.0,0.0,0.0,0.0,0.0,0.0,0.0,0.0,0.0,0.0,0.0,0.0,0.0,0.0,0.0,0.0,0.0,0.0,0.0,0.0,0.0,0.0,0.0,0.0,0.0,0.0,0.0,0.0,0.0,0.0,0.0,0.0,0.0,0.0,0.0,0.0,0.0,0.0,0.0,0.0,0.0,0.0,0.0,0.0,0.0,0.0,0.0,0.0,0.0,0.0,0.0,0.0,0.0,0.0,0.0,0.0,0.0,0.0,0.0,0.0,0.0,0.0,0.0,0.0,0.0,0.0,0.0,0.0,0.0,0.0,0.0,0.0,0.0,0.0,0.0,0.0,0.0,0.0,0.0,0.0,0.0,0.0,0.0,0.0,0.0,0.0,0.0,0.0,0.0,0.0,0.0,0.0,0.0,0.0,0.0,0.0,0.0,0.0,0.0,0.0,0.0,0.0,0.0,0.0,0.0,0.0,0.0,0.0,0.0,0.0,0.0,0.0,0.0,0.0,0.0,0.0,0.0,0.0,0.0,0.0,0.0,0.0,0.0,0.0,0.0,0.0,0.0,0.0,0.0,0.0,0.0,0.0,0.0,0.0,0.0,0.0,0.0,0.0,0.0,0.0,0.0,0.0,0.0,0.0,0.0,0.0,0.0,0.0,0.0,0.0,0.0,0.0,0.0,0.0,0.0,0.0,0.0,0.0,0.0,0.0,0.0,0.0,0.0,0.0,0.0,0.0,0.0,0.0,0.0,0.0,0.0,0.0,0.0,0.0,0.0,0.0,0.0,0.0,0.0,0.0,0.0,0.0,0.0,0.0,0.0,0.0,0.0,0.0,0.0,0.0,0.0,0.0,0.0,0.0,0.0,0.0,0.0,0.0,0.0,0.0,0.0,0.0,0.0,0.0,0.0,0.0,0.0,0.0,0.0,0.0,0.0,0.0,0.0,0.0,0.0,0.0,0.0,0.0,0.0,0.0,0.0,0.0,0.0,0.0,0.0,0.0,0.0,0.0,0.0,0.0,0.0,0.0,0.0,0.0,0.0,0.0,0.0,0.0,0.0,0.0,0.0,0.0,0.0,0.0,0.0,0.0,0.0,0.0,0.0,0.0,0.0,0.0,0.0,0.0,0.0,0.0,0.0,0.0,0.0,0.0,0.0,0.0,0.0,0.0,0.0,0.0,0.0,0.0,0.0,0.0,0.0,0.0,0.0,0.0,0.0,0.0,0.0,0.0,0.0,0.0
5410,0.0,0.0,0.0,0.0,0.0,0.0,0.0,0.0,0.0,0.0,0.0,0.0,0.0,0.0,0.0,0.0,0.0,0.0,0.0,0.0,0.0,0.0,0.0,0.0,0.0,0.0,0.0,0.0,0.0,0.0,0.0,0.0,0.0,0.0,0.0,0.0,0.0,0.0,0.0,0.0,0.0,0.0,0.0,0.0,0.0,0.0,0.0,0.0,0.0,0.0,0.0,0.0,0.0,0.0,0.0,0.0,0.0,0.0,0.0,0.0,0.0,0.0,0.0,0.0,0.0,0.0,0.0,0.0,0.0,0.0,0.0,0.0,0.0,0.0,0.0,0.0,0.0,0.0,0.0,0.0,0.0,0.0,0.0,0.0,0.0,0.0,0.0,0.0,0.0,0.0,0.0,0.0,0.0,0.0,0.0,0.0,0.0,0.0,0.0,0.0,0.0,0.0,0.0,0.0,0.0,0.0,0.0,0.0,0.0,0.0,0.0,0.0,0.0,0.0,0.0,0.0,0.0,0.0,0.0,0.0,0.0,0.0,0.0,0.0,0.0,0.0,0.0,0.0,0.0,0.0,0.0,0.0,0.0,0.0,0.0,0.0,0.0,0.0,0.0,0.0,0.0,0.0,0.0,0.0,0.0,0.0,0.0,0.0,0.0,0.0,0.0,0.0,0.0,0.0,0.0,0.0,0.0,0.0,0.0,0.0,0.0,0.0,0.0,0.0,0.0,0.0,0.0,0.0,0.0,0.0,0.0,0.0,0.0,0.0,0.0,0.0,0.0,0.0,0.0,0.0,0.0,0.0,0.0,0.0,0.0,0.0,0.0,0.0,0.0,0.0,0.0,0.0,0.0,0.0,0.0,0.0,0.0,0.0,0.0,0.0,0.0,0.0,0.0,0.0,0.0,0.0,0.0,0.0,0.0,0.0,0.0,0.0,0.0,0.0,0.0,0.0,0.0,0.0,0.0,0.0,0.0,0.0,0.0,0.0,0.0,0.0,0.0,0.0,0.0,0.0,0.0,0.0,0.0,0.0,0.0,0.0,0.0,0.0,0.0,0.0,0.0,0.0,0.0,0.0,0.0,0.0,0.0,0.0,0.0,0.0,0.0,0.0,0.0,0.0,0.0,0.0,0.0,0.0,0.0,0.0,0.0,0.0,0.0,0.0,0.0,0.0,0.0,0.0,0.0,0.0,0.0,0.0,0.0,0.0,0.0,0.0,0.0,0.0,0.0,0.0,0.0,0.0,0.0,0.0,0.0,0.0,0.0,0.0,0.0,0.0,0.0,0.0,0.0,0.0,0.0,0.0,0.0,0.0,0.0,0.0,0.0,0.0,0.0,0.0,0.0,0.0,0.0,0.0,0.0,0.0,0.0,0.0,0.0,0.0,0.0,0.0,0.0,0.0,0.0,0.0,0.0,0.0,0.0,0.0,0.0,0.0,0.0,0.0,0.0,0.0,0.0,0.0,0.0,0.0,0.0,0.0,0.0,0.0,0.0,0.0,0.0,0.0,0.0,0.0,0.0,0.0,0.0,0.0,0.0,0.0,0.0,0.0,0.0,0.0,0.0,0.0,0.0,0.0,0.0,0.0,0.0,0.0,0.0,0.0,0.0,0.0,0.0,0.0,0.0,0.0,0.0,0.0,0.0,0.0,0.0,0.0
5411,0.0,0.0,0.0,0.0,0.0,0.0,0.0,0.0,0.0,0.0,0.0,0.0,0.0,0.0,0.0,0.0,0.0,0.0,0.0,0.0,0.0,0.0,0.0,0.0,0.0,0.0,0.0,0.0,0.0,0.0,0.0,0.0,0.0,0.0,0.0,0.0,0.0,0.0,0.0,0.0,0.0,0.0,0.0,0.0,0.0,0.0,0.0,0.0,0.0,0.0,0.0,0.0,0.0,0.0,0.0,0.0,0.0,0.0,0.0,0.0,0.0,0.0,0.0,0.0,0.0,0.0,0.0,0.0,0.0,0.0,0.0,0.0,0.0,0.0,0.0,0.0,0.0,0.0,0.0,0.0,0.0,0.0,0.0,0.0,0.0,0.0,0.0,0.0,0.0,0.0,0.0,0.0,0.0,0.0,0.0,0.0,0.0,0.0,0.0,0.0,0.0,0.0,0.0,0.0,0.0,0.0,0.0,0.0,0.0,0.0,0.0,0.0,0.0,0.0,0.0,0.0,0.0,0.0,0.0,0.0,0.0,0.0,0.0,0.0,0.0,0.0,0.0,0.0,0.0,0.0,0.0,0.0,0.0,0.0,0.0,0.0,0.0,0.0,0.0,0.0,0.0,0.0,0.0,0.0,0.0,0.0,0.0,0.0,0.0,0.0,0.0,0.0,0.0,0.0,0.0,0.0,0.0,0.0,0.0,0.0,0.0,0.0,0.0,0.0,0.0,0.0,0.0,0.0,0.0,0.0,0.0,0.0,0.0,0.0,0.0,0.0,0.0,0.0,0.0,0.0,0.0,0.0,0.0,0.0,0.0,0.0,0.0,0.0,0.0,0.0,0.0,0.0,0.0,0.0,0.0,0.0,0.0,0.0,0.0,0.0,0.0,0.0,0.0,0.0,0.0,0.0,0.0,0.0,0.0,0.0,0.0,0.0,0.0,0.0,0.0,0.0,0.0,0.0,0.0,0.0,0.0,0.0,0.0,0.0,0.0,0.0,0.0,0.0,0.0,0.0,0.0,0.0,0.0,0.0,0.0,0.0,0.0,0.0,0.0,0.0,0.0,0.0,0.0,0.0,0.0,0.0,0.0,0.0,0.0,0.0,0.0,0.0,0.0,0.0,0.0,0.0,0.0,0.0,0.0,0.0,0.0,0.0,0.0,0.0,0.0,0.0,0.0,0.0,0.0,0.0,0.0,0.0,0.0,0.0,0.0,0.0,0.0,0.0,0.0,0.0,0.0,0.0,0.0,0.0,0.0,0.0,0.0,0.0,0.0,0.0,0.0,0.0,0.0,0.0,0.0,0.0,0.0,0.0,0.0,0.0,0.0,0.0,0.0,0.0,0.0,0.0,0.0,0.0,0.0,0.0,0.0,0.0,0.0,0.0,0.0,0.0,0.0,0.0,0.0,0.0,0.0,0.0,0.0,0.0,0.0,0.0,0.0,0.0,0.0,0.0,0.0,0.0,0.0,0.0,0.0,0.0,0.0,0.0,0.0,0.0,0.0,0.0,0.0,0.0,0.0,0.0,0.0,0.0,0.0,0.0,0.0,0.0,0.0,0.0,0.0,0.0,0.0,0.0,0.0,0.0,0.0,0.0,0.0,0.0,0.0,0.0,0.0,0.0,0.0,0.0,0.0,0.0,0.0,0.0,0.0,0.0
5412,0.0,0.0,0.0,0.0,0.0,0.0,0.0,0.0,0.0,0.0,0.0,0.0,0.0,0.0,0.0,0.0,0.0,0.0,0.0,0.0,0.0,0.0,0.0,0.0,0.0,0.0,0.0,0.0,0.0,0.0,0.0,0.0,0.0,0.0,0.0,0.0,0.0,0.0,0.0,0.0,0.0,0.0,0.0,0.0,0.0,0.0,0.0,0.0,0.0,0.0,0.0,0.0,0.0,0.0,0.0,0.0,0.0,0.0,0.0,0.0,0.0,0.0,0.0,0.0,0.0,0.0,0.0,0.0,0.0,0.0,0.0,0.0,0.0,0.0,0.0,0.0,0.0,0.0,0.0,0.0,0.0,0.0,0.0,0.0,0.0,0.0,0.0,0.0,0.0,0.0,0.0,0.0,0.0,0.0,0.0,0.0,0.0,0.0,0.0,0.0,0.0,0.0,0.0,0.0,0.0,0.0,0.0,0.0,0.0,0.0,0.0,0.0,0.0,0.0,0.0,0.0,0.0,0.0,0.0,0.0,0.0,0.0,0.0,0.0,0.0,0.0,0.0,0.0,0.0,0.0,0.0,0.0,0.0,0.0,0.0,0.0,0.0,0.0,0.0,0.0,0.0,0.0,0.0,0.0,0.0,0.0,0.0,0.0,0.0,0.0,0.0,0.0,0.0,0.0,0.0,0.0,0.0,0.0,0.0,0.0,0.0,0.0,0.0,0.0,0.0,0.0,0.0,0.0,0.0,0.0,0.0,0.0,0.0,0.0,0.0,0.0,0.0,0.0,0.0,0.0,0.0,0.0,0.0,0.0,0.0,0.0,0.0,0.0,0.0,0.0,0.0,0.0,0.0,0.0,0.0,0.0,0.0,0.0,0.0,0.0,0.0,0.0,0.0,0.0,0.0,0.0,0.0,0.0,0.0,0.0,0.0,0.0,0.0,0.0,0.0,0.0,0.0,0.0,0.0,0.0,0.0,0.0,0.0,0.0,0.0,0.0,0.0,0.0,0.0,0.0,0.0,0.0,0.0,0.0,0.0,0.0,0.0,0.0,0.0,0.0,0.0,0.0,0.0,0.0,0.0,0.0,0.0,0.0,0.0,0.0,0.0,0.0,0.0,0.0,0.0,0.0,0.0,0.0,0.0,0.0,0.0,0.0,0.0,0.0,0.0,0.0,0.0,0.0,0.0,0.0,0.0,0.0,0.0,0.0,0.0,0.0,0.0,0.0,0.0,0.0,0.0,0.0,0.0,0.0,0.0,0.0,0.0,0.0,0.0,0.0,0.0,0.0,0.0,0.0,0.0,0.0,0.0,0.0,0.0,0.0,0.0,0.0,0.0,0.0,0.0,0.0,0.0,0.0,0.0,0.0,0.0,0.0,0.0,0.0,0.0,0.0,0.0,0.0,0.0,0.0,0.0,0.0,0.0,0.0,0.0,0.0,0.0,0.0,0.0,0.0,0.0,0.0,0.0,0.0,0.0,0.0,0.0,0.0,0.0,0.0,0.0,0.0,0.0,0.0,0.0,0.0,0.0,0.0,0.0,0.0,0.0,0.0,0.0,0.0,0.0,0.0,0.0,0.0,0.0,0.0,0.0,0.0,0.0,0.0,0.0,0.0,0.0,0.0,0.0,0.0,0.0,0.0,0.0,0.0,0.0,0.0
5413,0.0,0.0,0.0,0.0,0.0,0.0,0.0,0.0,0.0,0.0,0.0,0.0,0.0,0.0,0.0,0.0,0.0,0.0,0.0,0.0,0.0,0.0,0.0,0.0,0.0,0.0,0.0,0.0,0.0,0.0,0.0,0.0,0.0,0.0,0.0,0.0,0.0,0.0,0.0,0.0,0.0,0.0,0.0,0.0,0.0,0.0,0.0,0.0,0.0,0.0,0.0,0.0,0.0,0.0,0.0,0.0,0.0,0.0,0.0,0.0,0.0,0.0,0.0,0.0,0.0,0.0,0.0,0.0,0.0,0.0,0.0,0.0,0.0,0.0,0.0,0.0,0.0,0.0,0.0,0.0,0.0,0.0,0.0,0.0,0.0,0.0,0.0,0.0,0.0,0.0,0.0,0.0,0.0,0.0,0.0,0.0,0.0,0.0,0.0,0.0,0.0,0.0,0.0,0.0,0.0,0.0,0.0,0.0,0.0,0.0,0.0,0.0,0.0,0.0,0.0,0.0,0.0,0.0,0.0,0.0,0.0,0.0,0.0,0.0,0.0,0.0,0.0,0.0,0.0,0.0,0.0,0.0,0.0,0.0,0.0,0.0,0.0,0.0,0.0,0.0,0.0,0.0,0.0,0.0,0.0,0.0,0.0,0.0,0.0,0.0,0.0,0.0,0.0,0.0,0.0,0.0,0.0,0.0,0.0,0.0,0.0,0.0,0.0,0.0,0.0,0.0,0.0,0.0,0.0,0.0,0.0,0.0,0.0,0.0,0.0,0.0,0.0,0.0,0.0,0.0,0.0,0.0,0.0,0.0,0.0,0.0,0.0,0.0,0.0,0.0,0.0,0.0,0.0,0.0,0.0,0.0,0.0,0.0,0.0,0.0,0.0,0.0,0.0,0.0,0.0,0.0,0.0,0.0,0.0,0.0,0.0,0.0,0.0,0.0,0.0,0.0,0.0,0.0,0.0,0.0,0.0,0.0,0.0,0.0,0.0,0.0,0.0,0.0,0.0,0.0,0.0,0.0,0.0,0.0,0.0,0.0,0.0,0.0,0.0,0.0,0.0,0.0,0.0,0.0,0.0,0.0,0.0,0.0,0.0,0.0,0.0,0.0,0.0,0.0,0.0,0.0,0.0,0.0,0.0,0.0,0.0,0.0,0.0,0.0,0.0,0.0,0.0,0.0,0.0,0.0,0.0,0.0,0.0,0.0,0.0,0.0,0.0,0.0,0.0,0.0,0.0,0.0,0.0,0.0,0.0,0.0,0.0,0.0,0.0,0.0,0.0,0.0,0.0,0.0,0.0,0.0,0.0,0.0,0.0,0.0,0.0,0.0,0.0,0.0,0.0,0.0,0.0,0.0,0.0,0.0,0.0,0.0,0.0,0.0,0.0,0.0,0.0,0.0,0.0,0.0,0.0,0.0,0.0,0.0,0.0,0.0,0.0,0.0,0.0,0.0,0.0,0.0,0.0,0.0,0.0,0.0,0.0,0.0,0.0,0.0,0.0,0.0,0.0,0.0,0.0,0.0,0.0,0.0,0.0,0.0,0.0,0.0,0.0,0.0,0.0,0.0,0.0,0.0,0.0,0.0,0.0,0.0,0.0,0.0,0.0,0.0,0.0,0.0,0.0,0.0,0.0,0.0,0.0,0.0,0.0,0.0
5414,0.0,0.0,0.0,0.0,0.0,0.0,0.0,0.0,0.0,0.0,0.0,0.0,0.0,0.0,0.0,0.0,0.0,0.0,0.0,0.0,0.0,0.0,0.0,0.0,0.0,0.0,0.0,0.0,0.0,0.0,0.0,0.0,0.0,0.0,0.0,0.0,0.0,0.0,0.0,0.0,0.0,0.0,0.0,0.0,0.0,0.0,0.0,0.0,0.0,0.0,0.0,0.0,0.0,0.0,0.0,0.0,0.0,0.0,0.0,0.0,0.0,0.0,0.0,0.0,0.0,0.0,0.0,0.0,0.0,0.0,0.0,0.0,0.0,0.0,0.0,0.0,0.0,0.0,0.0,0.0,0.0,0.0,0.0,0.0,0.0,0.0,0.0,0.0,0.0,0.0,0.0,0.0,0.0,0.0,0.0,0.0,0.0,0.0,0.0,0.0,0.0,0.0,0.0,0.0,0.0,0.0,0.0,0.0,0.0,0.0,0.0,0.0,0.0,0.0,0.0,0.0,0.0,0.0,0.0,0.0,0.0,0.0,0.0,0.0,0.0,0.0,0.0,0.0,0.0,0.0,0.0,0.0,0.0,0.0,0.0,0.0,0.0,0.0,0.0,0.0,0.0,0.0,0.0,0.0,0.0,0.0,0.0,0.0,0.0,0.0,0.0,0.0,0.0,0.0,0.0,0.0,0.0,0.0,0.0,0.0,0.0,0.0,0.0,0.0,0.0,0.0,0.0,0.0,0.0,0.0,0.0,0.0,0.0,0.0,0.0,0.0,0.0,0.0,0.0,0.0,0.0,0.0,0.0,0.0,0.0,0.0,0.0,0.0,0.0,0.0,0.0,0.0,0.0,0.0,0.0,0.0,0.0,0.0,0.0,0.0,0.0,0.0,0.0,0.0,0.0,0.0,0.0,0.0,0.0,0.0,0.0,0.0,0.0,0.0,0.0,0.0,0.0,0.0,0.0,0.0,0.0,0.0,0.0,0.0,0.0,0.0,0.0,0.0,0.0,0.0,0.0,0.0,0.0,0.0,0.0,0.0,0.0,0.0,0.0,0.0,0.0,0.0,0.0,0.0,0.0,0.0,0.0,0.0,0.0,0.0,0.0,0.0,0.0,0.0,0.0,0.0,0.0,0.0,0.0,0.0,0.0,0.0,0.0,0.0,0.0,0.0,0.0,0.0,0.0,0.0,0.0,0.0,0.0,0.0,0.0,0.0,0.0,0.0,0.0,0.0,0.0,0.0,0.0,0.0,0.0,0.0,0.0,0.0,0.0,0.0,0.0,0.0,0.0,0.0,0.0,0.0,0.0,0.0,0.0,0.0,0.0,0.0,0.0,0.0,0.0,0.0,0.0,0.0,0.0,0.0,0.0,0.0,0.0,0.0,0.0,0.0,0.0,0.0,0.0,0.0,0.0,0.0,0.0,0.0,0.0,0.0,0.0,0.0,0.0,0.0,0.0,0.0,0.0,0.0,0.0,0.0,0.0,0.0,0.0,0.0,0.0,0.0,0.0,0.0,0.0,0.0,0.0,0.0,0.0,0.0,0.0,0.0,0.0,0.0,0.0,0.0,0.0,0.0,0.0,0.0,0.0,0.0,0.0,0.0,0.0,0.0,0.0,0.0,0.0,0.0,0.0,0.0,0.0,0.0,0.0,0.0
5415,0.0,0.0,0.0,0.0,0.0,0.0,0.0,0.0,0.0,0.0,0.0,0.0,0.0,0.0,0.0,0.0,0.0,0.0,0.0,0.0,0.0,0.0,0.0,0.0,0.0,0.0,0.0,0.0,0.0,0.0,0.0,0.0,0.0,0.0,0.0,0.0,0.0,0.0,0.0,0.0,0.0,0.0,0.0,0.0,0.0,0.0,0.0,0.0,0.0,0.0,0.0,0.0,0.0,0.0,0.0,0.0,0.0,0.0,0.0,0.0,0.0,0.0,0.0,0.0,0.0,0.0,0.0,0.0,0.0,0.0,0.0,0.0,0.0,0.0,0.0,0.0,0.0,0.0,0.0,0.0,0.0,0.0,0.0,0.0,0.0,0.0,0.0,0.0,0.0,0.0,0.0,0.0,0.0,0.0,0.0,0.0,0.0,0.0,0.0,0.0,0.0,0.0,0.0,0.0,0.0,0.0,0.0,0.0,0.0,0.0,0.0,0.0,0.0,0.0,0.0,0.0,0.0,0.0,0.0,0.0,0.0,0.0,0.0,0.0,0.0,0.0,0.0,0.0,0.0,0.0,0.0,0.0,0.0,0.0,0.0,0.0,0.0,0.0,0.0,0.0,0.0,0.0,0.0,0.0,0.0,0.0,0.0,0.0,0.0,0.0,0.0,0.0,0.0,0.0,0.0,0.0,0.0,0.0,0.0,0.0,0.0,0.0,0.0,0.0,0.0,0.0,0.0,0.0,0.0,0.0,0.0,0.0,0.0,0.0,0.0,0.0,0.0,0.0,0.0,0.0,0.0,0.0,0.0,0.0,0.0,0.0,0.0,0.0,0.0,0.0,0.0,0.0,0.0,0.0,0.0,0.0,0.0,0.0,0.0,0.0,0.0,0.0,0.0,0.0,0.0,0.0,0.0,0.0,0.0,0.0,0.0,0.0,0.0,0.0,0.0,0.0,0.0,0.0,0.0,0.0,0.0,0.0,0.0,0.0,0.0,0.0,0.0,0.0,0.0,0.0,0.0,0.0,0.0,0.0,0.0,0.0,0.0,0.0,0.0,0.0,0.0,0.0,0.0,0.0,0.0,0.0,0.0,0.0,0.0,0.0,0.0,0.0,0.0,0.0,0.0,0.0,0.0,0.0,0.0,0.0,0.0,0.0,0.0,0.0,0.0,0.0,0.0,0.0,0.0,0.0,0.0,0.0,0.0,0.0,0.0,0.0,0.0,0.0,0.0,0.0,0.0,0.0,0.0,0.0,0.0,0.0,0.0,0.0,0.0,0.0,0.0,0.0,0.0,0.0,0.0,0.0,0.0,0.0,0.0,0.0,0.0,0.0,0.0,0.0,0.0,0.0,0.0,0.0,0.0,0.0,0.0,0.0,0.0,0.0,0.0,0.0,0.0,0.0,0.0,0.0,0.0,0.0,0.0,0.0,0.0,0.0,0.0,0.0,0.0,0.0,0.0,0.0,0.0,0.0,0.0,0.0,0.0,0.0,0.0,0.0,0.0,0.0,0.0,0.0,0.0,0.0,0.0,0.0,0.0,0.0,0.0,0.0,0.0,0.0,0.0,0.0,0.0,0.0,0.0,0.0,0.0,0.0,0.0,0.0,0.0,0.0,0.0,0.0,0.0,0.0,0.0,0.0,0.0,0.0,0.0,0.0
5416,0.0,0.0,0.0,0.0,0.0,0.0,0.0,0.0,0.0,0.0,0.0,0.0,0.0,0.0,0.0,0.0,0.0,0.0,0.0,0.0,0.0,0.0,0.0,0.0,0.0,0.0,0.0,0.0,0.0,0.0,0.0,0.0,0.0,0.0,0.0,0.0,0.0,0.0,0.0,0.0,0.0,0.0,0.0,0.0,0.0,0.0,0.0,0.0,0.0,0.0,0.0,0.0,0.0,0.0,0.0,0.0,0.0,0.0,0.0,0.0,0.0,0.0,0.0,0.0,0.0,0.0,0.0,0.0,0.0,0.0,0.0,0.0,0.0,0.0,0.0,0.0,0.0,0.0,0.0,0.0,0.0,0.0,0.0,0.0,0.0,0.0,0.0,0.0,0.0,0.0,0.0,0.0,0.0,0.0,0.0,0.0,0.0,0.0,0.0,0.0,0.0,0.0,0.0,0.0,0.0,0.0,0.0,0.0,0.0,0.0,0.0,0.0,0.0,0.0,0.0,0.0,0.0,0.0,0.0,0.0,0.0,0.0,0.0,0.0,0.0,0.0,0.0,0.0,0.0,0.0,0.0,0.0,0.0,0.0,0.0,0.0,0.0,0.0,0.0,0.0,0.0,0.0,0.0,0.0,0.0,0.0,0.0,0.0,0.0,0.0,0.0,0.0,0.0,0.0,0.0,0.0,0.0,0.0,0.0,0.0,0.0,0.0,0.0,0.0,0.0,0.0,0.0,0.0,0.0,0.0,0.0,0.0,0.0,0.0,0.0,0.0,0.0,0.0,0.0,0.0,0.0,0.0,0.0,0.0,0.0,0.0,0.0,0.0,0.0,0.0,0.0,0.0,0.0,0.0,0.0,0.0,0.0,0.0,0.0,0.0,0.0,0.0,0.0,0.0,0.0,0.0,0.0,0.0,0.0,0.0,0.0,0.0,0.0,0.0,0.0,0.0,0.0,0.0,0.0,0.0,0.0,0.0,0.0,0.0,0.0,0.0,0.0,0.0,0.0,0.0,0.0,0.0,0.0,0.0,0.0,0.0,0.0,0.0,0.0,0.0,0.0,0.0,0.0,0.0,0.0,0.0,0.0,0.0,0.0,0.0,0.0,0.0,0.0,0.0,0.0,0.0,0.0,0.0,0.0,0.0,0.0,0.0,0.0,0.0,0.0,0.0,0.0,0.0,0.0,0.0,0.0,0.0,0.0,0.0,0.0,0.0,0.0,0.0,0.0,0.0,0.0,0.0,0.0,0.0,0.0,0.0,0.0,0.0,0.0,0.0,0.0,0.0,0.0,0.0,0.0,0.0,0.0,0.0,0.0,0.0,0.0,0.0,0.0,0.0,0.0,0.0,0.0,0.0,0.0,0.0,0.0,0.0,0.0,0.0,0.0,0.0,0.0,0.0,0.0,0.0,0.0,0.0,0.0,0.0,0.0,0.0,0.0,0.0,0.0,0.0,0.0,0.0,0.0,0.0,0.0,0.0,0.0,0.0,0.0,0.0,0.0,0.0,0.0,0.0,0.0,0.0,0.0,0.0,0.0,0.0,0.0,0.0,0.0,0.0,0.0,0.0,0.0,0.0,0.0,0.0,0.0,0.0,0.0,0.0,0.0,0.0,0.0,0.0,0.0,0.0,0.0,0.0,0.0,0.0,0.0,0.0
5417,0.0,0.0,0.0,0.0,0.0,0.0,0.0,0.0,0.0,0.0,0.0,0.0,0.0,0.0,0.0,0.0,0.0,0.0,0.0,0.0,0.0,0.0,0.0,0.0,0.0,0.0,0.0,0.0,0.0,0.0,0.0,0.0,0.0,0.0,0.0,0.0,0.0,0.0,0.0,0.0,0.0,0.0,0.0,0.0,0.0,0.0,0.0,0.0,0.0,0.0,0.0,0.0,0.0,0.0,0.0,0.0,0.0,0.0,0.0,0.0,0.0,0.0,0.0,0.0,0.0,0.0,0.0,0.0,0.0,0.0,0.0,0.0,0.0,0.0,0.0,0.0,0.0,0.0,0.0,0.0,0.0,0.0,0.0,0.0,0.0,0.0,0.0,0.0,0.0,0.0,0.0,0.0,0.0,0.0,0.0,0.0,0.0,0.0,0.0,0.0,0.0,0.0,0.0,0.0,0.0,0.0,0.0,0.0,0.0,0.0,0.0,0.0,0.0,0.0,0.0,0.0,0.0,0.0,0.0,0.0,0.0,0.0,0.0,0.0,0.0,0.0,0.0,0.0,0.0,0.0,0.0,0.0,0.0,0.0,0.0,0.0,0.0,0.0,0.0,0.0,0.0,0.0,0.0,0.0,0.0,0.0,0.0,0.0,0.0,0.0,0.0,0.0,0.0,0.0,0.0,0.0,0.0,0.0,0.0,0.0,0.0,0.0,0.0,0.0,0.0,0.0,0.0,0.0,0.0,0.0,0.0,0.0,0.0,0.0,0.0,0.0,0.0,0.0,0.0,0.0,0.0,0.0,0.0,0.0,0.0,0.0,0.0,0.0,0.0,0.0,0.0,0.0,0.0,0.0,0.0,0.0,0.0,0.0,0.0,0.0,0.0,0.0,0.0,0.0,0.0,0.0,0.0,0.0,0.0,0.0,0.0,0.0,0.0,0.0,0.0,0.0,0.0,0.0,0.0,0.0,0.0,0.0,0.0,0.0,0.0,0.0,0.0,0.0,0.0,0.0,0.0,0.0,0.0,0.0,0.0,0.0,0.0,0.0,0.0,0.0,0.0,0.0,0.0,0.0,0.0,0.0,0.0,0.0,0.0,0.0,0.0,0.0,0.0,0.0,0.0,0.0,0.0,0.0,0.0,0.0,0.0,0.0,0.0,0.0,0.0,0.0,0.0,0.0,0.0,0.0,0.0,0.0,0.0,0.0,0.0,0.0,0.0,0.0,0.0,0.0,0.0,0.0,0.0,0.0,0.0,0.0,0.0,0.0,0.0,0.0,0.0,0.0,0.0,0.0,0.0,0.0,0.0,0.0,0.0,0.0,0.0,0.0,0.0,0.0,0.0,0.0,0.0,0.0,0.0,0.0,0.0,0.0,0.0,0.0,0.0,0.0,0.0,0.0,0.0,0.0,0.0,0.0,0.0,0.0,0.0,0.0,0.0,0.0,0.0,0.0,0.0,0.0,0.0,0.0,0.0,0.0,0.0,0.0,0.0,0.0,0.0,0.0,0.0,0.0,0.0,0.0,0.0,0.0,0.0,0.0,0.0,0.0,0.0,0.0,0.0,0.0,0.0,0.0,0.0,0.0,0.0,0.0,0.0,0.0,0.0,0.0,0.0,0.0,0.0,0.0,0.0,0.0,0.0,0.0,0.0,0.0
6001,0.0,0.0,0.0,0.0,0.0,0.0,0.0,0.0,0.0,0.0,0.0,0.0,0.0,0.0,0.0,0.0,0.0,0.0,0.0,0.0,0.0,0.0,0.0,0.0,0.0,0.0,0.0,0.0,0.0,0.0,0.0,0.0,0.0,0.0,0.0,0.0,0.0,0.0,0.0,0.0,0.0,0.0,0.0,0.0,0.0,0.0,0.0,0.0,0.0,0.0,0.0,0.0,0.0,0.0,0.0,0.0,0.0,0.0,0.0,0.0,0.0,0.0,0.0,0.0,0.0,0.0,0.0,0.0,0.0,0.0,0.0,0.0,0.0,0.0,0.0,0.0,0.0,0.0,0.0,0.0,0.0,0.0,0.0,0.0,0.0,0.0,0.0,0.0,0.0,0.0,0.0,0.0,0.0,0.0,0.0,0.0,0.0,0.0,0.0,0.0,0.0,0.0,0.0,0.0,0.0,0.0,0.0,0.0,0.0,0.0,0.0,0.0,0.0,0.0,0.0,0.0,0.0,0.0,0.0,0.0,0.0,0.0,0.0,0.0,0.0,0.0,0.0,0.0,0.0,0.0,0.0,0.0,0.0,0.0,0.0,0.0,0.0,0.0,0.0,0.0,0.0,0.0,0.0,0.0,0.0,0.0,0.0,0.0,0.0,0.0,0.0,0.0,0.0,0.0,0.0,0.0,0.0,0.0,0.0,0.0,0.0,0.0,0.0,0.0,0.0,0.0,0.0,0.0,0.0,0.0,0.0,0.0,0.0,0.0,0.0,0.0,0.0,0.0,0.0,0.0,0.0,0.0,0.0,0.0,0.0,0.0,0.0,0.0,0.0,0.0,0.0,0.0,0.0,0.0,0.0,0.0,0.0,0.0,0.0,0.0,0.0,0.0,0.0,0.0,0.0,0.0,0.0,0.0,0.0,0.0,0.0,0.0,0.0,0.0,0.0,0.0,0.0,0.0,0.0,0.0,0.0,0.0,0.0,0.0,0.0,0.0,0.0,0.0,0.0,0.0,0.0,0.0,0.0,0.0,0.0,0.0,0.0,0.0,0.0,0.0,0.0,0.0,0.0,0.0,0.0,0.0,0.0,0.0,0.0,0.0,0.0,0.0,0.0,0.0,0.0,0.0,0.0,0.0,0.0,0.0,0.0,0.0,0.0,0.0,0.0,0.0,0.0,0.0,0.0,0.0,0.0,0.0,0.0,0.0,0.0,0.0,0.0,0.0,0.0,0.0,0.0,0.0,0.0,0.0,0.0,0.0,0.0,0.0,0.0,0.0,0.0,0.0,0.0,0.0,0.0,0.0,0.0,0.0,0.0,0.0,0.0,0.0,0.0,0.0,0.0,0.0,0.0,0.0,0.0,0.0,0.0,0.0,0.0,0.0,0.0,0.0,0.0,0.0,0.0,0.0,0.0,0.0,0.0,0.0,0.0,0.0,0.0,0.0,0.0,0.0,0.0,0.0,0.0,0.0,0.0,0.0,0.0,0.0,0.0,0.0,0.0,0.0,0.0,0.0,0.0,0.0,0.0,0.0,0.0,0.0,0.0,0.0,0.0,0.0,0.0,0.0,0.0,0.0,0.0,0.0,0.0,0.0,0.0,0.0,0.0,0.0,0.0,0.0,0.0,0.0,0.0,0.0,0.0,0.0,0.0,0.0
6002,0.0,0.0,0.0,0.0,0.0,0.0,0.0,0.0,0.0,0.0,0.0,0.0,0.0,0.0,0.0,0.0,0.0,0.0,0.0,0.0,0.0,0.0,0.0,0.0,0.0,0.0,0.0,0.0,0.0,0.0,0.0,0.0,0.0,0.0,0.0,0.0,0.0,0.0,0.0,0.0,0.0,0.0,0.0,0.0,0.0,0.0,0.0,0.0,0.0,0.0,0.0,0.0,0.0,0.0,0.0,0.0,0.0,0.0,0.0,0.0,0.0,0.0,0.0,0.0,0.0,0.0,0.0,0.0,0.0,0.0,0.0,0.0,0.0,0.0,0.0,0.0,0.0,0.0,0.0,0.0,0.0,0.0,0.0,0.0,0.0,0.0,0.0,0.0,0.0,0.0,0.0,0.0,0.0,0.0,0.0,0.0,0.0,0.0,0.0,0.0,0.0,0.0,0.0,0.0,0.0,0.0,0.0,0.0,0.0,0.0,0.0,0.0,0.0,0.0,0.0,0.0,0.0,0.0,0.0,0.0,0.0,0.0,0.0,0.0,0.0,0.0,0.0,0.0,0.0,0.0,0.0,0.0,0.0,0.0,0.0,0.0,0.0,0.0,0.0,0.0,0.0,0.0,0.0,0.0,0.0,0.0,0.0,0.0,0.0,0.0,0.0,0.0,0.0,0.0,0.0,0.0,0.0,0.0,0.0,0.0,0.0,0.0,0.0,0.0,0.0,0.0,0.0,0.0,0.0,0.0,0.0,0.0,0.0,0.0,0.0,0.0,0.0,0.0,0.0,0.0,0.0,0.0,0.0,0.0,0.0,0.0,0.0,0.0,0.0,0.0,0.0,0.0,0.0,0.0,0.0,0.0,0.0,0.0,0.0,0.0,0.0,0.0,0.0,0.0,0.0,0.0,0.0,0.0,0.0,0.0,0.0,0.0,0.0,0.0,0.0,0.0,0.0,0.0,0.0,0.0,0.0,0.0,0.0,0.0,0.0,0.0,0.0,0.0,0.0,0.0,0.0,0.0,0.0,0.0,0.0,0.0,0.0,0.0,0.0,0.0,0.0,0.0,0.0,0.0,0.0,0.0,0.0,0.0,0.0,0.0,0.0,0.0,0.0,0.0,0.0,0.0,0.0,0.0,0.0,0.0,0.0,0.0,0.0,0.0,0.0,0.0,0.0,0.0,0.0,0.0,0.0,0.0,0.0,0.0,0.0,0.0,0.0,0.0,0.0,0.0,0.0,0.0,0.0,0.0,0.0,0.0,0.0,0.0,0.0,0.0,0.0,0.0,0.0,0.0,0.0,0.0,0.0,0.0,0.0,0.0,0.0,0.0,0.0,0.0,0.0,0.0,0.0,0.0,0.0,0.0,0.0,0.0,0.0,0.0,0.0,0.0,0.0,0.0,0.0,0.0,0.0,0.0,0.0,0.0,0.0,0.0,0.0,0.0,0.0,0.0,0.0,0.0,0.0,0.0,0.0,0.0,0.0,0.0,0.0,0.0,0.0,0.0,0.0,0.0,0.0,0.0,0.0,0.0,0.0,0.0,0.0,0.0,0.0,0.0,0.0,0.0,0.0,0.0,0.0,0.0,0.0,0.0,0.0,0.0,0.0,0.0,0.0,0.0,0.0,0.0,0.0,0.0,0.0,0.0,0.0,0.0
6003,0.0,0.0,0.0,0.0,0.0,0.0,0.0,0.0,0.0,0.0,0.0,0.0,0.0,0.0,0.0,0.0,0.0,0.0,0.0,0.0,0.0,0.0,0.0,0.0,0.0,0.0,0.0,0.0,0.0,0.0,0.0,0.0,0.0,0.0,0.0,0.0,0.0,0.0,0.0,0.0,0.0,0.0,0.0,0.0,0.0,0.0,0.0,0.0,0.0,0.0,0.0,0.0,0.0,0.0,0.0,0.0,0.0,0.0,0.0,0.0,0.0,0.0,0.0,0.0,0.0,0.0,0.0,0.0,0.0,0.0,0.0,0.0,0.0,0.0,0.0,0.0,0.0,0.0,0.0,0.0,0.0,0.0,0.0,0.0,0.0,0.0,0.0,0.0,0.0,0.0,0.0,0.0,0.0,0.0,0.0,0.0,0.0,0.0,0.0,0.0,0.0,0.0,0.0,0.0,0.0,0.0,0.0,0.0,0.0,0.0,0.0,0.0,0.0,0.0,0.0,0.0,0.0,0.0,0.0,0.0,0.0,0.0,0.0,0.0,0.0,0.0,0.0,0.0,0.0,0.0,0.0,0.0,0.0,0.0,0.0,0.0,0.0,0.0,0.0,0.0,0.0,0.0,0.0,0.0,0.0,0.0,0.0,0.0,0.0,0.0,0.0,0.0,0.0,0.0,0.0,0.0,0.0,0.0,0.0,0.0,0.0,0.0,0.0,0.0,0.0,0.0,0.0,0.0,0.0,0.0,0.0,0.0,0.0,0.0,0.0,0.0,0.0,0.0,0.0,0.0,0.0,0.0,0.0,0.0,0.0,0.0,0.0,0.0,0.0,0.0,0.0,0.0,0.0,0.0,0.0,0.0,0.0,0.0,0.0,0.0,0.0,0.0,0.0,0.0,0.0,0.0,0.0,0.0,0.0,0.0,0.0,0.0,0.0,0.0,0.0,0.0,0.0,0.0,0.0,0.0,0.0,0.0,0.0,0.0,0.0,0.0,0.0,0.0,0.0,0.0,0.0,0.0,0.0,0.0,0.0,0.0,0.0,0.0,0.0,0.0,0.0,0.0,0.0,0.0,0.0,0.0,0.0,0.0,0.0,0.0,0.0,0.0,0.0,0.0,0.0,0.0,0.0,0.0,0.0,0.0,0.0,0.0,0.0,0.0,0.0,0.0,0.0,0.0,0.0,0.0,0.0,0.0,0.0,0.0,0.0,0.0,0.0,0.0,0.0,0.0,0.0,0.0,0.0,0.0,0.0,0.0,0.0,0.0,0.0,0.0,0.0,0.0,0.0,0.0,0.0,0.0,0.0,0.0,0.0,0.0,0.0,0.0,0.0,0.0,0.0,0.0,0.0,0.0,0.0,0.0,0.0,0.0,0.0,0.0,0.0,0.0,0.0,0.0,0.0,0.0,0.0,0.0,0.0,0.0,0.0,0.0,0.0,0.0,0.0,0.0,0.0,0.0,0.0,0.0,0.0,0.0,0.0,0.0,0.0,0.0,0.0,0.0,0.0,0.0,0.0,0.0,0.0,0.0,0.0,0.0,0.0,0.0,0.0,0.0,0.0,0.0,0.0,0.0,0.0,0.0,0.0,0.0,0.0,0.0,0.0,0.0,0.0,0.0,0.0,0.0,0.0,0.0,0.0,0.0,0.0,0.0
6004,0.0,0.0,0.0,0.0,0.0,0.0,0.0,0.0,0.0,0.0,0.0,0.0,0.0,0.0,0.0,0.0,0.0,0.0,0.0,0.0,0.0,0.0,0.0,0.0,0.0,0.0,0.0,0.0,0.0,0.0,0.0,0.0,0.0,0.0,0.0,0.0,0.0,0.0,0.0,0.0,0.0,0.0,0.0,0.0,0.0,0.0,0.0,0.0,0.0,0.0,0.0,0.0,0.0,0.0,0.0,0.0,0.0,0.0,0.0,0.0,0.0,0.0,0.0,0.0,0.0,0.0,0.0,0.0,0.0,0.0,0.0,0.0,0.0,0.0,0.0,0.0,0.0,0.0,0.0,0.0,0.0,0.0,0.0,0.0,0.0,0.0,0.0,0.0,0.0,0.0,0.0,0.0,0.0,0.0,0.0,0.0,0.0,0.0,0.0,0.0,0.0,0.0,0.0,0.0,0.0,0.0,0.0,0.0,0.0,0.0,0.0,0.0,0.0,0.0,0.0,0.0,0.0,0.0,0.0,0.0,0.0,0.0,0.0,0.0,0.0,0.0,0.0,0.0,0.0,0.0,0.0,0.0,0.0,0.0,0.0,0.0,0.0,0.0,0.0,0.0,0.0,0.0,0.0,0.0,0.0,0.0,0.0,0.0,0.0,0.0,0.0,0.0,0.0,0.0,0.0,0.0,0.0,0.0,0.0,0.0,0.0,0.0,0.0,0.0,0.0,0.0,0.0,0.0,0.0,0.0,0.0,0.0,0.0,0.0,0.0,0.0,0.0,0.0,0.0,0.0,0.0,0.0,0.0,0.0,0.0,0.0,0.0,0.0,0.0,0.0,0.0,0.0,0.0,0.0,0.0,0.0,0.0,0.0,0.0,0.0,0.0,0.0,0.0,0.0,0.0,0.0,0.0,0.0,0.0,0.0,0.0,0.0,0.0,0.0,0.0,0.0,0.0,0.0,0.0,0.0,0.0,0.0,0.0,0.0,0.0,0.0,0.0,0.0,0.0,0.0,0.0,0.0,0.0,0.0,0.0,0.0,0.0,0.0,0.0,0.0,0.0,0.0,0.0,0.0,0.0,0.0,0.0,0.0,0.0,0.0,0.0,0.0,0.0,0.0,0.0,0.0,0.0,0.0,0.0,0.0,0.0,0.0,0.0,0.0,0.0,0.0,0.0,0.0,0.0,0.0,0.0,0.0,0.0,0.0,0.0,0.0,0.0,0.0,0.0,0.0,0.0,0.0,0.0,0.0,0.0,0.0,0.0,0.0,0.0,0.0,0.0,0.0,0.0,0.0,0.0,0.0,0.0,0.0,0.0,0.0,0.0,0.0,0.0,0.0,0.0,0.0,0.0,0.0,0.0,0.0,0.0,0.0,0.0,0.0,0.0,0.0,0.0,0.0,0.0,0.0,0.0,0.0,0.0,0.0,0.0,0.0,0.0,0.0,0.0,0.0,0.0,0.0,0.0,0.0,0.0,0.0,0.0,0.0,0.0,0.0,0.0,0.0,0.0,0.0,0.0,0.0,0.0,0.0,0.0,0.0,0.0,0.0,0.0,0.0,0.0,0.0,0.0,0.0,0.0,0.0,0.0,0.0,0.0,0.0,0.0,0.0,0.0,0.0,0.0,0.0,0.0,0.0,0.0,0.0,0.0,0.0
6005,0.0,0.0,0.0,0.0,0.0,0.0,0.0,0.0,0.0,0.0,0.0,0.0,0.0,0.0,0.0,0.0,0.0,0.0,0.0,0.0,0.0,0.0,0.0,0.0,0.0,0.0,0.0,0.0,0.0,0.0,0.0,0.0,0.0,0.0,0.0,0.0,0.0,0.0,0.0,0.0,0.0,0.0,0.0,0.0,0.0,0.0,0.0,0.0,0.0,0.0,0.0,0.0,0.0,0.0,0.0,0.0,0.0,0.0,0.0,0.0,0.0,0.0,0.0,0.0,0.0,0.0,0.0,0.0,0.0,0.0,0.0,0.0,0.0,0.0,0.0,0.0,0.0,0.0,0.0,0.0,0.0,0.0,0.0,0.0,0.0,0.0,0.0,0.0,0.0,0.0,0.0,0.0,0.0,0.0,0.0,0.0,0.0,0.0,0.0,0.0,0.0,0.0,0.0,0.0,0.0,0.0,0.0,0.0,0.0,0.0,0.0,0.0,0.0,0.0,0.0,0.0,0.0,0.0,0.0,0.0,0.0,0.0,0.0,0.0,0.0,0.0,0.0,0.0,0.0,0.0,0.0,0.0,0.0,0.0,0.0,0.0,0.0,0.0,0.0,0.0,0.0,0.0,0.0,0.0,0.0,0.0,0.0,0.0,0.0,0.0,0.0,0.0,0.0,0.0,0.0,0.0,0.0,0.0,0.0,0.0,0.0,0.0,0.0,0.0,0.0,0.0,0.0,0.0,0.0,0.0,0.0,0.0,0.0,0.0,0.0,0.0,0.0,0.0,0.0,0.0,0.0,0.0,0.0,0.0,0.0,0.0,0.0,0.0,0.0,0.0,0.0,0.0,0.0,0.0,0.0,0.0,0.0,0.0,0.0,0.0,0.0,0.0,0.0,0.0,0.0,0.0,0.0,0.0,0.0,0.0,0.0,0.0,0.0,0.0,0.0,0.0,0.0,0.0,0.0,0.0,0.0,0.0,0.0,0.0,0.0,0.0,0.0,0.0,0.0,0.0,0.0,0.0,0.0,0.0,0.0,0.0,0.0,0.0,0.0,0.0,0.0,0.0,0.0,0.0,0.0,0.0,0.0,0.0,0.0,0.0,0.0,0.0,0.0,0.0,0.0,0.0,0.0,0.0,0.0,0.0,0.0,0.0,0.0,0.0,0.0,0.0,0.0,0.0,0.0,0.0,0.0,0.0,0.0,0.0,0.0,0.0,0.0,0.0,0.0,0.0,0.0,0.0,0.0,0.0,0.0,0.0,0.0,0.0,0.0,0.0,0.0,0.0,0.0,0.0,0.0,0.0,0.0,0.0,0.0,0.0,0.0,0.0,0.0,0.0,0.0,0.0,0.0,0.0,0.0,0.0,0.0,0.0,0.0,0.0,0.0,0.0,0.0,0.0,0.0,0.0,0.0,0.0,0.0,0.0,0.0,0.0,0.0,0.0,0.0,0.0,0.0,0.0,0.0,0.0,0.0,0.0,0.0,0.0,0.0,0.0,0.0,0.0,0.0,0.0,0.0,0.0,0.0,0.0,0.0,0.0,0.0,0.0,0.0,0.0,0.0,0.0,0.0,0.0,0.0,0.0,0.0,0.0,0.0,0.0,0.0,0.0,0.0,0.0,0.0,0.0,0.0,0.0,0.0,0.0,0.0,0.0
6006,0.0,0.0,0.0,0.0,0.0,0.0,0.0,0.0,0.0,0.0,0.0,0.0,0.0,0.0,0.0,0.0,0.0,0.0,0.0,0.0,0.0,0.0,0.0,0.0,0.0,0.0,0.0,0.0,0.0,0.0,0.0,0.0,0.0,0.0,0.0,0.0,0.0,0.0,0.0,0.0,0.0,0.0,0.0,0.0,0.0,0.0,0.0,0.0,0.0,0.0,0.0,0.0,0.0,0.0,0.0,0.0,0.0,0.0,0.0,0.0,0.0,0.0,0.0,0.0,0.0,0.0,0.0,0.0,0.0,0.0,0.0,0.0,0.0,0.0,0.0,0.0,0.0,0.0,0.0,0.0,0.0,0.0,0.0,0.0,0.0,0.0,0.0,0.0,0.0,0.0,0.0,0.0,0.0,0.0,0.0,0.0,0.0,0.0,0.0,0.0,0.0,0.0,0.0,0.0,0.0,0.0,0.0,0.0,0.0,0.0,0.0,0.0,0.0,0.0,0.0,0.0,0.0,0.0,0.0,0.0,0.0,0.0,0.0,0.0,0.0,0.0,0.0,0.0,0.0,0.0,0.0,0.0,0.0,0.0,0.0,0.0,0.0,0.0,0.0,0.0,0.0,0.0,0.0,0.0,0.0,0.0,0.0,0.0,0.0,0.0,0.0,0.0,0.0,0.0,0.0,0.0,0.0,0.0,0.0,0.0,0.0,0.0,0.0,0.0,0.0,0.0,0.0,0.0,0.0,0.0,0.0,0.0,0.0,0.0,0.0,0.0,0.0,0.0,0.0,0.0,0.0,0.0,0.0,0.0,0.0,0.0,0.0,0.0,0.0,0.0,0.0,0.0,0.0,0.0,0.0,0.0,0.0,0.0,0.0,0.0,0.0,0.0,0.0,0.0,0.0,0.0,0.0,0.0,0.0,0.0,0.0,0.0,0.0,0.0,0.0,0.0,0.0,0.0,0.0,0.0,0.0,0.0,0.0,0.0,0.0,0.0,0.0,0.0,0.0,0.0,0.0,0.0,0.0,0.0,0.0,0.0,0.0,0.0,0.0,0.0,0.0,0.0,0.0,0.0,0.0,0.0,0.0,0.0,0.0,0.0,0.0,0.0,0.0,0.0,0.0,0.0,0.0,0.0,0.0,0.0,0.0,0.0,0.0,0.0,0.0,0.0,0.0,0.0,0.0,0.0,0.0,0.0,0.0,0.0,0.0,0.0,0.0,0.0,0.0,0.0,0.0,0.0,0.0,0.0,0.0,0.0,0.0,0.0,0.0,0.0,0.0,0.0,0.0,0.0,0.0,0.0,0.0,0.0,0.0,0.0,0.0,0.0,0.0,0.0,0.0,0.0,0.0,0.0,0.0,0.0,0.0,0.0,0.0,0.0,0.0,0.0,0.0,0.0,0.0,0.0,0.0,0.0,0.0,0.0,0.0,0.0,0.0,0.0,0.0,0.0,0.0,0.0,0.0,0.0,0.0,0.0,0.0,0.0,0.0,0.0,0.0,0.0,0.0,0.0,0.0,0.0,0.0,0.0,0.0,0.0,0.0,0.0,0.0,0.0,0.0,0.0,0.0,0.0,0.0,0.0,0.0,0.0,0.0,0.0,0.0,0.0,0.0,0.0,0.0,0.0,0.0,0.0,0.0,0.0,0.0,0.0
6007,0.0,0.0,0.0,0.0,0.0,0.0,0.0,0.0,0.0,0.0,0.0,0.0,0.0,0.0,0.0,0.0,0.0,0.0,0.0,0.0,0.0,0.0,0.0,0.0,0.0,0.0,0.0,0.0,0.0,0.0,0.0,0.0,0.0,0.0,0.0,0.0,0.0,0.0,0.0,0.0,0.0,0.0,0.0,0.0,0.0,0.0,0.0,0.0,0.0,0.0,0.0,0.0,0.0,0.0,0.0,0.0,0.0,0.0,0.0,0.0,0.0,0.0,0.0,0.0,0.0,0.0,0.0,0.0,0.0,0.0,0.0,0.0,0.0,0.0,0.0,0.0,0.0,0.0,0.0,0.0,0.0,0.0,0.0,0.0,0.0,0.0,0.0,0.0,0.0,0.0,0.0,0.0,0.0,0.0,0.0,0.0,0.0,0.0,0.0,0.0,0.0,0.0,0.0,0.0,0.0,0.0,0.0,0.0,0.0,0.0,0.0,0.0,0.0,0.0,0.0,0.0,0.0,0.0,0.0,0.0,0.0,0.0,0.0,0.0,0.0,0.0,0.0,0.0,0.0,0.0,0.0,0.0,0.0,0.0,0.0,0.0,0.0,0.0,0.0,0.0,0.0,0.0,0.0,0.0,0.0,0.0,0.0,0.0,0.0,0.0,0.0,0.0,0.0,0.0,0.0,0.0,0.0,0.0,0.0,0.0,0.0,0.0,0.0,0.0,0.0,0.0,0.0,0.0,0.0,0.0,0.0,0.0,0.0,0.0,0.0,0.0,0.0,0.0,0.0,0.0,0.0,0.0,0.0,0.0,0.0,0.0,0.0,0.0,0.0,0.0,0.0,0.0,0.0,0.0,0.0,0.0,0.0,0.0,0.0,0.0,0.0,0.0,0.0,0.0,0.0,0.0,0.0,0.0,0.0,0.0,0.0,0.0,0.0,0.0,0.0,0.0,0.0,0.0,0.0,0.0,0.0,0.0,0.0,0.0,0.0,0.0,0.0,0.0,0.0,0.0,0.0,0.0,0.0,0.0,0.0,0.0,0.0,0.0,0.0,0.0,0.0,0.0,0.0,0.0,0.0,0.0,0.0,0.0,0.0,0.0,0.0,0.0,0.0,0.0,0.0,0.0,0.0,0.0,0.0,0.0,0.0,0.0,0.0,0.0,0.0,0.0,0.0,0.0,0.0,0.0,0.0,0.0,0.0,0.0,0.0,0.0,0.0,0.0,0.0,0.0,0.0,0.0,0.0,0.0,0.0,0.0,0.0,0.0,0.0,0.0,0.0,0.0,0.0,0.0,0.0,0.0,0.0,0.0,0.0,0.0,0.0,0.0,0.0,0.0,0.0,0.0,0.0,0.0,0.0,0.0,0.0,0.0,0.0,0.0,0.0,0.0,0.0,0.0,0.0,0.0,0.0,0.0,0.0,0.0,0.0,0.0,0.0,0.0,0.0,0.0,0.0,0.0,0.0,0.0,0.0,0.0,0.0,0.0,0.0,0.0,0.0,0.0,0.0,0.0,0.0,0.0,0.0,0.0,0.0,0.0,0.0,0.0,0.0,0.0,0.0,0.0,0.0,0.0,0.0,0.0,0.0,0.0,0.0,0.0,0.0,0.0,0.0,0.0,0.0,0.0,0.0,0.0,0.0,0.0,0.0,0.0
6008,0.0,0.0,0.0,0.0,0.0,0.0,0.0,0.0,0.0,0.0,0.0,0.0,0.0,0.0,0.0,0.0,0.0,0.0,0.0,0.0,0.0,0.0,0.0,0.0,0.0,0.0,0.0,0.0,0.0,0.0,0.0,0.0,0.0,0.0,0.0,0.0,0.0,0.0,0.0,0.0,0.0,0.0,0.0,0.0,0.0,0.0,0.0,0.0,0.0,0.0,0.0,0.0,0.0,0.0,0.0,0.0,0.0,0.0,0.0,0.0,0.0,0.0,0.0,0.0,0.0,0.0,0.0,0.0,0.0,0.0,0.0,0.0,0.0,0.0,0.0,0.0,0.0,0.0,0.0,0.0,0.0,0.0,0.0,0.0,0.0,0.0,0.0,0.0,0.0,0.0,0.0,0.0,0.0,0.0,0.0,0.0,0.0,0.0,0.0,0.0,0.0,0.0,0.0,0.0,0.0,0.0,0.0,0.0,0.0,0.0,0.0,0.0,0.0,0.0,0.0,0.0,0.0,0.0,0.0,0.0,0.0,0.0,0.0,0.0,0.0,0.0,0.0,0.0,0.0,0.0,0.0,0.0,0.0,0.0,0.0,0.0,0.0,0.0,0.0,0.0,0.0,0.0,0.0,0.0,0.0,0.0,0.0,0.0,0.0,0.0,0.0,0.0,0.0,0.0,0.0,0.0,0.0,0.0,0.0,0.0,0.0,0.0,0.0,0.0,0.0,0.0,0.0,0.0,0.0,0.0,0.0,0.0,0.0,0.0,0.0,0.0,0.0,0.0,0.0,0.0,0.0,0.0,0.0,0.0,0.0,0.0,0.0,0.0,0.0,0.0,0.0,0.0,0.0,0.0,0.0,0.0,0.0,0.0,0.0,0.0,0.0,0.0,0.0,0.0,0.0,0.0,0.0,0.0,0.0,0.0,0.0,0.0,0.0,0.0,0.0,0.0,0.0,0.0,0.0,0.0,0.0,0.0,0.0,0.0,0.0,0.0,0.0,0.0,0.0,0.0,0.0,0.0,0.0,0.0,0.0,0.0,0.0,0.0,0.0,0.0,0.0,0.0,0.0,0.0,0.0,0.0,0.0,0.0,0.0,0.0,0.0,0.0,0.0,0.0,0.0,0.0,0.0,0.0,0.0,0.0,0.0,0.0,0.0,0.0,0.0,0.0,0.0,0.0,0.0,0.0,0.0,0.0,0.0,0.0,0.0,0.0,0.0,0.0,0.0,0.0,0.0,0.0,0.0,0.0,0.0,0.0,0.0,0.0,0.0,0.0,0.0,0.0,0.0,0.0,0.0,0.0,0.0,0.0,0.0,0.0,0.0,0.0,0.0,0.0,0.0,0.0,0.0,0.0,0.0,0.0,0.0,0.0,0.0,0.0,0.0,0.0,0.0,0.0,0.0,0.0,0.0,0.0,0.0,0.0,0.0,0.0,0.0,0.0,0.0,0.0,0.0,0.0,0.0,0.0,0.0,0.0,0.0,0.0,0.0,0.0,0.0,0.0,0.0,0.0,0.0,0.0,0.0,0.0,0.0,0.0,0.0,0.0,0.0,0.0,0.0,0.0,0.0,0.0,0.0,0.0,0.0,0.0,0.0,0.0,0.0,0.0,0.0,0.0,0.0,0.0,0.0,0.0,0.0,0.0,0.0,0.0
6009,0.0,0.0,0.0,0.0,0.0,0.0,0.0,0.0,0.0,0.0,0.0,0.0,0.0,0.0,0.0,0.0,0.0,0.0,0.0,0.0,0.0,0.0,0.0,0.0,0.0,0.0,0.0,0.0,0.0,0.0,0.0,0.0,0.0,0.0,0.0,0.0,0.0,0.0,0.0,0.0,0.0,0.0,0.0,0.0,0.0,0.0,0.0,0.0,0.0,0.0,0.0,0.0,0.0,0.0,0.0,0.0,0.0,0.0,0.0,0.0,0.0,0.0,0.0,0.0,0.0,0.0,0.0,0.0,0.0,0.0,0.0,0.0,0.0,0.0,0.0,0.0,0.0,0.0,0.0,0.0,0.0,0.0,0.0,0.0,0.0,0.0,0.0,0.0,0.0,0.0,0.0,0.0,0.0,0.0,0.0,0.0,0.0,0.0,0.0,0.0,0.0,0.0,0.0,0.0,0.0,0.0,0.0,0.0,0.0,0.0,0.0,0.0,0.0,0.0,0.0,0.0,0.0,0.0,0.0,0.0,0.0,0.0,0.0,0.0,0.0,0.0,0.0,0.0,0.0,0.0,0.0,0.0,0.0,0.0,0.0,0.0,0.0,0.0,0.0,0.0,0.0,0.0,0.0,0.0,0.0,0.0,0.0,0.0,0.0,0.0,0.0,0.0,0.0,0.0,0.0,0.0,0.0,0.0,0.0,0.0,0.0,0.0,0.0,0.0,0.0,0.0,0.0,0.0,0.0,0.0,0.0,0.0,0.0,0.0,0.0,0.0,0.0,0.0,0.0,0.0,0.0,0.0,0.0,0.0,0.0,0.0,0.0,0.0,0.0,0.0,0.0,0.0,0.0,0.0,0.0,0.0,0.0,0.0,0.0,0.0,0.0,0.0,0.0,0.0,0.0,0.0,0.0,0.0,0.0,0.0,0.0,0.0,0.0,0.0,0.0,0.0,0.0,0.0,0.0,0.0,0.0,0.0,0.0,0.0,0.0,0.0,0.0,0.0,0.0,0.0,0.0,0.0,0.0,0.0,0.0,0.0,0.0,0.0,0.0,0.0,0.0,0.0,0.0,0.0,0.0,0.0,0.0,0.0,0.0,0.0,0.0,0.0,0.0,0.0,0.0,0.0,0.0,0.0,0.0,0.0,0.0,0.0,0.0,0.0,0.0,0.0,0.0,0.0,0.0,0.0,0.0,0.0,0.0,0.0,0.0,0.0,0.0,0.0,0.0,0.0,0.0,0.0,0.0,0.0,0.0,0.0,0.0,0.0,0.0,0.0,0.0,0.0,0.0,0.0,0.0,0.0,0.0,0.0,0.0,0.0,0.0,0.0,0.0,0.0,0.0,0.0,0.0,0.0,0.0,0.0,0.0,0.0,0.0,0.0,0.0,0.0,0.0,0.0,0.0,0.0,0.0,0.0,0.0,0.0,0.0,0.0,0.0,0.0,0.0,0.0,0.0,0.0,0.0,0.0,0.0,0.0,0.0,0.0,0.0,0.0,0.0,0.0,0.0,0.0,0.0,0.0,0.0,0.0,0.0,0.0,0.0,0.0,0.0,0.0,0.0,0.0,0.0,0.0,0.0,0.0,0.0,0.0,0.0,0.0,0.0,0.0,0.0,0.0,0.0,0.0,0.0,0.0,0.0,0.0,0.0,0.0
6010,0.0,0.0,0.0,0.0,0.0,0.0,0.0,0.0,0.0,0.0,0.0,0.0,0.0,0.0,0.0,0.0,0.0,0.0,0.0,0.0,0.0,0.0,0.0,0.0,0.0,0.0,0.0,0.0,0.0,0.0,0.0,0.0,0.0,0.0,0.0,0.0,0.0,0.0,0.0,0.0,0.0,0.0,0.0,0.0,0.0,0.0,0.0,0.0,0.0,0.0,0.0,0.0,0.0,0.0,0.0,0.0,0.0,0.0,0.0,0.0,0.0,0.0,0.0,0.0,0.0,0.0,0.0,0.0,0.0,0.0,0.0,0.0,0.0,0.0,0.0,0.0,0.0,0.0,0.0,0.0,0.0,0.0,0.0,0.0,0.0,0.0,0.0,0.0,0.0,0.0,0.0,0.0,0.0,0.0,0.0,0.0,0.0,0.0,0.0,0.0,0.0,0.0,0.0,0.0,0.0,0.0,0.0,0.0,0.0,0.0,0.0,0.0,0.0,0.0,0.0,0.0,0.0,0.0,0.0,0.0,0.0,0.0,0.0,0.0,0.0,0.0,0.0,0.0,0.0,0.0,0.0,0.0,0.0,0.0,0.0,0.0,0.0,0.0,0.0,0.0,0.0,0.0,0.0,0.0,0.0,0.0,0.0,0.0,0.0,0.0,0.0,0.0,0.0,0.0,0.0,0.0,0.0,0.0,0.0,0.0,0.0,0.0,0.0,0.0,0.0,0.0,0.0,0.0,0.0,0.0,0.0,0.0,0.0,0.0,0.0,0.0,0.0,0.0,0.0,0.0,0.0,0.0,0.0,0.0,0.0,0.0,0.0,0.0,0.0,0.0,0.0,0.0,0.0,0.0,0.0,0.0,0.0,0.0,0.0,0.0,0.0,0.0,0.0,0.0,0.0,0.0,0.0,0.0,0.0,0.0,0.0,0.0,0.0,0.0,0.0,0.0,0.0,0.0,0.0,0.0,0.0,0.0,0.0,0.0,0.0,0.0,0.0,0.0,0.0,0.0,0.0,0.0,0.0,0.0,0.0,0.0,0.0,0.0,0.0,0.0,0.0,0.0,0.0,0.0,0.0,0.0,0.0,0.0,0.0,0.0,0.0,0.0,0.0,0.0,0.0,0.0,0.0,0.0,0.0,0.0,0.0,0.0,0.0,0.0,0.0,0.0,0.0,0.0,0.0,0.0,0.0,0.0,0.0,0.0,0.0,0.0,0.0,0.0,0.0,0.0,0.0,0.0,0.0,0.0,0.0,0.0,0.0,0.0,0.0,0.0,0.0,0.0,0.0,0.0,0.0,0.0,0.0,0.0,0.0,0.0,0.0,0.0,0.0,0.0,0.0,0.0,0.0,0.0,0.0,0.0,0.0,0.0,0.0,0.0,0.0,0.0,0.0,0.0,0.0,0.0,0.0,0.0,0.0,0.0,0.0,0.0,0.0,0.0,0.0,0.0,0.0,0.0,0.0,0.0,0.0,0.0,0.0,0.0,0.0,0.0,0.0,0.0,0.0,0.0,0.0,0.0,0.0,0.0,0.0,0.0,0.0,0.0,0.0,0.0,0.0,0.0,0.0,0.0,0.0,0.0,0.0,0.0,0.0,0.0,0.0,0.0,0.0,0.0,0.0,0.0,0.0,0.0,0.0,0.0,0.0,0.0
6011,0.0,0.0,0.0,0.0,0.0,0.0,0.0,0.0,0.0,0.0,0.0,0.0,0.0,0.0,0.0,0.0,0.0,0.0,0.0,0.0,0.0,0.0,0.0,0.0,0.0,0.0,0.0,0.0,0.0,0.0,0.0,0.0,0.0,0.0,0.0,0.0,0.0,0.0,0.0,0.0,0.0,0.0,0.0,0.0,0.0,0.0,0.0,0.0,0.0,0.0,0.0,0.0,0.0,0.0,0.0,0.0,0.0,0.0,0.0,0.0,0.0,0.0,0.0,0.0,0.0,0.0,0.0,0.0,0.0,0.0,0.0,0.0,0.0,0.0,0.0,0.0,0.0,0.0,0.0,0.0,0.0,0.0,0.0,0.0,0.0,0.0,0.0,0.0,0.0,0.0,0.0,0.0,0.0,0.0,0.0,0.0,0.0,0.0,0.0,0.0,0.0,0.0,0.0,0.0,0.0,0.0,0.0,0.0,0.0,0.0,0.0,0.0,0.0,0.0,0.0,0.0,0.0,0.0,0.0,0.0,0.0,0.0,0.0,0.0,0.0,0.0,0.0,0.0,0.0,0.0,0.0,0.0,0.0,0.0,0.0,0.0,0.0,0.0,0.0,0.0,0.0,0.0,0.0,0.0,0.0,0.0,0.0,0.0,0.0,0.0,0.0,0.0,0.0,0.0,0.0,0.0,0.0,0.0,0.0,0.0,0.0,0.0,0.0,0.0,0.0,0.0,0.0,0.0,0.0,0.0,0.0,0.0,0.0,0.0,0.0,0.0,0.0,0.0,0.0,0.0,0.0,0.0,0.0,0.0,0.0,0.0,0.0,0.0,0.0,0.0,0.0,0.0,0.0,0.0,0.0,0.0,0.0,0.0,0.0,0.0,0.0,0.0,0.0,0.0,0.0,0.0,0.0,0.0,0.0,0.0,0.0,0.0,0.0,0.0,0.0,0.0,0.0,0.0,0.0,0.0,0.0,0.0,0.0,0.0,0.0,0.0,0.0,0.0,0.0,0.0,0.0,0.0,0.0,0.0,0.0,0.0,0.0,0.0,0.0,0.0,0.0,0.0,0.0,0.0,0.0,0.0,0.0,0.0,0.0,0.0,0.0,0.0,0.0,0.0,0.0,0.0,0.0,0.0,0.0,0.0,0.0,0.0,0.0,0.0,0.0,0.0,0.0,0.0,0.0,0.0,0.0,0.0,0.0,0.0,0.0,0.0,0.0,0.0,0.0,0.0,0.0,0.0,0.0,0.0,0.0,0.0,0.0,0.0,0.0,0.0,0.0,0.0,0.0,0.0,0.0,0.0,0.0,0.0,0.0,0.0,0.0,0.0,0.0,0.0,0.0,0.0,0.0,0.0,0.0,0.0,0.0,0.0,0.0,0.0,0.0,0.0,0.0,0.0,0.0,0.0,0.0,0.0,0.0,0.0,0.0,0.0,0.0,0.0,0.0,0.0,0.0,0.0,0.0,0.0,0.0,0.0,0.0,0.0,0.0,0.0,0.0,0.0,0.0,0.0,0.0,0.0,0.0,0.0,0.0,0.0,0.0,0.0,0.0,0.0,0.0,0.0,0.0,0.0,0.0,0.0,0.0,0.0,0.0,0.0,0.0,0.0,0.0,0.0,0.0,0.0,0.0,0.0,0.0,0.0,0.0,0.0
6012,0.0,0.0,0.0,0.0,0.0,0.0,0.0,0.0,0.0,0.0,0.0,0.0,0.0,0.0,0.0,0.0,0.0,0.0,0.0,0.0,0.0,0.0,0.0,0.0,0.0,0.0,0.0,0.0,0.0,0.0,0.0,0.0,0.0,0.0,0.0,0.0,0.0,0.0,0.0,0.0,0.0,0.0,0.0,0.0,0.0,0.0,0.0,0.0,0.0,0.0,0.0,0.0,0.0,0.0,0.0,0.0,0.0,0.0,0.0,0.0,0.0,0.0,0.0,0.0,0.0,0.0,0.0,0.0,0.0,0.0,0.0,0.0,0.0,0.0,0.0,0.0,0.0,0.0,0.0,0.0,0.0,0.0,0.0,0.0,0.0,0.0,0.0,0.0,0.0,0.0,0.0,0.0,0.0,0.0,0.0,0.0,0.0,0.0,0.0,0.0,0.0,0.0,0.0,0.0,0.0,0.0,0.0,0.0,0.0,0.0,0.0,0.0,0.0,0.0,0.0,0.0,0.0,0.0,0.0,0.0,0.0,0.0,0.0,0.0,0.0,0.0,0.0,0.0,0.0,0.0,0.0,0.0,0.0,0.0,0.0,0.0,0.0,0.0,0.0,0.0,0.0,0.0,0.0,0.0,0.0,0.0,0.0,0.0,0.0,0.0,0.0,0.0,0.0,0.0,0.0,0.0,0.0,0.0,0.0,0.0,0.0,0.0,0.0,0.0,0.0,0.0,0.0,0.0,0.0,0.0,0.0,0.0,0.0,0.0,0.0,0.0,0.0,0.0,0.0,0.0,0.0,0.0,0.0,0.0,0.0,0.0,0.0,0.0,0.0,0.0,0.0,0.0,0.0,0.0,0.0,0.0,0.0,0.0,0.0,0.0,0.0,0.0,0.0,0.0,0.0,0.0,0.0,0.0,0.0,0.0,0.0,0.0,0.0,0.0,0.0,0.0,0.0,0.0,0.0,0.0,0.0,0.0,0.0,0.0,0.0,0.0,0.0,0.0,0.0,0.0,0.0,0.0,0.0,0.0,0.0,0.0,0.0,0.0,0.0,0.0,0.0,0.0,0.0,0.0,0.0,0.0,0.0,0.0,0.0,0.0,0.0,0.0,0.0,0.0,0.0,0.0,0.0,0.0,0.0,0.0,0.0,0.0,0.0,0.0,0.0,0.0,0.0,0.0,0.0,0.0,0.0,0.0,0.0,0.0,0.0,0.0,0.0,0.0,0.0,0.0,0.0,0.0,0.0,0.0,0.0,0.0,0.0,0.0,0.0,0.0,0.0,0.0,0.0,0.0,0.0,0.0,0.0,0.0,0.0,0.0,0.0,0.0,0.0,0.0,0.0,0.0,0.0,0.0,0.0,0.0,0.0,0.0,0.0,0.0,0.0,0.0,0.0,0.0,0.0,0.0,0.0,0.0,0.0,0.0,0.0,0.0,0.0,0.0,0.0,0.0,0.0,0.0,0.0,0.0,0.0,0.0,0.0,0.0,0.0,0.0,0.0,0.0,0.0,0.0,0.0,0.0,0.0,0.0,0.0,0.0,0.0,0.0,0.0,0.0,0.0,0.0,0.0,0.0,0.0,0.0,0.0,0.0,0.0,0.0,0.0,0.0,0.0,0.0,0.0,0.0,0.0,0.0,0.0,0.0,0.0,0.0
6013,0.0,0.0,0.0,0.0,0.0,0.0,0.0,0.0,0.0,0.0,0.0,0.0,0.0,0.0,0.0,0.0,0.0,0.0,0.0,0.0,0.0,0.0,0.0,0.0,0.0,0.0,0.0,0.0,0.0,0.0,0.0,0.0,0.0,0.0,0.0,0.0,0.0,0.0,0.0,0.0,0.0,0.0,0.0,0.0,0.0,0.0,0.0,0.0,0.0,0.0,0.0,0.0,0.0,0.0,0.0,0.0,0.0,0.0,0.0,0.0,0.0,0.0,0.0,0.0,0.0,0.0,0.0,0.0,0.0,0.0,0.0,0.0,0.0,0.0,0.0,0.0,0.0,0.0,0.0,0.0,0.0,0.0,0.0,0.0,0.0,0.0,0.0,0.0,0.0,0.0,0.0,0.0,0.0,0.0,0.0,0.0,0.0,0.0,0.0,0.0,0.0,0.0,0.0,0.0,0.0,0.0,0.0,0.0,0.0,0.0,0.0,0.0,0.0,0.0,0.0,0.0,0.0,0.0,0.0,0.0,0.0,0.0,0.0,0.0,0.0,0.0,0.0,0.0,0.0,0.0,0.0,0.0,0.0,0.0,0.0,0.0,0.0,0.0,0.0,0.0,0.0,0.0,0.0,0.0,0.0,0.0,0.0,0.0,0.0,0.0,0.0,0.0,0.0,0.0,0.0,0.0,0.0,0.0,0.0,0.0,0.0,0.0,0.0,0.0,0.0,0.0,0.0,0.0,0.0,0.0,0.0,0.0,0.0,0.0,0.0,0.0,0.0,0.0,0.0,0.0,0.0,0.0,0.0,0.0,0.0,0.0,0.0,0.0,0.0,0.0,0.0,0.0,0.0,0.0,0.0,0.0,0.0,0.0,0.0,0.0,0.0,0.0,0.0,0.0,0.0,0.0,0.0,0.0,0.0,0.0,0.0,0.0,0.0,0.0,0.0,0.0,0.0,0.0,0.0,0.0,0.0,0.0,0.0,0.0,0.0,0.0,0.0,0.0,0.0,0.0,0.0,0.0,0.0,0.0,0.0,0.0,0.0,0.0,0.0,0.0,0.0,0.0,0.0,0.0,0.0,0.0,0.0,0.0,0.0,0.0,0.0,0.0,0.0,0.0,0.0,0.0,0.0,0.0,0.0,0.0,0.0,0.0,0.0,0.0,0.0,0.0,0.0,0.0,0.0,0.0,0.0,0.0,0.0,0.0,0.0,0.0,0.0,0.0,0.0,0.0,0.0,0.0,0.0,0.0,0.0,0.0,0.0,0.0,0.0,0.0,0.0,0.0,0.0,0.0,0.0,0.0,0.0,0.0,0.0,0.0,0.0,0.0,0.0,0.0,0.0,0.0,0.0,0.0,0.0,0.0,0.0,0.0,0.0,0.0,0.0,0.0,0.0,0.0,0.0,0.0,0.0,0.0,0.0,0.0,0.0,0.0,0.0,0.0,0.0,0.0,0.0,0.0,0.0,0.0,0.0,0.0,0.0,0.0,0.0,0.0,0.0,0.0,0.0,0.0,0.0,0.0,0.0,0.0,0.0,0.0,0.0,0.0,0.0,0.0,0.0,0.0,0.0,0.0,0.0,0.0,0.0,0.0,0.0,0.0,0.0,0.0,0.0,0.0,0.0,0.0,0.0,0.0,0.0,0.0,0.0,0.0
6014,0.0,0.0,0.0,0.0,0.0,0.0,0.0,0.0,0.0,0.0,0.0,0.0,0.0,0.0,0.0,0.0,0.0,0.0,0.0,0.0,0.0,0.0,0.0,0.0,0.0,0.0,0.0,0.0,0.0,0.0,0.0,0.0,0.0,0.0,0.0,0.0,0.0,0.0,0.0,0.0,0.0,0.0,0.0,0.0,0.0,0.0,0.0,0.0,0.0,0.0,0.0,0.0,0.0,0.0,0.0,0.0,0.0,0.0,0.0,0.0,0.0,0.0,0.0,0.0,0.0,0.0,0.0,0.0,0.0,0.0,0.0,0.0,0.0,0.0,0.0,0.0,0.0,0.0,0.0,0.0,0.0,0.0,0.0,0.0,0.0,0.0,0.0,0.0,0.0,0.0,0.0,0.0,0.0,0.0,0.0,0.0,0.0,0.0,0.0,0.0,0.0,0.0,0.0,0.0,0.0,0.0,0.0,0.0,0.0,0.0,0.0,0.0,0.0,0.0,0.0,0.0,0.0,0.0,0.0,0.0,0.0,0.0,0.0,0.0,0.0,0.0,0.0,0.0,0.0,0.0,0.0,0.0,0.0,0.0,0.0,0.0,0.0,0.0,0.0,0.0,0.0,0.0,0.0,0.0,0.0,0.0,0.0,0.0,0.0,0.0,0.0,0.0,0.0,0.0,0.0,0.0,0.0,0.0,0.0,0.0,0.0,0.0,0.0,0.0,0.0,0.0,0.0,0.0,0.0,0.0,0.0,0.0,0.0,0.0,0.0,0.0,0.0,0.0,0.0,0.0,0.0,0.0,0.0,0.0,0.0,0.0,0.0,0.0,0.0,0.0,0.0,0.0,0.0,0.0,0.0,0.0,0.0,0.0,0.0,0.0,0.0,0.0,0.0,0.0,0.0,0.0,0.0,0.0,0.0,0.0,0.0,0.0,0.0,0.0,0.0,0.0,0.0,0.0,0.0,0.0,0.0,0.0,0.0,0.0,0.0,0.0,0.0,0.0,0.0,0.0,0.0,0.0,0.0,0.0,0.0,0.0,0.0,0.0,0.0,0.0,0.0,0.0,0.0,0.0,0.0,0.0,0.0,0.0,0.0,0.0,0.0,0.0,0.0,0.0,0.0,0.0,0.0,0.0,0.0,0.0,0.0,0.0,0.0,0.0,0.0,0.0,0.0,0.0,0.0,0.0,0.0,0.0,0.0,0.0,0.0,0.0,0.0,0.0,0.0,0.0,0.0,0.0,0.0,0.0,0.0,0.0,0.0,0.0,0.0,0.0,0.0,0.0,0.0,0.0,0.0,0.0,0.0,0.0,0.0,0.0,0.0,0.0,0.0,0.0,0.0,0.0,0.0,0.0,0.0,0.0,0.0,0.0,0.0,0.0,0.0,0.0,0.0,0.0,0.0,0.0,0.0,0.0,0.0,0.0,0.0,0.0,0.0,0.0,0.0,0.0,0.0,0.0,0.0,0.0,0.0,0.0,0.0,0.0,0.0,0.0,0.0,0.0,0.0,0.0,0.0,0.0,0.0,0.0,0.0,0.0,0.0,0.0,0.0,0.0,0.0,0.0,0.0,0.0,0.0,0.0,0.0,0.0,0.0,0.0,0.0,0.0,0.0,0.0,0.0,0.0,0.0,0.0,0.0,0.0,0.0,0.0
6015,0.0,0.0,0.0,0.0,0.0,0.0,0.0,0.0,0.0,0.0,0.0,0.0,0.0,0.0,0.0,0.0,0.0,0.0,0.0,0.0,0.0,0.0,0.0,0.0,0.0,0.0,0.0,0.0,0.0,0.0,0.0,0.0,0.0,0.0,0.0,0.0,0.0,0.0,0.0,0.0,0.0,0.0,0.0,0.0,0.0,0.0,0.0,0.0,0.0,0.0,0.0,0.0,0.0,0.0,0.0,0.0,0.0,0.0,0.0,0.0,0.0,0.0,0.0,0.0,0.0,0.0,0.0,0.0,0.0,0.0,0.0,0.0,0.0,0.0,0.0,0.0,0.0,0.0,0.0,0.0,0.0,0.0,0.0,0.0,0.0,0.0,0.0,0.0,0.0,0.0,0.0,0.0,0.0,0.0,0.0,0.0,0.0,0.0,0.0,0.0,0.0,0.0,0.0,0.0,0.0,0.0,0.0,0.0,0.0,0.0,0.0,0.0,0.0,0.0,0.0,0.0,0.0,0.0,0.0,0.0,0.0,0.0,0.0,0.0,0.0,0.0,0.0,0.0,0.0,0.0,0.0,0.0,0.0,0.0,0.0,0.0,0.0,0.0,0.0,0.0,0.0,0.0,0.0,0.0,0.0,0.0,0.0,0.0,0.0,0.0,0.0,0.0,0.0,0.0,0.0,0.0,0.0,0.0,0.0,0.0,0.0,0.0,0.0,0.0,0.0,0.0,0.0,0.0,0.0,0.0,0.0,0.0,0.0,0.0,0.0,0.0,0.0,0.0,0.0,0.0,0.0,0.0,0.0,0.0,0.0,0.0,0.0,0.0,0.0,0.0,0.0,0.0,0.0,0.0,0.0,0.0,0.0,0.0,0.0,0.0,0.0,0.0,0.0,0.0,0.0,0.0,0.0,0.0,0.0,0.0,0.0,0.0,0.0,0.0,0.0,0.0,0.0,0.0,0.0,0.0,0.0,0.0,0.0,0.0,0.0,0.0,0.0,0.0,0.0,0.0,0.0,0.0,0.0,0.0,0.0,0.0,0.0,0.0,0.0,0.0,0.0,0.0,0.0,0.0,0.0,0.0,0.0,0.0,0.0,0.0,0.0,0.0,0.0,0.0,0.0,0.0,0.0,0.0,0.0,0.0,0.0,0.0,0.0,0.0,0.0,0.0,0.0,0.0,0.0,0.0,0.0,0.0,0.0,0.0,0.0,0.0,0.0,0.0,0.0,0.0,0.0,0.0,0.0,0.0,0.0,0.0,0.0,0.0,0.0,0.0,0.0,0.0,0.0,0.0,0.0,0.0,0.0,0.0,0.0,0.0,0.0,0.0,0.0,0.0,0.0,0.0,0.0,0.0,0.0,0.0,0.0,0.0,0.0,0.0,0.0,0.0,0.0,0.0,0.0,0.0,0.0,0.0,0.0,0.0,0.0,0.0,0.0,0.0,0.0,0.0,0.0,0.0,0.0,0.0,0.0,0.0,0.0,0.0,0.0,0.0,0.0,0.0,0.0,0.0,0.0,0.0,0.0,0.0,0.0,0.0,0.0,0.0,0.0,0.0,0.0,0.0,0.0,0.0,0.0,0.0,0.0,0.0,0.0,0.0,0.0,0.0,0.0,0.0,0.0,0.0,0.0,0.0,0.0,0.0,0.0,0.0
6016,0.0,0.0,0.0,0.0,0.0,0.0,0.0,0.0,0.0,0.0,0.0,0.0,0.0,0.0,0.0,0.0,0.0,0.0,0.0,0.0,0.0,0.0,0.0,0.0,0.0,0.0,0.0,0.0,0.0,0.0,0.0,0.0,0.0,0.0,0.0,0.0,0.0,0.0,0.0,0.0,0.0,0.0,0.0,0.0,0.0,0.0,0.0,0.0,0.0,0.0,0.0,0.0,0.0,0.0,0.0,0.0,0.0,0.0,0.0,0.0,0.0,0.0,0.0,0.0,0.0,0.0,0.0,0.0,0.0,0.0,0.0,0.0,0.0,0.0,0.0,0.0,0.0,0.0,0.0,0.0,0.0,0.0,0.0,0.0,0.0,0.0,0.0,0.0,0.0,0.0,0.0,0.0,0.0,0.0,0.0,0.0,0.0,0.0,0.0,0.0,0.0,0.0,0.0,0.0,0.0,0.0,0.0,0.0,0.0,0.0,0.0,0.0,0.0,0.0,0.0,0.0,0.0,0.0,0.0,0.0,0.0,0.0,0.0,0.0,0.0,0.0,0.0,0.0,0.0,0.0,0.0,0.0,0.0,0.0,0.0,0.0,0.0,0.0,0.0,0.0,0.0,0.0,0.0,0.0,0.0,0.0,0.0,0.0,0.0,0.0,0.0,0.0,0.0,0.0,0.0,0.0,0.0,0.0,0.0,0.0,0.0,0.0,0.0,0.0,0.0,0.0,0.0,0.0,0.0,0.0,0.0,0.0,0.0,0.0,0.0,0.0,0.0,0.0,0.0,0.0,0.0,0.0,0.0,0.0,0.0,0.0,0.0,0.0,0.0,0.0,0.0,0.0,0.0,0.0,0.0,0.0,0.0,0.0,0.0,0.0,0.0,0.0,0.0,0.0,0.0,0.0,0.0,0.0,0.0,0.0,0.0,0.0,0.0,0.0,0.0,0.0,0.0,0.0,0.0,0.0,0.0,0.0,0.0,0.0,0.0,0.0,0.0,0.0,0.0,0.0,0.0,0.0,0.0,0.0,0.0,0.0,0.0,0.0,0.0,0.0,0.0,0.0,0.0,0.0,0.0,0.0,0.0,0.0,0.0,0.0,0.0,0.0,0.0,0.0,0.0,0.0,0.0,0.0,0.0,0.0,0.0,0.0,0.0,0.0,0.0,0.0,0.0,0.0,0.0,0.0,0.0,0.0,0.0,0.0,0.0,0.0,0.0,0.0,0.0,0.0,0.0,0.0,0.0,0.0,0.0,0.0,0.0,0.0,0.0,0.0,0.0,0.0,0.0,0.0,0.0,0.0,0.0,0.0,0.0,0.0,0.0,0.0,0.0,0.0,0.0,0.0,0.0,0.0,0.0,0.0,0.0,0.0,0.0,0.0,0.0,0.0,0.0,0.0,0.0,0.0,0.0,0.0,0.0,0.0,0.0,0.0,0.0,0.0,0.0,0.0,0.0,0.0,0.0,0.0,0.0,0.0,0.0,0.0,0.0,0.0,0.0,0.0,0.0,0.0,0.0,0.0,0.0,0.0,0.0,0.0,0.0,0.0,0.0,0.0,0.0,0.0,0.0,0.0,0.0,0.0,0.0,0.0,0.0,0.0,0.0,0.0,0.0,0.0,0.0,0.0,0.0,0.0,0.0,0.0,0.0,0.0
6017,0.0,0.0,0.0,0.0,0.0,0.0,0.0,0.0,0.0,0.0,0.0,0.0,0.0,0.0,0.0,0.0,0.0,0.0,0.0,0.0,0.0,0.0,0.0,0.0,0.0,0.0,0.0,0.0,0.0,0.0,0.0,0.0,0.0,0.0,0.0,0.0,0.0,0.0,0.0,0.0,0.0,0.0,0.0,0.0,0.0,0.0,0.0,0.0,0.0,0.0,0.0,0.0,0.0,0.0,0.0,0.0,0.0,0.0,0.0,0.0,0.0,0.0,0.0,0.0,0.0,0.0,0.0,0.0,0.0,0.0,0.0,0.0,0.0,0.0,0.0,0.0,0.0,0.0,0.0,0.0,0.0,0.0,0.0,0.0,0.0,0.0,0.0,0.0,0.0,0.0,0.0,0.0,0.0,0.0,0.0,0.0,0.0,0.0,0.0,0.0,0.0,0.0,0.0,0.0,0.0,0.0,0.0,0.0,0.0,0.0,0.0,0.0,0.0,0.0,0.0,0.0,0.0,0.0,0.0,0.0,0.0,0.0,0.0,0.0,0.0,0.0,0.0,0.0,0.0,0.0,0.0,0.0,0.0,0.0,0.0,0.0,0.0,0.0,0.0,0.0,0.0,0.0,0.0,0.0,0.0,0.0,0.0,0.0,0.0,0.0,0.0,0.0,0.0,0.0,0.0,0.0,0.0,0.0,0.0,0.0,0.0,0.0,0.0,0.0,0.0,0.0,0.0,0.0,0.0,0.0,0.0,0.0,0.0,0.0,0.0,0.0,0.0,0.0,0.0,0.0,0.0,0.0,0.0,0.0,0.0,0.0,0.0,0.0,0.0,0.0,0.0,0.0,0.0,0.0,0.0,0.0,0.0,0.0,0.0,0.0,0.0,0.0,0.0,0.0,0.0,0.0,0.0,0.0,0.0,0.0,0.0,0.0,0.0,0.0,0.0,0.0,0.0,0.0,0.0,0.0,0.0,0.0,0.0,0.0,0.0,0.0,0.0,0.0,0.0,0.0,0.0,0.0,0.0,0.0,0.0,0.0,0.0,0.0,0.0,0.0,0.0,0.0,0.0,0.0,0.0,0.0,0.0,0.0,0.0,0.0,0.0,0.0,0.0,0.0,0.0,0.0,0.0,0.0,0.0,0.0,0.0,0.0,0.0,0.0,0.0,0.0,0.0,0.0,0.0,0.0,0.0,0.0,0.0,0.0,0.0,0.0,0.0,0.0,0.0,0.0,0.0,0.0,0.0,0.0,0.0,0.0,0.0,0.0,0.0,0.0,0.0,0.0,0.0,0.0,0.0,0.0,0.0,0.0,0.0,0.0,0.0,0.0,0.0,0.0,0.0,0.0,0.0,0.0,0.0,0.0,0.0,0.0,0.0,0.0,0.0,0.0,0.0,0.0,0.0,0.0,0.0,0.0,0.0,0.0,0.0,0.0,0.0,0.0,0.0,0.0,0.0,0.0,0.0,0.0,0.0,0.0,0.0,0.0,0.0,0.0,0.0,0.0,0.0,0.0,0.0,0.0,0.0,0.0,0.0,0.0,0.0,0.0,0.0,0.0,0.0,0.0,0.0,0.0,0.0,0.0,0.0,0.0,0.0,0.0,0.0,0.0,0.0,0.0,0.0,0.0,0.0,0.0,0.0,0.0,0.0,0.0
6018,0.0,0.0,0.0,0.0,0.0,0.0,0.0,0.0,0.0,0.0,0.0,0.0,0.0,0.0,0.0,0.0,0.0,0.0,0.0,0.0,0.0,0.0,0.0,0.0,0.0,0.0,0.0,0.0,0.0,0.0,0.0,0.0,0.0,0.0,0.0,0.0,0.0,0.0,0.0,0.0,0.0,0.0,0.0,0.0,0.0,0.0,0.0,0.0,0.0,0.0,0.0,0.0,0.0,0.0,0.0,0.0,0.0,0.0,0.0,0.0,0.0,0.0,0.0,0.0,0.0,0.0,0.0,0.0,0.0,0.0,0.0,0.0,0.0,0.0,0.0,0.0,0.0,0.0,0.0,0.0,0.0,0.0,0.0,0.0,0.0,0.0,0.0,0.0,0.0,0.0,0.0,0.0,0.0,0.0,0.0,0.0,0.0,0.0,0.0,0.0,0.0,0.0,0.0,0.0,0.0,0.0,0.0,0.0,0.0,0.0,0.0,0.0,0.0,0.0,0.0,0.0,0.0,0.0,0.0,0.0,0.0,0.0,0.0,0.0,0.0,0.0,0.0,0.0,0.0,0.0,0.0,0.0,0.0,0.0,0.0,0.0,0.0,0.0,0.0,0.0,0.0,0.0,0.0,0.0,0.0,0.0,0.0,0.0,0.0,0.0,0.0,0.0,0.0,0.0,0.0,0.0,0.0,0.0,0.0,0.0,0.0,0.0,0.0,0.0,0.0,0.0,0.0,0.0,0.0,0.0,0.0,0.0,0.0,0.0,0.0,0.0,0.0,0.0,0.0,0.0,0.0,0.0,0.0,0.0,0.0,0.0,0.0,0.0,0.0,0.0,0.0,0.0,0.0,0.0,0.0,0.0,0.0,0.0,0.0,0.0,0.0,0.0,0.0,0.0,0.0,0.0,0.0,0.0,0.0,0.0,0.0,0.0,0.0,0.0,0.0,0.0,0.0,0.0,0.0,0.0,0.0,0.0,0.0,0.0,0.0,0.0,0.0,0.0,0.0,0.0,0.0,0.0,0.0,0.0,0.0,0.0,0.0,0.0,0.0,0.0,0.0,0.0,0.0,0.0,0.0,0.0,0.0,0.0,0.0,0.0,0.0,0.0,0.0,0.0,0.0,0.0,0.0,0.0,0.0,0.0,0.0,0.0,0.0,0.0,0.0,0.0,0.0,0.0,0.0,0.0,0.0,0.0,0.0,0.0,0.0,0.0,0.0,0.0,0.0,0.0,0.0,0.0,0.0,0.0,0.0,0.0,0.0,0.0,0.0,0.0,0.0,0.0,0.0,0.0,0.0,0.0,0.0,0.0,0.0,0.0,0.0,0.0,0.0,0.0,0.0,0.0,0.0,0.0,0.0,0.0,0.0,0.0,0.0,0.0,0.0,0.0,0.0,0.0,0.0,0.0,0.0,0.0,0.0,0.0,0.0,0.0,0.0,0.0,0.0,0.0,0.0,0.0,0.0,0.0,0.0,0.0,0.0,0.0,0.0,0.0,0.0,0.0,0.0,0.0,0.0,0.0,0.0,0.0,0.0,0.0,0.0,0.0,0.0,0.0,0.0,0.0,0.0,0.0,0.0,0.0,0.0,0.0,0.0,0.0,0.0,0.0,0.0,0.0,0.0,0.0,0.0,0.0,0.0,0.0,0.0,0.0
6019,0.0,0.0,0.0,0.0,0.0,0.0,0.0,0.0,0.0,0.0,0.0,0.0,0.0,0.0,0.0,0.0,0.0,0.0,0.0,0.0,0.0,0.0,0.0,0.0,0.0,0.0,0.0,0.0,0.0,0.0,0.0,0.0,0.0,0.0,0.0,0.0,0.0,0.0,0.0,0.0,0.0,0.0,0.0,0.0,0.0,0.0,0.0,0.0,0.0,0.0,0.0,0.0,0.0,0.0,0.0,0.0,0.0,0.0,0.0,0.0,0.0,0.0,0.0,0.0,0.0,0.0,0.0,0.0,0.0,0.0,0.0,0.0,0.0,0.0,0.0,0.0,0.0,0.0,0.0,0.0,0.0,0.0,0.0,0.0,0.0,0.0,0.0,0.0,0.0,0.0,0.0,0.0,0.0,0.0,0.0,0.0,0.0,0.0,0.0,0.0,0.0,0.0,0.0,0.0,0.0,0.0,0.0,0.0,0.0,0.0,0.0,0.0,0.0,0.0,0.0,0.0,0.0,0.0,0.0,0.0,0.0,0.0,0.0,0.0,0.0,0.0,0.0,0.0,0.0,0.0,0.0,0.0,0.0,0.0,0.0,0.0,0.0,0.0,0.0,0.0,0.0,0.0,0.0,0.0,0.0,0.0,0.0,0.0,0.0,0.0,0.0,0.0,0.0,0.0,0.0,0.0,0.0,0.0,0.0,0.0,0.0,0.0,0.0,0.0,0.0,0.0,0.0,0.0,0.0,0.0,0.0,0.0,0.0,0.0,0.0,0.0,0.0,0.0,0.0,0.0,0.0,0.0,0.0,0.0,0.0,0.0,0.0,0.0,0.0,0.0,0.0,0.0,0.0,0.0,0.0,0.0,0.0,0.0,0.0,0.0,0.0,0.0,0.0,0.0,0.0,0.0,0.0,0.0,0.0,0.0,0.0,0.0,0.0,0.0,0.0,0.0,0.0,0.0,0.0,0.0,0.0,0.0,0.0,0.0,0.0,0.0,0.0,0.0,0.0,0.0,0.0,0.0,0.0,0.0,0.0,0.0,0.0,0.0,0.0,0.0,0.0,0.0,0.0,0.0,0.0,0.0,0.0,0.0,0.0,0.0,0.0,0.0,0.0,0.0,0.0,0.0,0.0,0.0,0.0,0.0,0.0,0.0,0.0,0.0,0.0,0.0,0.0,0.0,0.0,0.0,0.0,0.0,0.0,0.0,0.0,0.0,0.0,0.0,0.0,0.0,0.0,0.0,0.0,0.0,0.0,0.0,0.0,0.0,0.0,0.0,0.0,0.0,0.0,0.0,0.0,0.0,0.0,0.0,0.0,0.0,0.0,0.0,0.0,0.0,0.0,0.0,0.0,0.0,0.0,0.0,0.0,0.0,0.0,0.0,0.0,0.0,0.0,0.0,0.0,0.0,0.0,0.0,0.0,0.0,0.0,0.0,0.0,0.0,0.0,0.0,0.0,0.0,0.0,0.0,0.0,0.0,0.0,0.0,0.0,0.0,0.0,0.0,0.0,0.0,0.0,0.0,0.0,0.0,0.0,0.0,0.0,0.0,0.0,0.0,0.0,0.0,0.0,0.0,0.0,0.0,0.0,0.0,0.0,0.0,0.0,0.0,0.0,0.0,0.0,0.0,0.0,0.0,0.0,0.0,0.0,0.0
6020,0.0,0.0,0.0,0.0,0.0,0.0,0.0,0.0,0.0,0.0,0.0,0.0,0.0,0.0,0.0,0.0,0.0,0.0,0.0,0.0,0.0,0.0,0.0,0.0,0.0,0.0,0.0,0.0,0.0,0.0,0.0,0.0,0.0,0.0,0.0,0.0,0.0,0.0,0.0,0.0,0.0,0.0,0.0,0.0,0.0,0.0,0.0,0.0,0.0,0.0,0.0,0.0,0.0,0.0,0.0,0.0,0.0,0.0,0.0,0.0,0.0,0.0,0.0,0.0,0.0,0.0,0.0,0.0,0.0,0.0,0.0,0.0,0.0,0.0,0.0,0.0,0.0,0.0,0.0,0.0,0.0,0.0,0.0,0.0,0.0,0.0,0.0,0.0,0.0,0.0,0.0,0.0,0.0,0.0,0.0,0.0,0.0,0.0,0.0,0.0,0.0,0.0,0.0,0.0,0.0,0.0,0.0,0.0,0.0,0.0,0.0,0.0,0.0,0.0,0.0,0.0,0.0,0.0,0.0,0.0,0.0,0.0,0.0,0.0,0.0,0.0,0.0,0.0,0.0,0.0,0.0,0.0,0.0,0.0,0.0,0.0,0.0,0.0,0.0,0.0,0.0,0.0,0.0,0.0,0.0,0.0,0.0,0.0,0.0,0.0,0.0,0.0,0.0,0.0,0.0,0.0,0.0,0.0,0.0,0.0,0.0,0.0,0.0,0.0,0.0,0.0,0.0,0.0,0.0,0.0,0.0,0.0,0.0,0.0,0.0,0.0,0.0,0.0,0.0,0.0,0.0,0.0,0.0,0.0,0.0,0.0,0.0,0.0,0.0,0.0,0.0,0.0,0.0,0.0,0.0,0.0,0.0,0.0,0.0,0.0,0.0,0.0,0.0,0.0,0.0,0.0,0.0,0.0,0.0,0.0,0.0,0.0,0.0,0.0,0.0,0.0,0.0,0.0,0.0,0.0,0.0,0.0,0.0,0.0,0.0,0.0,0.0,0.0,0.0,0.0,0.0,0.0,0.0,0.0,0.0,0.0,0.0,0.0,0.0,0.0,0.0,0.0,0.0,0.0,0.0,0.0,0.0,0.0,0.0,0.0,0.0,0.0,0.0,0.0,0.0,0.0,0.0,0.0,0.0,0.0,0.0,0.0,0.0,0.0,0.0,0.0,0.0,0.0,0.0,0.0,0.0,0.0,0.0,0.0,0.0,0.0,0.0,0.0,0.0,0.0,0.0,0.0,0.0,0.0,0.0,0.0,0.0,0.0,0.0,0.0,0.0,0.0,0.0,0.0,0.0,0.0,0.0,0.0,0.0,0.0,0.0,0.0,0.0,0.0,0.0,0.0,0.0,0.0,0.0,0.0,0.0,0.0,0.0,0.0,0.0,0.0,0.0,0.0,0.0,0.0,0.0,0.0,0.0,0.0,0.0,0.0,0.0,0.0,0.0,0.0,0.0,0.0,0.0,0.0,0.0,0.0,0.0,0.0,0.0,0.0,0.0,0.0,0.0,0.0,0.0,0.0,0.0,0.0,0.0,0.0,0.0,0.0,0.0,0.0,0.0,0.0,0.0,0.0,0.0,0.0,0.0,0.0,0.0,0.0,0.0,0.0,0.0,0.0,0.0,0.0,0.0,0.0,0.0,0.0,0.0,0.0
6021,0.0,0.0,0.0,0.0,0.0,0.0,0.0,0.0,0.0,0.0,0.0,0.0,0.0,0.0,0.0,0.0,0.0,0.0,0.0,0.0,0.0,0.0,0.0,0.0,0.0,0.0,0.0,0.0,0.0,0.0,0.0,0.0,0.0,0.0,0.0,0.0,0.0,0.0,0.0,0.0,0.0,0.0,0.0,0.0,0.0,0.0,0.0,0.0,0.0,0.0,0.0,0.0,0.0,0.0,0.0,0.0,0.0,0.0,0.0,0.0,0.0,0.0,0.0,0.0,0.0,0.0,0.0,0.0,0.0,0.0,0.0,0.0,0.0,0.0,0.0,0.0,0.0,0.0,0.0,0.0,0.0,0.0,0.0,0.0,0.0,0.0,0.0,0.0,0.0,0.0,0.0,0.0,0.0,0.0,0.0,0.0,0.0,0.0,0.0,0.0,0.0,0.0,0.0,0.0,0.0,0.0,0.0,0.0,0.0,0.0,0.0,0.0,0.0,0.0,0.0,0.0,0.0,0.0,0.0,0.0,0.0,0.0,0.0,0.0,0.0,0.0,0.0,0.0,0.0,0.0,0.0,0.0,0.0,0.0,0.0,0.0,0.0,0.0,0.0,0.0,0.0,0.0,0.0,0.0,0.0,0.0,0.0,0.0,0.0,0.0,0.0,0.0,0.0,0.0,0.0,0.0,0.0,0.0,0.0,0.0,0.0,0.0,0.0,0.0,0.0,0.0,0.0,0.0,0.0,0.0,0.0,0.0,0.0,0.0,0.0,0.0,0.0,0.0,0.0,0.0,0.0,0.0,0.0,0.0,0.0,0.0,0.0,0.0,0.0,0.0,0.0,0.0,0.0,0.0,0.0,0.0,0.0,0.0,0.0,0.0,0.0,0.0,0.0,0.0,0.0,0.0,0.0,0.0,0.0,0.0,0.0,0.0,0.0,0.0,0.0,0.0,0.0,0.0,0.0,0.0,0.0,0.0,0.0,0.0,0.0,0.0,0.0,0.0,0.0,0.0,0.0,0.0,0.0,0.0,0.0,0.0,0.0,0.0,0.0,0.0,0.0,0.0,0.0,0.0,0.0,0.0,0.0,0.0,0.0,0.0,0.0,0.0,0.0,0.0,0.0,0.0,0.0,0.0,0.0,0.0,0.0,0.0,0.0,0.0,0.0,0.0,0.0,0.0,0.0,0.0,0.0,0.0,0.0,0.0,0.0,0.0,0.0,0.0,0.0,0.0,0.0,0.0,0.0,0.0,0.0,0.0,0.0,0.0,0.0,0.0,0.0,0.0,0.0,0.0,0.0,0.0,0.0,0.0,0.0,0.0,0.0,0.0,0.0,0.0,0.0,0.0,0.0,0.0,0.0,0.0,0.0,0.0,0.0,0.0,0.0,0.0,0.0,0.0,0.0,0.0,0.0,0.0,0.0,0.0,0.0,0.0,0.0,0.0,0.0,0.0,0.0,0.0,0.0,0.0,0.0,0.0,0.0,0.0,0.0,0.0,0.0,0.0,0.0,0.0,0.0,0.0,0.0,0.0,0.0,0.0,0.0,0.0,0.0,0.0,0.0,0.0,0.0,0.0,0.0,0.0,0.0,0.0,0.0,0.0,0.0,0.0,0.0,0.0,0.0,0.0,0.0,0.0,0.0,0.0,0.0,0.0
6022,0.0,0.0,0.0,0.0,0.0,0.0,0.0,0.0,0.0,0.0,0.0,0.0,0.0,0.0,0.0,0.0,0.0,0.0,0.0,0.0,0.0,0.0,0.0,0.0,0.0,0.0,0.0,0.0,0.0,0.0,0.0,0.0,0.0,0.0,0.0,0.0,0.0,0.0,0.0,0.0,0.0,0.0,0.0,0.0,0.0,0.0,0.0,0.0,0.0,0.0,0.0,0.0,0.0,0.0,0.0,0.0,0.0,0.0,0.0,0.0,0.0,0.0,0.0,0.0,0.0,0.0,0.0,0.0,0.0,0.0,0.0,0.0,0.0,0.0,0.0,0.0,0.0,0.0,0.0,0.0,0.0,0.0,0.0,0.0,0.0,0.0,0.0,0.0,0.0,0.0,0.0,0.0,0.0,0.0,0.0,0.0,0.0,0.0,0.0,0.0,0.0,0.0,0.0,0.0,0.0,0.0,0.0,0.0,0.0,0.0,0.0,0.0,0.0,0.0,0.0,0.0,0.0,0.0,0.0,0.0,0.0,0.0,0.0,0.0,0.0,0.0,0.0,0.0,0.0,0.0,0.0,0.0,0.0,0.0,0.0,0.0,0.0,0.0,0.0,0.0,0.0,0.0,0.0,0.0,0.0,0.0,0.0,0.0,0.0,0.0,0.0,0.0,0.0,0.0,0.0,0.0,0.0,0.0,0.0,0.0,0.0,0.0,0.0,0.0,0.0,0.0,0.0,0.0,0.0,0.0,0.0,0.0,0.0,0.0,0.0,0.0,0.0,0.0,0.0,0.0,0.0,0.0,0.0,0.0,0.0,0.0,0.0,0.0,0.0,0.0,0.0,0.0,0.0,0.0,0.0,0.0,0.0,0.0,0.0,0.0,0.0,0.0,0.0,0.0,0.0,0.0,0.0,0.0,0.0,0.0,0.0,0.0,0.0,0.0,0.0,0.0,0.0,0.0,0.0,0.0,0.0,0.0,0.0,0.0,0.0,0.0,0.0,0.0,0.0,0.0,0.0,0.0,0.0,0.0,0.0,0.0,0.0,0.0,0.0,0.0,0.0,0.0,0.0,0.0,0.0,0.0,0.0,0.0,0.0,0.0,0.0,0.0,0.0,0.0,0.0,0.0,0.0,0.0,0.0,0.0,0.0,0.0,0.0,0.0,0.0,0.0,0.0,0.0,0.0,0.0,0.0,0.0,0.0,0.0,0.0,0.0,0.0,0.0,0.0,0.0,0.0,0.0,0.0,0.0,0.0,0.0,0.0,0.0,0.0,0.0,0.0,0.0,0.0,0.0,0.0,0.0,0.0,0.0,0.0,0.0,0.0,0.0,0.0,0.0,0.0,0.0,0.0,0.0,0.0,0.0,0.0,0.0,0.0,0.0,0.0,0.0,0.0,0.0,0.0,0.0,0.0,0.0,0.0,0.0,0.0,0.0,0.0,0.0,0.0,0.0,0.0,0.0,0.0,0.0,0.0,0.0,0.0,0.0,0.0,0.0,0.0,0.0,0.0,0.0,0.0,0.0,0.0,0.0,0.0,0.0,0.0,0.0,0.0,0.0,0.0,0.0,0.0,0.0,0.0,0.0,0.0,0.0,0.0,0.0,0.0,0.0,0.0,0.0,0.0,0.0,0.0,0.0,0.0,0.0,0.0,0.0
6023,0.0,0.0,0.0,0.0,0.0,0.0,0.0,0.0,0.0,0.0,0.0,0.0,0.0,0.0,0.0,0.0,0.0,0.0,0.0,0.0,0.0,0.0,0.0,0.0,0.0,0.0,0.0,0.0,0.0,0.0,0.0,0.0,0.0,0.0,0.0,0.0,0.0,0.0,0.0,0.0,0.0,0.0,0.0,0.0,0.0,0.0,0.0,0.0,0.0,0.0,0.0,0.0,0.0,0.0,0.0,0.0,0.0,0.0,0.0,0.0,0.0,0.0,0.0,0.0,0.0,0.0,0.0,0.0,0.0,0.0,0.0,0.0,0.0,0.0,0.0,0.0,0.0,0.0,0.0,0.0,0.0,0.0,0.0,0.0,0.0,0.0,0.0,0.0,0.0,0.0,0.0,0.0,0.0,0.0,0.0,0.0,0.0,0.0,0.0,0.0,0.0,0.0,0.0,0.0,0.0,0.0,0.0,0.0,0.0,0.0,0.0,0.0,0.0,0.0,0.0,0.0,0.0,0.0,0.0,0.0,0.0,0.0,0.0,0.0,0.0,0.0,0.0,0.0,0.0,0.0,0.0,0.0,0.0,0.0,0.0,0.0,0.0,0.0,0.0,0.0,0.0,0.0,0.0,0.0,0.0,0.0,0.0,0.0,0.0,0.0,0.0,0.0,0.0,0.0,0.0,0.0,0.0,0.0,0.0,0.0,0.0,0.0,0.0,0.0,0.0,0.0,0.0,0.0,0.0,0.0,0.0,0.0,0.0,0.0,0.0,0.0,0.0,0.0,0.0,0.0,0.0,0.0,0.0,0.0,0.0,0.0,0.0,0.0,0.0,0.0,0.0,0.0,0.0,0.0,0.0,0.0,0.0,0.0,0.0,0.0,0.0,0.0,0.0,0.0,0.0,0.0,0.0,0.0,0.0,0.0,0.0,0.0,0.0,0.0,0.0,0.0,0.0,0.0,0.0,0.0,0.0,0.0,0.0,0.0,0.0,0.0,0.0,0.0,0.0,0.0,0.0,0.0,0.0,0.0,0.0,0.0,0.0,0.0,0.0,0.0,0.0,0.0,0.0,0.0,0.0,0.0,0.0,0.0,0.0,0.0,0.0,0.0,0.0,0.0,0.0,0.0,0.0,0.0,0.0,0.0,0.0,0.0,0.0,0.0,0.0,0.0,0.0,0.0,0.0,0.0,0.0,0.0,0.0,0.0,0.0,0.0,0.0,0.0,0.0,0.0,0.0,0.0,0.0,0.0,0.0,0.0,0.0,0.0,0.0,0.0,0.0,0.0,0.0,0.0,0.0,0.0,0.0,0.0,0.0,0.0,0.0,0.0,0.0,0.0,0.0,0.0,0.0,0.0,0.0,0.0,0.0,0.0,0.0,0.0,0.0,0.0,0.0,0.0,0.0,0.0,0.0,0.0,0.0,0.0,0.0,0.0,0.0,0.0,0.0,0.0,0.0,0.0,0.0,0.0,0.0,0.0,0.0,0.0,0.0,0.0,0.0,0.0,0.0,0.0,0.0,0.0,0.0,0.0,0.0,0.0,0.0,0.0,0.0,0.0,0.0,0.0,0.0,0.0,0.0,0.0,0.0,0.0,0.0,0.0,0.0,0.0,0.0,0.0,0.0,0.0,0.0,0.0,0.0,0.0,0.0,0.0
6024,0.0,0.0,0.0,0.0,0.0,0.0,0.0,0.0,0.0,0.0,0.0,0.0,0.0,0.0,0.0,0.0,0.0,0.0,0.0,0.0,0.0,0.0,0.0,0.0,0.0,0.0,0.0,0.0,0.0,0.0,0.0,0.0,0.0,0.0,0.0,0.0,0.0,0.0,0.0,0.0,0.0,0.0,0.0,0.0,0.0,0.0,0.0,0.0,0.0,0.0,0.0,0.0,0.0,0.0,0.0,0.0,0.0,0.0,0.0,0.0,0.0,0.0,0.0,0.0,0.0,0.0,0.0,0.0,0.0,0.0,0.0,0.0,0.0,0.0,0.0,0.0,0.0,0.0,0.0,0.0,0.0,0.0,0.0,0.0,0.0,0.0,0.0,0.0,0.0,0.0,0.0,0.0,0.0,0.0,0.0,0.0,0.0,0.0,0.0,0.0,0.0,0.0,0.0,0.0,0.0,0.0,0.0,0.0,0.0,0.0,0.0,0.0,0.0,0.0,0.0,0.0,0.0,0.0,0.0,0.0,0.0,0.0,0.0,0.0,0.0,0.0,0.0,0.0,0.0,0.0,0.0,0.0,0.0,0.0,0.0,0.0,0.0,0.0,0.0,0.0,0.0,0.0,0.0,0.0,0.0,0.0,0.0,0.0,0.0,0.0,0.0,0.0,0.0,0.0,0.0,0.0,0.0,0.0,0.0,0.0,0.0,0.0,0.0,0.0,0.0,0.0,0.0,0.0,0.0,0.0,0.0,0.0,0.0,0.0,0.0,0.0,0.0,0.0,0.0,0.0,0.0,0.0,0.0,0.0,0.0,0.0,0.0,0.0,0.0,0.0,0.0,0.0,0.0,0.0,0.0,0.0,0.0,0.0,0.0,0.0,0.0,0.0,0.0,0.0,0.0,0.0,0.0,0.0,0.0,0.0,0.0,0.0,0.0,0.0,0.0,0.0,0.0,0.0,0.0,0.0,0.0,0.0,0.0,0.0,0.0,0.0,0.0,0.0,0.0,0.0,0.0,0.0,0.0,0.0,0.0,0.0,0.0,0.0,0.0,0.0,0.0,0.0,0.0,0.0,0.0,0.0,0.0,0.0,0.0,0.0,0.0,0.0,0.0,0.0,0.0,0.0,0.0,0.0,0.0,0.0,0.0,0.0,0.0,0.0,0.0,0.0,0.0,0.0,0.0,0.0,0.0,0.0,0.0,0.0,0.0,0.0,0.0,0.0,0.0,0.0,0.0,0.0,0.0,0.0,0.0,0.0,0.0,0.0,0.0,0.0,0.0,0.0,0.0,0.0,0.0,0.0,0.0,0.0,0.0,0.0,0.0,0.0,0.0,0.0,0.0,0.0,0.0,0.0,0.0,0.0,0.0,0.0,0.0,0.0,0.0,0.0,0.0,0.0,0.0,0.0,0.0,0.0,0.0,0.0,0.0,0.0,0.0,0.0,0.0,0.0,0.0,0.0,0.0,0.0,0.0,0.0,0.0,0.0,0.0,0.0,0.0,0.0,0.0,0.0,0.0,0.0,0.0,0.0,0.0,0.0,0.0,0.0,0.0,0.0,0.0,0.0,0.0,0.0,0.0,0.0,0.0,0.0,0.0,0.0,0.0,0.0,0.0,0.0,0.0,0.0,0.0,0.0,0.0,0.0,0.0,0.0
6025,0.0,0.0,0.0,0.0,0.0,0.0,0.0,0.0,0.0,0.0,0.0,0.0,0.0,0.0,0.0,0.0,0.0,0.0,0.0,0.0,0.0,0.0,0.0,0.0,0.0,0.0,0.0,0.0,0.0,0.0,0.0,0.0,0.0,0.0,0.0,0.0,0.0,0.0,0.0,0.0,0.0,0.0,0.0,0.0,0.0,0.0,0.0,0.0,0.0,0.0,0.0,0.0,0.0,0.0,0.0,0.0,0.0,0.0,0.0,0.0,0.0,0.0,0.0,0.0,0.0,0.0,0.0,0.0,0.0,0.0,0.0,0.0,0.0,0.0,0.0,0.0,0.0,0.0,0.0,0.0,0.0,0.0,0.0,0.0,0.0,0.0,0.0,0.0,0.0,0.0,0.0,0.0,0.0,0.0,0.0,0.0,0.0,0.0,0.0,0.0,0.0,0.0,0.0,0.0,0.0,0.0,0.0,0.0,0.0,0.0,0.0,0.0,0.0,0.0,0.0,0.0,0.0,0.0,0.0,0.0,0.0,0.0,0.0,0.0,0.0,0.0,0.0,0.0,0.0,0.0,0.0,0.0,0.0,0.0,0.0,0.0,0.0,0.0,0.0,0.0,0.0,0.0,0.0,0.0,0.0,0.0,0.0,0.0,0.0,0.0,0.0,0.0,0.0,0.0,0.0,0.0,0.0,0.0,0.0,0.0,0.0,0.0,0.0,0.0,0.0,0.0,0.0,0.0,0.0,0.0,0.0,0.0,0.0,0.0,0.0,0.0,0.0,0.0,0.0,0.0,0.0,0.0,0.0,0.0,0.0,0.0,0.0,0.0,0.0,0.0,0.0,0.0,0.0,0.0,0.0,0.0,0.0,0.0,0.0,0.0,0.0,0.0,0.0,0.0,0.0,0.0,0.0,0.0,0.0,0.0,0.0,0.0,0.0,0.0,0.0,0.0,0.0,0.0,0.0,0.0,0.0,0.0,0.0,0.0,0.0,0.0,0.0,0.0,0.0,0.0,0.0,0.0,0.0,0.0,0.0,0.0,0.0,0.0,0.0,0.0,0.0,0.0,0.0,0.0,0.0,0.0,0.0,0.0,0.0,0.0,0.0,0.0,0.0,0.0,0.0,0.0,0.0,0.0,0.0,0.0,0.0,0.0,0.0,0.0,0.0,0.0,0.0,0.0,0.0,0.0,0.0,0.0,0.0,0.0,0.0,0.0,0.0,0.0,0.0,0.0,0.0,0.0,0.0,0.0,0.0,0.0,0.0,0.0,0.0,0.0,0.0,0.0,0.0,0.0,0.0,0.0,0.0,0.0,0.0,0.0,0.0,0.0,0.0,0.0,0.0,0.0,0.0,0.0,0.0,0.0,0.0,0.0,0.0,0.0,0.0,0.0,0.0,0.0,0.0,0.0,0.0,0.0,0.0,0.0,0.0,0.0,0.0,0.0,0.0,0.0,0.0,0.0,0.0,0.0,0.0,0.0,0.0,0.0,0.0,0.0,0.0,0.0,0.0,0.0,0.0,0.0,0.0,0.0,0.0,0.0,0.0,0.0,0.0,0.0,0.0,0.0,0.0,0.0,0.0,0.0,0.0,0.0,0.0,0.0,0.0,0.0,0.0,0.0,0.0,0.0,0.0,0.0,0.0,0.0,0.0,0.0
6026,0.0,0.0,0.0,0.0,0.0,0.0,0.0,0.0,0.0,0.0,0.0,0.0,0.0,0.0,0.0,0.0,0.0,0.0,0.0,0.0,0.0,0.0,0.0,0.0,0.0,0.0,0.0,0.0,0.0,0.0,0.0,0.0,0.0,0.0,0.0,0.0,0.0,0.0,0.0,0.0,0.0,0.0,0.0,0.0,0.0,0.0,0.0,0.0,0.0,0.0,0.0,0.0,0.0,0.0,0.0,0.0,0.0,0.0,0.0,0.0,0.0,0.0,0.0,0.0,0.0,0.0,0.0,0.0,0.0,0.0,0.0,0.0,0.0,0.0,0.0,0.0,0.0,0.0,0.0,0.0,0.0,0.0,0.0,0.0,0.0,0.0,0.0,0.0,0.0,0.0,0.0,0.0,0.0,0.0,0.0,0.0,0.0,0.0,0.0,0.0,0.0,0.0,0.0,0.0,0.0,0.0,0.0,0.0,0.0,0.0,0.0,0.0,0.0,0.0,0.0,0.0,0.0,0.0,0.0,0.0,0.0,0.0,0.0,0.0,0.0,0.0,0.0,0.0,0.0,0.0,0.0,0.0,0.0,0.0,0.0,0.0,0.0,0.0,0.0,0.0,0.0,0.0,0.0,0.0,0.0,0.0,0.0,0.0,0.0,0.0,0.0,0.0,0.0,0.0,0.0,0.0,0.0,0.0,0.0,0.0,0.0,0.0,0.0,0.0,0.0,0.0,0.0,0.0,0.0,0.0,0.0,0.0,0.0,0.0,0.0,0.0,0.0,0.0,0.0,0.0,0.0,0.0,0.0,0.0,0.0,0.0,0.0,0.0,0.0,0.0,0.0,0.0,0.0,0.0,0.0,0.0,0.0,0.0,0.0,0.0,0.0,0.0,0.0,0.0,0.0,0.0,0.0,0.0,0.0,0.0,0.0,0.0,0.0,0.0,0.0,0.0,0.0,0.0,0.0,0.0,0.0,0.0,0.0,0.0,0.0,0.0,0.0,0.0,0.0,0.0,0.0,0.0,0.0,0.0,0.0,0.0,0.0,0.0,0.0,0.0,0.0,0.0,0.0,0.0,0.0,0.0,0.0,0.0,0.0,0.0,0.0,0.0,0.0,0.0,0.0,0.0,0.0,0.0,0.0,0.0,0.0,0.0,0.0,0.0,0.0,0.0,0.0,0.0,0.0,0.0,0.0,0.0,0.0,0.0,0.0,0.0,0.0,0.0,0.0,0.0,0.0,0.0,0.0,0.0,0.0,0.0,0.0,0.0,0.0,0.0,0.0,0.0,0.0,0.0,0.0,0.0,0.0,0.0,0.0,0.0,0.0,0.0,0.0,0.0,0.0,0.0,0.0,0.0,0.0,0.0,0.0,0.0,0.0,0.0,0.0,0.0,0.0,0.0,0.0,0.0,0.0,0.0,0.0,0.0,0.0,0.0,0.0,0.0,0.0,0.0,0.0,0.0,0.0,0.0,0.0,0.0,0.0,0.0,0.0,0.0,0.0,0.0,0.0,0.0,0.0,0.0,0.0,0.0,0.0,0.0,0.0,0.0,0.0,0.0,0.0,0.0,0.0,0.0,0.0,0.0,0.0,0.0,0.0,0.0,0.0,0.0,0.0,0.0,0.0,0.0,0.0,0.0,0.0,0.0,0.0,0.0
6027,0.0,0.0,0.0,0.0,0.0,0.0,0.0,0.0,0.0,0.0,0.0,0.0,0.0,0.0,0.0,0.0,0.0,0.0,0.0,0.0,0.0,0.0,0.0,0.0,0.0,0.0,0.0,0.0,0.0,0.0,0.0,0.0,0.0,0.0,0.0,0.0,0.0,0.0,0.0,0.0,0.0,0.0,0.0,0.0,0.0,0.0,0.0,0.0,0.0,0.0,0.0,0.0,0.0,0.0,0.0,0.0,0.0,0.0,0.0,0.0,0.0,0.0,0.0,0.0,0.0,0.0,0.0,0.0,0.0,0.0,0.0,0.0,0.0,0.0,0.0,0.0,0.0,0.0,0.0,0.0,0.0,0.0,0.0,0.0,0.0,0.0,0.0,0.0,0.0,0.0,0.0,0.0,0.0,0.0,0.0,0.0,0.0,0.0,0.0,0.0,0.0,0.0,0.0,0.0,0.0,0.0,0.0,0.0,0.0,0.0,0.0,0.0,0.0,0.0,0.0,0.0,0.0,0.0,0.0,0.0,0.0,0.0,0.0,0.0,0.0,0.0,0.0,0.0,0.0,0.0,0.0,0.0,0.0,0.0,0.0,0.0,0.0,0.0,0.0,0.0,0.0,0.0,0.0,0.0,0.0,0.0,0.0,0.0,0.0,0.0,0.0,0.0,0.0,0.0,0.0,0.0,0.0,0.0,0.0,0.0,0.0,0.0,0.0,0.0,0.0,0.0,0.0,0.0,0.0,0.0,0.0,0.0,0.0,0.0,0.0,0.0,0.0,0.0,0.0,0.0,0.0,0.0,0.0,0.0,0.0,0.0,0.0,0.0,0.0,0.0,0.0,0.0,0.0,0.0,0.0,0.0,0.0,0.0,0.0,0.0,0.0,0.0,0.0,0.0,0.0,0.0,0.0,0.0,0.0,0.0,0.0,0.0,0.0,0.0,0.0,0.0,0.0,0.0,0.0,0.0,0.0,0.0,0.0,0.0,0.0,0.0,0.0,0.0,0.0,0.0,0.0,0.0,0.0,0.0,0.0,0.0,0.0,0.0,0.0,0.0,0.0,0.0,0.0,0.0,0.0,0.0,0.0,0.0,0.0,0.0,0.0,0.0,0.0,0.0,0.0,0.0,0.0,0.0,0.0,0.0,0.0,0.0,0.0,0.0,0.0,0.0,0.0,0.0,0.0,0.0,0.0,0.0,0.0,0.0,0.0,0.0,0.0,0.0,0.0,0.0,0.0,0.0,0.0,0.0,0.0,0.0,0.0,0.0,0.0,0.0,0.0,0.0,0.0,0.0,0.0,0.0,0.0,0.0,0.0,0.0,0.0,0.0,0.0,0.0,0.0,0.0,0.0,0.0,0.0,0.0,0.0,0.0,0.0,0.0,0.0,0.0,0.0,0.0,0.0,0.0,0.0,0.0,0.0,0.0,0.0,0.0,0.0,0.0,0.0,0.0,0.0,0.0,0.0,0.0,0.0,0.0,0.0,0.0,0.0,0.0,0.0,0.0,0.0,0.0,0.0,0.0,0.0,0.0,0.0,0.0,0.0,0.0,0.0,0.0,0.0,0.0,0.0,0.0,0.0,0.0,0.0,0.0,0.0,0.0,0.0,0.0,0.0,0.0,0.0,0.0,0.0,0.0,0.0,0.0,0.0,0.0
6028,0.0,0.0,0.0,0.0,0.0,0.0,0.0,0.0,0.0,0.0,0.0,0.0,0.0,0.0,0.0,0.0,0.0,0.0,0.0,0.0,0.0,0.0,0.0,0.0,0.0,0.0,0.0,0.0,0.0,0.0,0.0,0.0,0.0,0.0,0.0,0.0,0.0,0.0,0.0,0.0,0.0,0.0,0.0,0.0,0.0,0.0,0.0,0.0,0.0,0.0,0.0,0.0,0.0,0.0,0.0,0.0,0.0,0.0,0.0,0.0,0.0,0.0,0.0,0.0,0.0,0.0,0.0,0.0,0.0,0.0,0.0,0.0,0.0,0.0,0.0,0.0,0.0,0.0,0.0,0.0,0.0,0.0,0.0,0.0,0.0,0.0,0.0,0.0,0.0,0.0,0.0,0.0,0.0,0.0,0.0,0.0,0.0,0.0,0.0,0.0,0.0,0.0,0.0,0.0,0.0,0.0,0.0,0.0,0.0,0.0,0.0,0.0,0.0,0.0,0.0,0.0,0.0,0.0,0.0,0.0,0.0,0.0,0.0,0.0,0.0,0.0,0.0,0.0,0.0,0.0,0.0,0.0,0.0,0.0,0.0,0.0,0.0,0.0,0.0,0.0,0.0,0.0,0.0,0.0,0.0,0.0,0.0,0.0,0.0,0.0,0.0,0.0,0.0,0.0,0.0,0.0,0.0,0.0,0.0,0.0,0.0,0.0,0.0,0.0,0.0,0.0,0.0,0.0,0.0,0.0,0.0,0.0,0.0,0.0,0.0,0.0,0.0,0.0,0.0,0.0,0.0,0.0,0.0,0.0,0.0,0.0,0.0,0.0,0.0,0.0,0.0,0.0,0.0,0.0,0.0,0.0,0.0,0.0,0.0,0.0,0.0,0.0,0.0,0.0,0.0,0.0,0.0,0.0,0.0,0.0,0.0,0.0,0.0,0.0,0.0,0.0,0.0,0.0,0.0,0.0,0.0,0.0,0.0,0.0,0.0,0.0,0.0,0.0,0.0,0.0,0.0,0.0,0.0,0.0,0.0,0.0,0.0,0.0,0.0,0.0,0.0,0.0,0.0,0.0,0.0,0.0,0.0,0.0,0.0,0.0,0.0,0.0,0.0,0.0,0.0,0.0,0.0,0.0,0.0,0.0,0.0,0.0,0.0,0.0,0.0,0.0,0.0,0.0,0.0,0.0,0.0,0.0,0.0,0.0,0.0,0.0,0.0,0.0,0.0,0.0,0.0,0.0,0.0,0.0,0.0,0.0,0.0,0.0,0.0,0.0,0.0,0.0,0.0,0.0,0.0,0.0,0.0,0.0,0.0,0.0,0.0,0.0,0.0,0.0,0.0,0.0,0.0,0.0,0.0,0.0,0.0,0.0,0.0,0.0,0.0,0.0,0.0,0.0,0.0,0.0,0.0,0.0,0.0,0.0,0.0,0.0,0.0,0.0,0.0,0.0,0.0,0.0,0.0,0.0,0.0,0.0,0.0,0.0,0.0,0.0,0.0,0.0,0.0,0.0,0.0,0.0,0.0,0.0,0.0,0.0,0.0,0.0,0.0,0.0,0.0,0.0,0.0,0.0,0.0,0.0,0.0,0.0,0.0,0.0,0.0,0.0,0.0,0.0,0.0,0.0,0.0,0.0,0.0,0.0,0.0,0.0
6029,0.0,0.0,0.0,0.0,0.0,0.0,0.0,0.0,0.0,0.0,0.0,0.0,0.0,0.0,0.0,0.0,0.0,0.0,0.0,0.0,0.0,0.0,0.0,0.0,0.0,0.0,0.0,0.0,0.0,0.0,0.0,0.0,0.0,0.0,0.0,0.0,0.0,0.0,0.0,0.0,0.0,0.0,0.0,0.0,0.0,0.0,0.0,0.0,0.0,0.0,0.0,0.0,0.0,0.0,0.0,0.0,0.0,0.0,0.0,0.0,0.0,0.0,0.0,0.0,0.0,0.0,0.0,0.0,0.0,0.0,0.0,0.0,0.0,0.0,0.0,0.0,0.0,0.0,0.0,0.0,0.0,0.0,0.0,0.0,0.0,0.0,0.0,0.0,0.0,0.0,0.0,0.0,0.0,0.0,0.0,0.0,0.0,0.0,0.0,0.0,0.0,0.0,0.0,0.0,0.0,0.0,0.0,0.0,0.0,0.0,0.0,0.0,0.0,0.0,0.0,0.0,0.0,0.0,0.0,0.0,0.0,0.0,0.0,0.0,0.0,0.0,0.0,0.0,0.0,0.0,0.0,0.0,0.0,0.0,0.0,0.0,0.0,0.0,0.0,0.0,0.0,0.0,0.0,0.0,0.0,0.0,0.0,0.0,0.0,0.0,0.0,0.0,0.0,0.0,0.0,0.0,0.0,0.0,0.0,0.0,0.0,0.0,0.0,0.0,0.0,0.0,0.0,0.0,0.0,0.0,0.0,0.0,0.0,0.0,0.0,0.0,0.0,0.0,0.0,0.0,0.0,0.0,0.0,0.0,0.0,0.0,0.0,0.0,0.0,0.0,0.0,0.0,0.0,0.0,0.0,0.0,0.0,0.0,0.0,0.0,0.0,0.0,0.0,0.0,0.0,0.0,0.0,0.0,0.0,0.0,0.0,0.0,0.0,0.0,0.0,0.0,0.0,0.0,0.0,0.0,0.0,0.0,0.0,0.0,0.0,0.0,0.0,0.0,0.0,0.0,0.0,0.0,0.0,0.0,0.0,0.0,0.0,0.0,0.0,0.0,0.0,0.0,0.0,0.0,0.0,0.0,0.0,0.0,0.0,0.0,0.0,0.0,0.0,0.0,0.0,0.0,0.0,0.0,0.0,0.0,0.0,0.0,0.0,0.0,0.0,0.0,0.0,0.0,0.0,0.0,0.0,0.0,0.0,0.0,0.0,0.0,0.0,0.0,0.0,0.0,0.0,0.0,0.0,0.0,0.0,0.0,0.0,0.0,0.0,0.0,0.0,0.0,0.0,0.0,0.0,0.0,0.0,0.0,0.0,0.0,0.0,0.0,0.0,0.0,0.0,0.0,0.0,0.0,0.0,0.0,0.0,0.0,0.0,0.0,0.0,0.0,0.0,0.0,0.0,0.0,0.0,0.0,0.0,0.0,0.0,0.0,0.0,0.0,0.0,0.0,0.0,0.0,0.0,0.0,0.0,0.0,0.0,0.0,0.0,0.0,0.0,0.0,0.0,0.0,0.0,0.0,0.0,0.0,0.0,0.0,0.0,0.0,0.0,0.0,0.0,0.0,0.0,0.0,0.0,0.0,0.0,0.0,0.0,0.0,0.0,0.0,0.0,0.0,0.0,0.0,0.0,0.0,0.0,0.0,0.0,0.0
